Type,Timestamp,Data Accelerometer X,Data Accelerometer Y,Data Accelerometer Z,Data Gyroscope X,Data Gyroscope Y,Data Gyroscope Z,Data Magnetometer X,Data Magnetometer Y,Data Magnetometer Z
imu,69.20205,-0.3313766512,-9.7606573904,1.486409708,-0.71767589,3.69308353,-2.23278421,,,
imu,69.21061,-0.3367600264,-9.7510869456,1.4786337216,-0.5756146,3.52859151,-2.36736859,,,
imu,69.219171,-0.3056560808,-9.738525736800002,1.4750448048,-0.52327623,3.60336061,-2.29259949,,,
imu,69.227731,-0.3116376088,-9.745105417600001,1.4858115552,-0.47841477,3.55849915,-2.41970696,,,
imu,69.236291,-0.3092449976000001,-9.746301723200002,1.4756429576,-0.31392275,3.3715764,-2.42718387,,,
imu,69.244851,-0.3068523864000001,-9.7504887928,1.4798300272,-0.18681528,3.23699202,-2.45709151,,,
imu,69.253411,-0.3247969704000001,-9.752881404000002,1.468465124,-0.19429219,3.09493073,-2.46456842,,,
imu,69.261971,-0.3206099008000001,-9.768433376800001,1.4666706656,-0.18681528,2.9229618,-2.64401426,,,
imu,69.270532,-0.3343674152,-9.766638918400002,1.4888023192,-0.19429219,2.75846978,-2.96552139,,,
imu,69.279092,-0.3283858872000001,-9.763050001600002,1.4876060136,-0.18681528,2.81080815,-3.03281358,,,
imu,69.287652,-0.331974804,-9.745703570400002,1.4882041664,-0.29896893,2.75099287,-3.20478251,,,
imu,69.296212,-0.334965568,-9.746301723200002,1.489400472,-0.32139966,2.60893158,-3.20478251,,,
imu,69.304772,-0.3457323184,-9.7606573904,1.4929893888,-0.24663056,2.58650085,-3.26459779,,,
imu,69.313333,-0.3271895816000001,-9.752283251200002,1.4905967776,-0.40364567,2.55659321,-3.45899745,,,
imu,69.321893,-0.3236006648,-9.749890640000002,1.5097376672,-0.60552224,2.56407012,-3.66087402,,,
imu,69.330453,-0.323002512,-9.755872168000002,1.516317348,-0.44103022,2.3995781,-3.69825857,,,
imu,69.339013,-0.3241988176,-9.8061170032,1.4858115552,-0.51579932,2.16779389,-3.78798149,,,
imu,69.347573,-0.3206099008000001,-9.842604324000002,1.5031579864,-0.73262971,2.09302479,-3.75807385,,,
imu,69.35598,-0.3056560808,-9.80970592,1.5169155008,-1.03170611,1.89114822,-3.69825857,,,
imu,69.364386,-0.323002512,-9.819276364800002,1.5181118064,-1.00179847,1.73413311,-3.60853565,,,
imu,69.372792,-0.3355637208,-9.803724392000001,1.5115321256,-1.20367504,1.6518871,-3.21973633,,,
imu,69.381199,-0.3457323184,-9.797144711200001,1.4941856944,-1.27096723,1.71917929,-2.75616791,,,
imu,69.389605,-0.3630787496,-9.745703570400002,1.4947838472,-1.18872122,1.92105586,-2.41223005,,,
imu,69.398011,-0.3594898328000001,-9.718188541600002,1.4888023192,-1.00927538,1.8014253,-2.56176825,,,
imu,69.406418,-0.3559009160000001,-9.701440263200002,1.4858115552,-0.9644139199999999,1.85376367,-2.65149117,,,
imu,69.414824,-0.3714528888,-9.662560331200002,1.4816244856,-0.61299915,1.9509635,-2.58419898,,,
imu,69.42323,-0.367863972,-9.6470083584,1.4965783056,-0.36626112,2.15284007,-2.63653735,,,
imu,69.431636,-0.3672658192000001,-9.6667474008,1.486409708,0.01506129,2.43696265,-2.44213769,,,
imu,69.440043,-0.3702565832000001,-9.672130776000001,1.4905967776,0.27675314,2.50425484,-2.55429134,,,
imu,69.448449,-0.3726491944000001,-9.6846919848,1.48042818,0.63564482,2.70613141,-2.56176825,,,
imu,69.456855,-0.3541064576,-9.696655040800001,1.4959801528,0.8749059399999999,2.85566961,-2.77859864,,,
imu,69.465262,-0.3373581792000001,-9.723571916800001,1.4882041664,1.17398234,3.02016163,-2.88327538,,,
imu,69.473668,-0.3247969704000001,-9.743310959200002,1.5031579864,1.24875144,3.15474601,-2.84589083,,,
imu,69.482074,-0.3206099008000001,-9.761853696000001,1.522298876,1.27865908,3.2220382,-3.01038285,,,
imu,69.490481,-0.3026653168,-9.786377960800001,1.519308112,1.24875144,3.08745382,-3.1225365,,,
imu,69.498887,-0.290104108,-9.791761336000002,1.5091395144,1.24875144,3.01268472,-3.23469015,,,
imu,69.507293,-0.2829262744000001,-9.803724392000001,1.516317348,0.9197674,2.78837742,-3.50385891,,,
imu,69.5157,-0.2805336632,-9.805518850400002,1.51033582,0.76275229,2.6986545,-3.51133582,,,
imu,69.524106,-0.275150288,-9.801929933600002,1.4977746112,0.6132140899999999,2.52668557,-3.40665908,,,
imu,69.532512,-0.2727576768,-9.7959484056,1.4959801528,0.53096808,2.29490136,-3.21973633,,,
imu,69.540919,-0.2667761488000001,-9.800135475200001,1.4888023192,0.34404533,2.19022462,-2.96552139,,,
imu,69.549325,-0.275150288,-9.7953502528,1.477437416,0.28423005,2.04816333,-2.83093701,,,
imu,69.558101,-0.2913004136,-9.780396432800002,1.483418944,0.22441477,1.86871749,-2.83841392,,,
imu,69.566877,-0.2859170384,-9.7714241408,1.4798300272,0.18703022,1.68927165,-2.77859864,,,
imu,69.575652,-0.3104413032000001,-9.777405668800002,1.4828207912,0.32909151,1.58459491,-2.76364482,,,
imu,69.584428,-0.3128339144,-9.765442612800001,1.4840170968,0.53096808,1.4275798,-2.76364482,,,
imu,69.593204,-0.3289840400000001,-9.745703570400002,1.486409708,0.38142988,1.39019525,-2.91318302,,,
imu,69.60198,-0.3164228312,-9.783387196800001,1.501363528,0.42629134,1.36776452,-3.21225942,,,
imu,69.610756,-0.3236006648,-9.803126239200001,1.5145228896,0.66555246,1.41262598,-3.42908981,,,
imu,69.619531,-0.3122357616,-9.789368724800001,1.5115321256,0.58330645,1.39767216,-3.44404363,,,
imu,69.628307,-0.3259932760000001,-9.760059237600002,1.5139247368,0.28423005,1.30794924,-3.46647436,,,
imu,69.637083,-0.3176191368,-9.755274015200001,1.5181118064,0.3889067899999999,1.60702564,-3.39918217,,,
imu,69.645859,-0.3331711096,-9.7959484056,1.5205044176,0.38142988,1.70422547,-3.17487487,,,
imu,69.654634,-0.3301803456000001,-9.783985349600002,1.51033582,0.27675314,1.93600968,-3.08515195,,,
imu,69.66341,-0.3176191368,-9.7606573904,1.5091395144,0.01506129,1.9509635,-3.18235178,,,
imu,69.672186,-0.305057928,-9.746301723200002,1.4977746112,0.11973803,2.14536316,-3.15992105,,,
imu,69.680962,-0.3026653168,-9.709216249600003,1.4690632768,0.35899915,2.06311715,-3.15244414,,,
imu,69.689738,-0.305057928,-9.6942624296,1.4553057624,0.38142988,1.92853277,-3.46647436,,,
imu,69.698513,-0.2996745528,-9.697253193600002,1.471455888,0.45619898,1.74161002,-3.66835093,,,
imu,69.707289,-0.3128339144,-9.6912716656,1.4636799016,0.65059864,1.71170238,-3.99733497,,,
imu,69.716065,-0.3122357616,-9.7074217912,1.4720540408,0.70293701,1.56216418,-4.19921154,,,
imu,69.724841,-0.3241988176,-9.723571916800001,1.4726521936,0.80761375,1.51730272,-4.17678081,,,
imu,69.733617,-0.3188154424,-9.746301723200002,1.4732503464,0.9197674,1.42010289,-3.95995042,,,
imu,69.742392,-0.3367600264,-9.7570684736,1.4750448048,1.07678251,1.48739508,-3.78798149,,,
imu,69.751168,-0.3385544848000001,-9.767835224,1.4726521936,1.22632071,1.7266562,-3.3468438,,,
imu,69.759639,-0.3385544848000001,-9.797742864000002,1.4738484992,1.06182869,1.59954873,-3.20478251,,,
imu,69.768111,-0.3391526376000001,-9.803126239200001,1.474446652,0.94219813,1.60702564,-3.08515195,,,
imu,69.776582,-0.3212080536,-9.803126239200001,1.4547076096,0.9646288599999999,1.81637912,-3.13001341,,,
imu,69.785053,-0.3511156936,-9.8049206976,1.4541094568,0.74779847,1.90610204,-3.1225365,,,
imu,69.793524,-0.34393786,-9.810902225600001,1.4571002208,0.65807555,2.0257326,-3.0477674,,,
imu,69.801995,-0.3421434016,-9.801929933600002,1.4433427064,0.8375213899999999,2.1752708,-3.01785976,,,
imu,69.810466,-0.3134320672,-9.798341016800002,1.4553057624,0.74779847,2.49677793,-3.07019813,,,
imu,69.818938,-0.3020671640000001,-9.790565030400002,1.4427445536,0.56835263,2.60893158,-3.04029049,,,
imu,69.827409,-0.2889078024000001,-9.786976113600002,1.4373611784,0.51601426,2.72108523,-2.93561375,,,
imu,69.83588,-0.2739539824000001,-9.800733628000001,1.4523149984,0.42629134,2.76594669,-2.95804448,,,
imu,69.844351,-0.2619909264,-9.797742864000002,1.4582965264,0.38142988,2.81828506,-3.14496723,,,
imu,69.852822,-0.2578038568000001,-9.793555794400001,1.4702595824,0.11226112,2.67622377,-3.32441307,,,
imu,69.861293,-0.2476352592,-9.7845835024,1.4708577352,-0.06718472,2.60893158,-3.39170526,,,
imu,69.869765,-0.2506260232,-9.7845835024,1.4708577352,-0.18681528,2.6238854,-3.39918217,,,
imu,69.878236,-0.2518223288000001,-9.786976113600002,1.459492832,-0.16438455,2.46687029,-3.3468438,,,
imu,69.886707,-0.2446444952,-9.769031529600001,1.46547436,-0.41112258,2.27994754,-3.50385891,,,
imu,69.895178,-0.2464389536,-9.764246307200002,1.462483596,-0.44850713,2.03320951,-3.80293531,,,
imu,69.903649,-0.2578038568000001,-9.76484446,1.468465124,-0.32139966,1.94348659,-3.91508896,,,
imu,69.91212,-0.2464389536,-9.7504887928,1.46547436,-0.20924601,1.84628676,-4.146873169999999,,,
imu,69.920592,-0.257205704,-9.745105417600001,1.4786337216,-0.20924601,1.74908693,-4.25902682,,,
imu,69.929063,-0.2709632184,-9.7331423616,1.4756429576,-0.19429219,1.69674856,-4.19921154,,,
imu,69.937534,-0.2829262744000001,-9.737927584000001,1.4762411104,-0.11204618,1.79394839,-4.02724261,,,
imu,69.946005,-0.2948893304,-9.744507264800001,1.4828207912,0.04496892999999999,1.81637912,-4.04219643,,,
imu,69.954476,-0.2895059552,-9.748096181600001,1.4840170968,0.12721494,1.94348659,-4.124442439999999,,,
imu,69.962942,-0.2930948720000001,-9.7403201952,1.4899986248,0.05992275,1.89862513,-4.341272829999999,,,
imu,69.971409,-0.2805336632,-9.739123889600002,1.492391236,0.09730729999999999,1.82385603,-4.37865738,,,
imu,69.979875,-0.287113344,-9.770825988000002,1.4959801528,0.21693786,1.79394839,-4.34874974,,,
imu,69.988341,-0.2895059552,-9.797144711200001,1.5025598336,0.2468455,1.60702564,-4.318842099999999,,,
imu,69.996807,-0.3056560808,-9.776807516000002,1.5121302784,0.1720764,1.40514907,-4.341272829999999,,,
imu,70.005273,-0.3170209840000001,-9.766638918400002,1.5228970288,0.03749201999999999,1.26308778,-4.56558013,,,
imu,70.013739,-0.323002512,-9.7953502528,1.528280404,-0.08961545,1.00887284,-4.79736434,,,
imu,70.022205,-0.3379563320000001,-9.800135475200001,1.5019616808,-0.2017691,0.7546578999999998,-4.87213344,,,
imu,70.030671,-0.3547046104000001,-9.782789044000001,1.5031579864,-0.21672292,0.7097964399999999,-4.89456417,,,
imu,70.039137,-0.3720510416,-9.762451848800001,1.5169155008,-0.37373803,0.6499811599999998,-4.74502597,,,
imu,70.047603,-0.3965753064,-9.7606573904,1.5217007232,-0.44850713,0.6724118899999998,-4.42351884,,,
imu,70.056069,-0.4085383624000001,-9.745105417600001,1.5079432088,-0.29149202,0.8518577299999999,-3.98238115,,,
imu,70.064535,-0.4330626272,-9.728955292000002,1.5025598336,-0.24663056,1.06868812,-3.63096638,,,
imu,70.073002,-0.4276792520000001,-9.714001472000001,1.4989709168,0.05244583999999999,1.40514907,-3.26459779,,,
imu,70.081468,-0.4360533912000001,-9.731347903200001,1.4846152496,0.3889067899999999,1.83133294,-3.18235178,,,
imu,70.089934,-0.4199032656,-9.739123889600002,1.4870078608,0.51601426,2.0257326,-3.2720747,,,
imu,70.0984,-0.4109309736,-9.7217774584,1.495382,0.57582954,2.15284007,-3.67582784,,,
imu,70.106866,-0.3905937784,-9.7265626808,1.4941856944,0.7702292,2.29490136,-3.84779677,,,
imu,70.115332,-0.3744436528,-9.719983000000001,1.486409708,0.9272443100000001,2.51920866,-3.86275059,,,
imu,70.123798,-0.3582935272000001,-9.7217774584,1.4947838472,0.94967504,2.72856214,-3.88518132,,,
imu,70.132171,-0.3301803456000001,-9.7325442088,1.498372764,1.06182869,2.95286944,-3.81041222,,,
imu,70.140637,-0.311039456,-9.7403201952,1.4852134024,1.1440747,2.90800798,-3.69078166,,,
imu,70.149103,-0.2990764,-9.7504887928,1.4882041664,1.12164397,2.76594669,-3.55619728,,,
imu,70.157569,-0.2859170384,-9.749890640000002,1.4768392632,1.19641307,2.75846978,-3.51133582,,,
imu,70.166037,-0.2859170384,-9.7570684736,1.4696614296,1.33847436,2.60145467,-3.57862801,,,
imu,70.174504,-0.2727576768,-9.7570684736,1.4612872904,1.31604363,2.22013226,-3.63096638,,,
imu,70.182971,-0.272159524,-9.779200127200001,1.4690632768,1.32352054,1.97339423,-3.82536604,,,
imu,70.191439,-0.3014690112,-9.7845835024,1.4618854432,1.368382,1.74161002,-3.90761205,,,
imu,70.199906,-0.31403022,-9.7959484056,1.462483596,1.30856672,1.39019525,-3.95247351,,,
imu,70.208373,-0.3361618736,-9.7821908912,1.4660725128,1.24875144,1.30047233,-3.83284295,,,
imu,70.216841,-0.3517138464,-9.785779808000001,1.4720540408,1.00201341,1.06868812,-3.82536604,,,
imu,70.225308,-0.3666676664,-9.785181655200002,1.4571002208,1.00201341,0.92662683,-3.76555076,,,
imu,70.233775,-0.3983697648000001,-9.788172419200002,1.4511186928,1.01696723,0.9415806499999997,-3.70573548,,,
imu,70.242243,-0.4121272792,-9.785181655200002,1.4499223872,0.8375213899999999,1.13598031,-3.74312003,,,
imu,70.25071,-0.4252866408000001,-9.7911631832,1.4433427064,0.8375213899999999,1.37524143,-3.7206893,,,
imu,70.259177,-0.4175106544000001,-9.788172419200002,1.4559039152,0.70293701,1.50982581,-3.78050458,,,
imu,69.290252,,,,,,,-80.3722156,168.1602532,117.048752
imu,69.391784,,,,,,,-80.76284600000001,167.9893524,118.7699672
imu,69.493377,,,,,,,-78.5411356,167.6353436,115.5350592
imu,69.594939,,,,,,,-80.9703684,168.3555684,117.3783464
imu,70.267645,-0.4210995712,-9.775611210400001,1.4571002208,0.74779847,1.7266562,-3.68330475,,,
imu,70.276112,-0.4199032656,-9.800135475200001,1.4487260816,0.94967504,2.08554788,-3.67582784,,,
imu,70.28458,-0.4013605288,-9.821668976000002,1.45052054,0.9646288599999999,2.27994754,-3.63096638,,,
imu,70.293047,-0.3822196392,-9.839015407200002,1.4672688184,0.7552753799999999,2.40705501,-3.78050458,,,
imu,70.301514,-0.361882444,-9.8079114616,1.4559039152,0.42629134,2.56407012,-3.91508896,,,
imu,70.309982,-0.3445360128,-9.7989391696,1.4529131512,0.13469185,2.58650085,-3.83284295,,,
imu,70.318449,-0.3247969704000001,-9.7959484056,1.4642780544,-0.127,2.5491163,-3.67582784,,,
imu,70.326916,-0.3080486920000001,-9.789966877600001,1.4541094568,-0.17186146,2.55659321,-3.48142818,,,
imu,70.335384,-0.3056560808,-9.7809945856,1.4559039152,-0.30644584,2.53416248,-3.26459779,,,
imu,70.343851,-0.2883096496000001,-9.758264779200001,1.4553057624,-0.3513073,2.45191647,-3.09262886,,,
imu,70.352318,-0.2679724544000001,-9.739722042400002,1.4451371648,-0.32887657,2.27994754,-3.05524431,,,
imu,70.360786,-0.2607946208,-9.734936820000001,1.4457353176,-0.34383039,2.0257326,-3.36927453,,,
imu,70.369599,-0.2685706072,-9.7163940832,1.4499223872,-0.35878421,1.62945637,-3.63096638,,,
imu,70.378412,-0.2829262744000001,-9.6954587352,1.4463334704,0.12721494,1.47991817,-3.75059694,,,
imu,70.387225,-0.287113344,-9.676915998400002,1.4553057624,0.3739529699999999,1.30047233,-3.99733497,,,
imu,70.396038,-0.3236006648,-9.6667474008,1.4576983736,0.83004448,1.0537343,-4.17678081,,,
imu,70.40485,-0.3427415544,-9.680504915200002,1.4708577352,1.11416706,0.9191499199999997,-4.26650373,,,
imu,70.413663,-0.3684621248000001,-9.724768222400002,1.4989709168,1.4431511,0.9041961000000001,-4.30388828,,,
imu,70.422476,-0.3762381112000001,-9.772620446400001,1.4935875416,1.52539711,1.03130357,-4.35622665,,,
imu,70.431289,-0.3804251808,-9.7750130576,1.486409708,1.42819728,1.03130357,-4.37118047,,,
imu,70.440102,-0.3840140976,-9.769629682400002,1.4780355688,1.40576655,1.15093413,-4.19921154,,,
imu,70.448915,-0.376836264,-9.785779808000001,1.4571002208,1.43567419,1.36028761,-4.08705789,,,
imu,70.457728,-0.3804251808,-9.759461084800002,1.411640608,1.56278166,1.62945637,-3.97490424,,,
imu,70.466541,-0.3882011672000001,-9.752283251200002,1.4230055112,1.49548947,1.51730272,-3.97490424,,,
imu,70.475354,-0.3983697648000001,-9.7714241408,1.423603664,1.56278166,1.54721036,-3.92256587,,,
imu,70.484167,-0.4079402096,-9.7821908912,1.4182202888,1.72727368,1.69674856,-3.75807385,,,
imu,70.49298,-0.4103328208,-9.7492924872,1.4194165944,1.7422275,1.98834805,-3.60105874,,,
imu,70.501793,-0.3977716120000001,-9.7744149048,1.429585192,1.57773548,2.04068642,-3.58610492,,,
imu,70.510606,-0.4091365152000001,-9.794153947200002,1.4110424552,1.5179202,2.23508608,-3.54124346,,,
imu,70.519419,-0.4169125016,-9.8043225448,1.432575956,1.62259694,2.41453192,-3.56367419,,,
imu,70.528232,-0.3893974728000001,-9.818080059200001,1.4301833448,1.5179202,2.54163939,-3.56367419,,,
imu,70.537045,-0.3720510416,-9.80970592,1.4206129,1.27118217,2.72108523,-3.66087402,,,
imu,70.545858,-0.3541064576,-9.803724392000001,1.4289870392,0.8449983,2.76594669,-3.69825857,,,
imu,70.554671,-0.3445360128,-9.803126239200001,1.411640608,0.68798319,2.8481927,-3.80293531,,,
imu,70.563484,-0.320011748,-9.797144711200001,1.4110424552,0.6954601,2.94539253,-3.83284295,,,
imu,70.571961,-0.2936930248,-9.787574266400002,1.39070526,0.65807555,2.87810034,-3.75059694,,,
imu,70.580439,-0.2883096496000001,-9.763050001600002,1.3865181904,0.50853735,2.63883922,-3.72816621,,,
imu,70.588916,-0.2924967192,-9.763050001600002,1.3763495928,0.5982602699999999,2.324809,-3.70573548,,,
imu,70.597394,-0.2966837888,-9.7492924872,1.3655828424,0.64312173,2.04068642,-3.68330475,,,
imu,70.605871,-0.3074505392,-9.754675862400001,1.3715643704,0.8524752099999999,1.77151766,-3.68330475,,,
imu,70.614349,-0.3355637208,-9.763050001600002,1.3584050088,0.9870595899999999,1.40514907,-3.90013514,,,
imu,70.622826,-0.3541064576,-9.76484446,1.357806856,0.94967504,1.2032725,-3.93004278,,,
imu,70.631304,-0.3965753064,-9.791761336000002,1.3661809952,1.10669015,1.30047233,-3.74312003,,,
imu,70.639781,-0.4097346680000001,-9.802528086400002,1.3619939256,1.02444414,1.42010289,-3.66087402,,,
imu,70.648259,-0.4432312248,-9.821668976000002,1.3823311208,1.06182869,1.65936401,-3.70573548,,,
imu,70.656736,-0.4528016696000001,-9.809107767200002,1.396686788,1.07678251,1.84628676,-3.86275059,,,
imu,70.665214,-0.4372496968000001,-9.805518850400002,1.3883126488,0.82256757,2.07807097,-4.0945348,,,
imu,70.673691,-0.4270810992000001,-9.80970592,1.3721625232,0.6954601,2.33976282,-4.28145755,,,
imu,70.682169,-0.4163143488000001,-9.802528086400002,1.3584050088,0.47862971,2.40705501,-4.43847266,,,
imu,70.690646,-0.3911919312,-9.817481906400001,1.372760676,0.32909151,2.33228591,-4.602964679999999,,,
imu,70.699124,-0.3756399584,-9.800733628000001,1.3649846896,0.25432241,2.24256299,-4.65530305,,,
imu,70.707601,-0.3834159448,-9.7636481544,1.372760676,0.22441477,2.14536316,-4.57305704,,,
imu,70.716079,-0.3666676664,-9.773218599200002,1.387714496,0.10478421,2.08554788,-4.40108811,,,
imu,70.724557,-0.361882444,-9.802528086400002,1.3703680648,-0.02980017,1.78647148,-4.43847266,,,
imu,70.733034,-0.3822196392,-9.8234634344,1.3596013144,-0.07466163,1.59954873,-4.453426479999999,,,
imu,70.741512,-0.3804251808,-9.803724392000001,1.3416567304,-0.10456927,1.21822632,-4.33379592,,,
imu,70.749989,-0.3995660704000001,-9.822267128800002,1.3500308696,-0.07466163,1.14345722,-4.08705789,,,
imu,70.758467,-0.4091365152000001,-9.842006171200001,1.3542179392,-0.04475399000000001,1.10607267,-3.86275059,,,
imu,70.766944,-0.439642308,-9.861147060800002,1.3422548832,-0.04475399000000001,1.12102649,-3.55619728,,,
imu,70.775413,-0.454596128,-9.821668976000002,1.3446474944,-0.02232326000000001,1.39767216,-3.20478251,,,
imu,70.783881,-0.4539979752000001,-9.815089295200002,1.3793403568,-0.24663056,1.59954873,-3.4216129,,,
imu,70.79235,-0.451605364,-9.928140174400001,1.3721625232,-0.32139966,1.8761944,-3.5711511,,,
imu,70.800819,-0.4354552384000001,-10.0531541096,1.3386659664,-0.5307531400000001,2.07807097,-3.73564312,,,
imu,70.809287,-0.400762376,-10.0836599024,1.3344788968,-1.15881358,2.44443956,-3.86275059,,,
imu,70.817756,-0.3696584304000001,-9.980179468000001,1.3913034128,-2.09342733,2.48930102,-4.10948862,,,
imu,70.826225,-0.3600879856,-9.828248656800001,1.4319778032,-2.92336434,2.57902394,-4.40108811,,,
imu,70.834693,-0.352910152,-9.748096181600001,1.453511304,-3.476655679999999,2.3995781,-4.33379592,,,
imu,70.843162,-0.3445360128,-9.785181655200002,1.4553057624,-3.22991765,2.35471664,-3.85527368,,,
imu,70.85163,-0.3325729568,-9.803126239200001,1.4361648728,-3.29720984,2.09302479,-3.63844329,,,
imu,70.860099,-0.323002512,-9.745105417600001,1.4606891376,-3.22991765,1.91357895,-3.60105874,,,
imu,70.868568,-0.3343674152,-9.725964528,1.507345056,-3.22244074,1.56216418,-3.52628964,,,
imu,70.877036,-0.3726491944000001,-9.6876827488,1.5157191952,-3.12524091,1.16588795,-3.65339711,,,
imu,70.885505,-0.3642750552,-9.630260080000001,1.5294767096,-2.72148777,0.7920424499999998,-3.6459202,,,
imu,70.893974,-0.3702565832000001,-9.5812115504,1.5211025704,-2.46727283,0.58268897,-3.90013514,,,
imu,70.902442,-0.4372496968000001,-9.5985579816,1.495382,-2.09342733,0.5153967799999997,-4.00481188,,,
imu,70.910911,-0.5520950344000001,-9.6667474008,1.4582965264,-1.72705874,0.3658585799999998,-4.19921154,,,
imu,70.91938,-0.5383375200000001,-9.463973601600001,1.4696614296,-1.60742818,0.5079198699999998,-4.04219643,,,
imu,70.927848,-0.5096261856000001,-9.3658765424,1.5079432088,-0.77001426,1.23318014,-3.63096638,,,
imu,70.936317,-0.5126169496,-9.567454036,1.534261932,0.35152224,1.73413311,-3.57862801,,,
imu,70.944785,-0.5180003248000001,-9.730749750400001,1.4977746112,0.7702292,1.9509635,-3.61601256,,,
imu,70.953254,-0.4731388648000001,-9.867128588800002,1.4481279288,0.83004448,1.98834805,-3.69825857,,,
imu,70.961723,-0.4378478496000001,-9.914980812800001,1.4672688184,0.56087572,2.33976282,-3.51133582,,,
imu,70.970191,-0.4193051128000001,-9.8653341304,1.504354292,0.3216146,2.39210119,-3.4216129,,,
imu,70.97865,-0.4456238360000001,-9.7570684736,1.5270840984,-0.08213854000000001,2.3995781,-3.53376655,,,
imu,70.987108,-0.4593813504000001,-9.6523917336,1.5390471544,-0.11952309,2.3995781,-3.43656672,,,
imu,70.995567,-0.4175106544000001,-9.631456385600002,1.5360563904,0.21693786,2.53416248,-3.54872037,,,
imu,71.004025,-0.4109309736,-9.6535880392,1.5420379184,0.52349117,2.4743472,-3.45152054,,,
imu,71.012484,-0.3923882368,-9.769629682400002,1.5779270864,0.51601426,2.31733209,-3.44404363,,,
imu,71.020942,-0.3570972216000001,-9.741516500800001,1.546224988,0.40386061,2.34723973,-3.32441307,,,
imu,71.0294,-0.3654713608,-9.66016772,1.5240933344,0.36647606,2.18274771,-3.08515195,,,
imu,71.037859,-0.3726491944000001,-9.631456385600002,1.513326584,0.71789083,2.24256299,-2.80850628,,,
imu,71.046317,-0.3929863896,-9.659569567200002,1.5360563904,0.88985976,2.14536316,-2.65149117,,,
imu,71.054776,-0.3834159448,-9.703234721600001,1.5330656264,1.39081273,2.10797861,-2.56176825,,,
imu,71.063234,-0.385808556,-9.7086180968,1.5234951816,1.51044329,2.07059406,-2.80102937,,,
imu,71.071693,-0.382817792,-9.703234721600001,1.504354292,1.94410407,2.07059406,-3.00290594,,,
imu,71.080151,-0.370854736,-9.697253193600002,1.5037561392,2.40019558,2.04816333,-3.21973633,,,
imu,69.696502,,,,,,,-78.56555,168.1114244,115.1200144
imu,69.798064,,,,,,,-80.40883720000001,168.819442,118.0009136
imu,69.899657,,,,,,,-80.8971252,168.5020548,117.9154632
imu,70.00122,,,,,,,-80.45766599999999,168.0992172,118.4159584
imu,70.103301,,,,,,,-80.4820804,168.1846676,118.1596072
imu,70.204345,,,,,,,-80.6896028,167.9405236,118.0131208
imu,70.305877,,,,,,,-80.04262120000001,168.08701,117.781184
imu,70.407439,,,,,,,-78.1505052,168.5508836,117.5492472
imu,71.08861,-0.3720510416,-9.743310959200002,1.5169155008,2.51982614,1.76404075,-3.54124346,,,
imu,71.097068,-0.3822196392,-9.755872168000002,1.4965783056,2.74413344,1.83880985,-3.48890509,,,
imu,71.105527,-0.3750418056000001,-9.786976113600002,1.4971764584,2.66188743,1.88367131,-3.51133582,,,
imu,71.113985,-0.3648732080000001,-9.801929933600002,1.4929893888,2.47496468,1.82385603,-3.54872037,,,
imu,71.122443,-0.3666676664,-9.836024643200002,1.4582965264,2.3403803,1.98834805,-3.60105874,,,
imu,71.130902,-0.3672658192000001,-9.802528086400002,1.45052054,2.14598064,1.98834805,-3.66087402,,,
imu,71.13936,-0.3792288752000001,-9.817481906400001,1.4259962752,1.84690424,1.88367131,-3.54124346,,,
imu,71.147819,-0.3612842912,-9.785181655200002,1.3984812464,1.80951969,1.83133294,-3.30945925,,,
imu,71.156277,-0.3666676664,-9.755274015200001,1.3769477456,1.86933497,1.80890221,-3.23469015,,,
imu,71.164736,-0.3840140976,-9.763050001600002,1.3703680648,1.87681188,1.68179474,-3.16739796,,,
imu,71.173194,-0.382817792,-9.758862932000001,1.3691717592,2.07868845,1.62197946,-3.16739796,,,
imu,71.181659,-0.3876030144000001,-9.783387196800001,1.3775458984,2.05625772,1.66684092,-3.18235178,,,
imu,71.190124,-0.4019586816,-9.840809865600002,1.3751532872,1.97401171,1.64441019,-3.36179762,,,
imu,71.198589,-0.4270810992000001,-9.819276364800002,1.3715643704,1.78708896,1.65936401,-3.3468438,,,
imu,71.207053,-0.4258847936,-9.803126239200001,1.3739569816,1.57025857,1.7266562,-3.496382,,,
imu,71.215518,-0.4354552384000001,-9.760059237600002,1.3709662176,1.12912088,1.85376367,-3.81788913,,,
imu,71.22408,-0.4288755576000001,-9.7636481544,1.3619939256,0.9870595899999999,1.92105586,-3.78798149,,,
imu,71.232544,-0.4109309736,-9.76484446,1.3709662176,0.88985976,1.98087114,-3.60105874,,,
imu,71.241009,-0.382817792,-9.746899876,1.366779148,0.9272443100000001,2.03320951,-3.36179762,,,
imu,71.249474,-0.3714528888,-9.775611210400001,1.351825328,1.13659779,1.92853277,-3.51881273,,,
imu,71.257939,-0.3786307224000001,-9.877297186400002,1.3524234808,1.16650543,1.83880985,-3.63844329,,,
imu,71.266404,-0.3744436528,-9.874306422400002,1.3422548832,0.9048135799999999,1.79394839,-3.63096638,,,
imu,71.274868,-0.3702565832000001,-9.786377960800001,1.3679754536,0.70293701,1.80890221,-3.54124346,,,
imu,71.283333,-0.3965753064,-9.6745233872,1.3811348152,0.68798319,1.79394839,-3.48890509,,,
imu,71.291798,-0.406743904,-9.630858232800001,1.3930978712,0.9571519499999999,1.77151766,-3.47395127,,,
imu,71.300263,-0.4043512928,-9.602745051200001,1.4038646216,1.38333582,1.8761944,-3.54872037,,,
imu,71.308728,-0.4163143488000001,-9.654784344800001,1.4062572328,2.14598064,2.06311715,-3.46647436,,,
imu,71.317192,-0.4079402096,-9.812696684000002,1.3889108016,2.89367164,2.16779389,-3.41413599,,,
imu,71.325657,-0.3929863896,-9.904214062400001,1.3649846896,2.75161035,2.29490136,-3.76555076,,,
imu,71.334122,-0.370854736,-9.892849159200003,1.3470401056,2.29551884,2.30237827,-3.96742733,,,
imu,71.342587,-0.3570972216000001,-9.843800629600002,1.363788384,1.94410407,2.31733209,-4.28145755,,,
imu,71.351052,-0.3481249296000001,-9.812098531200002,1.3649846896,1.79456587,2.16031698,-4.49828794,,,
imu,71.359517,-0.3385544848000001,-9.8162856008,1.3655828424,1.86933497,2.01825569,-4.692687599999999,,,
imu,71.367981,-0.31403022,-9.8264541984,1.3470401056,1.8169966,1.9509635,-4.51324176,,,
imu,71.376446,-0.2984782472,-9.821668976000002,1.3476382584,1.68241222,1.82385603,-4.28145755,,,
imu,71.385264,-0.3170209840000001,-9.803126239200001,1.3751532872,1.45062801,1.60702564,-4.23659609,,,
imu,71.394083,-0.3535083048,-9.7809945856,1.396686788,1.18893616,1.36028761,-4.16182699,,,
imu,71.402901,-0.34393786,-9.7809945856,1.4092479968,0.94967504,1.02382666,-4.124442439999999,,,
imu,71.411719,-0.3355637208,-9.815089295200002,1.4050609272,0.7253677399999999,0.8219500899999996,-4.35622665,,,
imu,71.420537,-0.352910152,-9.8581562968,1.3751532872,0.7702292,0.5378275100000001,-4.58801086,,,
imu,71.429356,-0.3876030144000001,-9.8850731728,1.366779148,0.35152224,0.2013665599999999,-4.8422258,,,
imu,71.438174,-0.4169125016,-9.8850731728,1.3536197864,0.1720764,0.07425908999999997,-4.80484125,,,
imu,71.446992,-0.4444275304,-9.83961356,1.3619939256,-0.02232326000000001,0.08921290999999965,-4.4683803,,,
imu,71.45581,-0.4868963792000001,-9.802528086400002,1.363788384,-0.11204618,0.2312741999999997,-4.11696553,,,
imu,71.464629,-0.505439116,-9.775611210400001,1.357806856,-0.0522309,0.4705353199999998,-3.88518132,,,
imu,71.473447,-0.5018501992000001,-9.755274015200001,1.342853036,0.06739966,0.8294269999999999,-3.89265823,,,
imu,71.482265,-0.4857000736000001,-9.751685098400001,1.3446474944,0.23189168,1.13598031,-4.06462716,,,
imu,71.491083,-0.4833074624000001,-9.745105417600001,1.336871508,0.49358353,1.33785688,-4.28893446,,,
imu,71.499902,-0.472540712,-9.724170069600001,1.3237121464,0.60573718,1.5023489,-4.25902682,,,
imu,71.50872,-0.4629702672000001,-9.688280901600002,1.3374696608,0.65059864,1.62945637,-4.408565019999999,,,
imu,71.517538,-0.4474182944000001,-9.669140012000002,1.3476382584,0.79265993,1.74161002,-4.44594957,,,
imu,71.526356,-0.4354552384000001,-9.693664276800002,1.3560123976,0.85995212,1.85376367,-4.44594957,,,
imu,71.535175,-0.4414367664,-9.723571916800001,1.3536197864,0.9272443100000001,1.85376367,-4.42351884,,,
imu,71.543993,-0.4366515440000001,-9.735534972800002,1.3452456472,1.06182869,1.84628676,-4.40108811,,,
imu,71.552811,-0.4216977240000001,-9.758264779200001,1.336871508,1.22632071,1.77151766,-4.30388828,,,
imu,71.56163,-0.4300718632,-9.768433376800001,1.3422548832,1.39081273,1.69674856,-4.19173463,,,
imu,71.570448,-0.4378478496000001,-9.794153947200002,1.3506290224,1.5179202,1.47244126,-4.22164227,,,
imu,71.579266,-0.4252866408000001,-9.803126239200001,1.3458438,1.368382,1.31542615,-4.31136519,,,
imu,71.587747,-0.43366078,-9.811500378400002,1.3452456472,1.40576655,1.28551851,-4.28145755,,,
imu,71.596229,-0.4611758088,-9.786377960800001,1.357806856,1.25622835,1.23318014,-4.22164227,,,
imu,71.60471,-0.4677554896000001,-9.730749750400001,1.3679754536,1.30856672,1.17336486,-4.22164227,,,
imu,71.613191,-0.4946723656000001,-9.769629682400002,1.3530216336,1.38333582,1.07616503,-4.244073,,,
imu,71.621673,-0.4982612824000001,-9.825856045600002,1.3093564792,1.39828964,1.15093413,-4.23659609,,,
imu,71.630154,-0.499457588,-9.889858395200001,1.3135435488,1.42819728,1.46496435,-4.16182699,,,
imu,71.638635,-0.5138132552000001,-9.8820824088,1.327899216,1.08425942,1.46496435,-4.27398064,,,
imu,71.647117,-0.5102243384,-9.907204826400001,1.3141417016,0.78518302,1.7266562,-4.25902682,,,
imu,71.655598,-0.5060372688000001,-9.929336480000002,1.3081601736,0.59078336,1.96591732,-4.3936112,,,
imu,71.664079,-0.5078317272000001,-9.877297186400002,1.3261047576,0.25432241,2.14536316,-4.31136519,,,
imu,71.672561,-0.4940742128000001,-9.837819101600003,1.3566105504,-0.37373803,2.37714737,-4.31136519,,,
imu,71.681042,-0.4767277816000001,-9.867726741600002,1.354816092,-0.39616876,2.55659321,-4.30388828,,,
imu,71.689523,-0.4827093096,-9.8593526024,1.3231139936,-0.88964482,2.42200883,-4.386134289999999,,,
imu,71.698005,-0.5299633808,-9.803126239200001,1.3021786456,-1.38312088,2.50425484,-4.19921154,,,
imu,71.706486,-0.6705292888000001,-9.762451848800001,1.2848322144,-1.46536689,2.78090051,-3.93004278,,,
imu,71.714968,-0.6214807592000001,-9.7504887928,1.3183287712,-1.45788998,3.26689966,-4.034719519999999,,,
imu,71.723449,-0.5419264368000001,-9.7750130576,1.339862272,-1.40555161,4.20899032,-4.04967334,,,
imu,71.73193,-0.5365430616000001,-9.788770572,1.3290955216,-1.29339796,4.51554363,-4.10948862,,,
imu,71.740412,-0.5233837000000001,-9.792957641600001,1.3446474944,-1.44293616,4.66508183,-4.124442439999999,,,
imu,71.748893,-0.4827093096,-9.787574266400002,1.384723732,-1.43545925,4.88191222,-4.19173463,,,
imu,71.757374,-0.4348570856000001,-9.776209363200001,1.3775458984,-1.50275144,4.9417275,-4.169303899999999,,,
imu,71.765856,-0.4091365152000001,-9.7815927384,1.3769477456,-1.71958183,4.82209694,-4.04967334,,,
imu,71.774337,-0.3947808480000001,-9.764246307200002,1.3769477456,-1.80182784,4.36600543,-3.93004278,,,
imu,71.782818,-0.4019586816,-9.7325442088,1.381732968,-1.78687402,4.08188285,-3.54872037,,,
imu,71.791279,-0.3852104032000001,-9.746301723200002,1.3883126488,-1.58499745,3.72299117,-3.17487487,,,
imu,71.79974,-0.4001642232,-9.7714241408,1.3930978712,-1.53265908,3.24446893,-2.87579847,,,
imu,71.808201,-0.4163143488000001,-9.779798280000001,1.3871163432,-1.50275144,2.95286944,-2.79355246,,,
imu,71.816662,-0.4474182944000001,-9.7540777096,1.384723732,-1.48779762,2.75846978,-2.55429134,,,
imu,71.825123,-0.481513004,-9.751685098400001,1.3984812464,-1.61490509,2.5491163,-2.51690679,,,
imu,71.833584,-0.5138132552000001,-9.7636481544,1.399677552,-1.4728438,2.71360832,-2.47952224,,,
imu,71.842045,-0.5514968816000001,-9.8043225448,1.4038646216,-1.52518217,2.8481927,-2.48699915,,,
imu,71.850506,-0.5245800056000001,-9.8049206976,1.3805366624,-1.57004363,3.28185348,-2.5243837,,,
imu,71.858967,-0.5012520464000001,-9.8013317808,1.3745551344,-1.73453565,3.65569898,-2.92813684,,,
imu,71.867428,-0.5018501992000001,-9.8013317808,1.4152295248,-1.82425857,3.820191,-3.25712088,,,
imu,71.875889,-0.5102243384,-9.820472670400001,1.4379593312,-2.06351969,3.90243701,-3.69825857,,,
imu,71.88435,-0.4803166984,-9.8264541984,1.4080516912,-2.19062716,3.97720611,-3.82536604,,,
imu,71.892811,-0.5006538936,-9.844996935200001,1.429585192,-2.46727283,3.94729847,-4.00481188,,,
imu,71.901272,-0.5485061176,-9.873110116800001,1.4690632768,-2.77382614,4.00711375,-4.35622665,,,
imu,70.509101,,,,,,,-80.2989724,168.148046,117.3173104
imu,70.610663,,,,,,,-77.94298280000001,167.8184516,115.6937528
imu,70.712226,,,,,,,-80.87271080000001,167.7330012,117.8055984
imu,70.813849,,,,,,,-79.7374412,167.3301636,115.9989328
imu,70.915351,,,,,,,-80.0548284,167.9893524,118.0985712
imu,71.016913,,,,,,,-81.03140440000001,168.2212892,118.6112736
imu,71.118476,,,,,,,-81.16568360000001,167.964938,117.8178056
imu,71.220038,,,,,,,-81.21451239999999,168.0015596,117.7567696
imu,71.909733,-0.5114206440000001,-9.874306422400002,1.4571002208,-3.09533327,4.30619015,-4.47585721,,,
imu,71.918194,-0.4791203928000001,-9.8527729216,1.4493242344,-3.57385551,4.56040509,-4.57305704,,,
imu,71.926655,-0.4659610312,-9.821668976000002,1.4499223872,-3.91779337,4.50806672,-4.625395409999999,,,
imu,71.935116,-0.4557924336,-9.802528086400002,1.471455888,-4.0897623,4.552928179999999,-4.56558013,,,
imu,71.943577,-0.4605776560000001,-9.853969227200002,1.552206516,-4.28416196,4.478159079999999,-4.3936112,,,
imu,71.952038,-0.4420349192,-9.9484773696,1.5845067672,-4.71034583,4.29871324,-4.15435008,,,
imu,71.960499,-0.4384460024000001,-9.976590551200001,1.5426360712,-5.35336009,4.20899032,-3.76555076,,,
imu,71.96896,-0.4414367664,-9.980179468000001,1.5055505976,-6.36274294,4.14169813,-3.31693616,,,
imu,71.977421,-0.4276792520000001,-9.918569729600001,1.471455888,-7.282402869999999,4.08188285,-2.92813684,,,
imu,71.985882,-0.43366078,-9.832435726400002,1.4487260816,-7.78335584,3.84262173,-2.58419898,,,
imu,71.99435,-0.4282774048000001,-9.7534795568,1.4337722616,-8.14224752,3.5958837,-2.34493786,,,
imu,72.002817,-0.4127254320000001,-9.687084596000002,1.4349685672,-7.9029864,3.38653022,-2.42718387,,,
imu,72.011284,-0.4049494456000001,-9.668541859200001,1.4606891376,-7.327264329999999,3.10240764,-2.45709151,,,
imu,72.019752,-0.4031549872,-9.654186192000001,1.4840170968,-6.78892681,2.78090051,-2.56924516,,,
imu,72.028219,-0.3726491944000001,-9.648802816800002,1.4911949304,-6.145912549999999,2.60145467,-2.61410662,,,
imu,72.036686,-0.3714528888,-9.6260730104,1.5055505976,-5.884220699999999,2.31733209,-2.69635263,,,
imu,72.045154,-0.4019586816,-9.596165370400001,1.5336637792,-5.271114079999999,2.12293243,-2.60662971,,,
imu,72.053621,-0.4318663216,-9.594370912,1.5623751136,-4.74025347,2.16031698,-2.5243837,,,
imu,72.062088,-0.4270810992000001,-9.581809703200001,1.5629732664,-4.0897623,2.22013226,-2.62158353,,,
imu,72.070556,-0.4169125016,-9.5566872856,1.579123392,-3.65610152,2.16031698,-2.92065993,,,
imu,72.079023,-0.4139217376000001,-9.588389384000001,1.6138162544,-3.08037945,2.00330187,-3.4216129,,,
imu,72.08749,-0.4216977240000001,-9.6260730104,1.6221903936,-2.57194957,1.85376367,-3.89265823,,,
imu,72.095958,-0.415716196,-9.633848996800001,1.6341534496,-2.15324261,1.79394839,-4.16182699,,,
imu,72.104425,-0.4013605288,-9.648204664000001,1.6371442136,-1.64481273,1.68927165,-4.17678081,,,
imu,72.112893,-0.4252866408000001,-9.654186192000001,1.6437238944,-1.15881358,1.7266562,-4.04967334,,,
imu,72.12136,-0.4468201416000001,-9.682299373600001,1.6586777144,-0.70272207,1.8014253,-3.77302767,,,
imu,72.129827,-0.4593813504000001,-9.692467971200001,1.6497054224,-0.35878421,2.09302479,-3.50385891,,,
imu,72.138295,-0.4563905864000001,-9.708019944000002,1.6514998808,-0.17933837,2.16031698,-3.57862801,,,
imu,72.146762,-0.4587831976000001,-9.697253193600002,1.6323589912,0.15712258,2.324809,-3.54872037,,,
imu,72.155229,-0.4581850448000001,-9.7128051664,1.6425275888,0.43376825,2.4743472,-3.55619728,,,
imu,72.163697,-0.4563905864000001,-9.76484446,1.6473128112,0.4711528,2.53416248,-3.67582784,,,
imu,72.172164,-0.4504090584,-9.7995373224,1.6353497552,0.29170696,2.65379304,-3.65339711,,,
imu,72.180631,-0.4468201416000001,-9.801929933600002,1.6395368248,0.18703022,2.66874686,-3.65339711,,,
imu,72.189099,-0.4510072112,-9.7911631832,1.6395368248,-0.22419983,2.63883922,-3.71321239,,,
imu,72.19756,-0.4522035168,-9.7786019744,1.6281719216,-0.49336859,2.76594669,-3.69078166,,,
imu,72.206021,-0.4593813504000001,-9.7989391696,1.6473128112,-0.66533752,2.84071579,-3.58610492,,,
imu,72.214482,-0.4581850448000001,-9.790565030400002,1.6377423664,-0.67281443,2.98277708,-3.30198234,,,
imu,72.222943,-0.4647647256,-9.783387196800001,1.6377423664,-0.91955246,3.13231528,-3.17487487,,,
imu,72.231404,-0.4617739616000001,-9.7540777096,1.6317608384,-0.8522602699999999,3.24446893,-3.03281358,,,
imu,72.239865,-0.4617739616000001,-9.7337405144,1.6323589912,-0.82235263,3.43139168,-3.11505959,,,
imu,72.248326,-0.4569887392,-9.722973764,1.6431257416,-0.94198319,3.3715764,-3.27955161,,,
imu,72.256787,-0.4653628784000001,-9.724768222400002,1.6287700744,-1.0989983,3.3715764,-3.54124346,,,
imu,72.265248,-0.4593813504000001,-9.722375611200002,1.62996638,-1.06909066,3.42391477,-3.65339711,,,
imu,72.273709,-0.4438293776000001,-9.7265626808,1.6413312832,-0.80739881,3.35662258,-3.84031986,,,
imu,72.28217,-0.4599795032,-9.718188541600002,1.6455183528,-0.7999219,3.30428421,-3.98985806,,,
imu,72.290631,-0.4737370176,-9.719983000000001,1.6610703256,-0.81487572,3.27437657,-4.06462716,,,
imu,72.299092,-0.4408386136,-9.7163940832,1.6736315344,-0.78496808,3.23699202,-4.13939626,,,
imu,72.307553,-0.439642308,-9.7086180968,1.6820056736,-0.59056842,3.02763854,-4.13191935,,,
imu,72.31595,-0.4593813504000001,-9.693066124000001,1.6915761184,-0.54570696,2.96034635,-3.96742733,,,
imu,72.324411,-0.4468201416000001,-9.715795930400002,1.7059317856,-0.41112258,3.06502309,-3.81041222,,,
imu,72.332872,-0.4438293776000001,-9.727758986400001,1.683800132,-0.23167674,3.12483837,-3.55619728,,,
imu,72.341333,-0.4342589328000001,-9.739722042400002,1.677818604,-0.20924601,3.15474601,-3.3468438,,,
imu,72.349794,-0.4216977240000001,-9.7510869456,1.68978166,-0.02232326000000001,3.02016163,-3.38422835,,,
imu,72.358255,-0.4181088072000001,-9.737927584000001,1.6760241456,0.06739966,2.81828506,-3.51881273,,,
imu,72.366716,-0.4103328208,-9.725366375200002,1.6610703256,0.19450713,2.60893158,-3.63096638,,,
imu,72.375177,-0.4163143488000001,-9.709216249600003,1.6766222984,0.45619898,2.36219355,-3.53376655,,,
imu,72.383638,-0.43366078,-9.711608860800002,1.6832019792,0.41133752,2.21265535,-3.41413599,,,
imu,72.392099,-0.4462219888000001,-9.736731278400002,1.6885853544,0.73284465,2.1005017,-3.09262886,,,
imu,72.400922,-0.4611758088,-9.7504887928,1.6861927432,0.80013684,2.10797861,-2.8234601,,,
imu,72.409746,-0.4749333232000001,-9.785779808000001,1.6861927432,0.67302937,2.36967046,-2.6739219,,,
imu,72.41857,-0.4689517952000001,-9.797144711200001,1.67482784,0.42629134,2.41453192,-2.64401426,,,
imu,72.427393,-0.4677554896000001,-9.769031529600001,1.668846312,0.35899915,2.45191647,-2.81598319,,,
imu,72.436217,-0.4665591840000001,-9.752881404000002,1.6652573952,0.31413769,2.5491163,-3.00290594,,,
imu,72.44504,-0.4569887392,-9.734338667200001,1.641929436,0.3963837,2.59397776,-3.24964397,,,
imu,72.453864,-0.4593813504000001,-9.704431027200002,1.6371442136,0.38142988,2.60893158,-3.39918217,,,
imu,72.462687,-0.4533998224,-9.683495679200002,1.6305645328,0.5459219,2.71360832,-3.46647436,,,
imu,72.471511,-0.4498109056,-9.688280901600002,1.6371442136,0.57582954,2.66126995,-3.77302767,,,
imu,72.480335,-0.4474182944000001,-9.718786694400002,1.6485091168,0.82256757,2.81828506,-3.69825857,,,
imu,72.489158,-0.4414367664,-9.7217774584,1.6586777144,0.80013684,2.87062343,-3.72816621,,,
imu,72.497982,-0.4378478496000001,-9.704431027200002,1.6544906448,0.8524752099999999,3.03511545,-3.65339711,,,
imu,72.506805,-0.4127254320000001,-9.6942624296,1.650901728,0.94219813,3.09493073,-3.58610492,,,
imu,72.515629,-0.430670016,-9.6942624296,1.650901728,1.04687487,2.99025399,-3.45152054,,,
imu,72.524452,-0.4151180432000001,-9.7008421104,1.6407331304,1.16650543,2.86314652,-3.44404363,,,
imu,72.533276,-0.4169125016,-9.7086180968,1.6371442136,1.368382,2.79585433,-3.57862801,,,
imu,72.542099,-0.4193051128000001,-9.7301515976,1.6473128112,1.65998149,2.79585433,-3.496382,,,
imu,72.550923,-0.4097346680000001,-9.7576666264,1.6401349776,1.57025857,2.68370068,-3.65339711,,,
imu,72.559747,-0.4175106544000001,-9.773816752000002,1.6275737688,1.61512003,2.67622377,-3.52628964,,,
imu,72.56857,-0.4372496968000001,-9.783387196800001,1.6323589912,1.61512003,2.56407012,-3.55619728,,,
imu,72.577394,-0.439642308,-9.7815927384,1.6365460608,1.42072037,2.45939338,-3.66835093,,,
imu,72.586217,-0.4318663216,-9.770825988000002,1.6144144072,1.31604363,2.48930102,-3.80293531,,,
imu,72.595041,-0.4175106544000001,-9.788172419200002,1.626975616,1.38333582,2.55659321,-3.73564312,,,
imu,72.603512,-0.4216977240000001,-9.801929933600002,1.6347516024,1.15155161,2.57154703,-3.59358183,,,
imu,72.611983,-0.4276792520000001,-9.7815927384,1.6431257416,1.00949032,2.33228591,-3.67582784,,,
imu,72.620454,-0.43366078,-9.756470320800002,1.6407331304,0.8823828499999999,2.33976282,-3.496382,,,
imu,72.628925,-0.4193051128000001,-9.7492924872,1.6401349776,0.73284465,2.2500399,-3.36179762,,,
imu,72.637397,-0.4013605288,-9.785181655200002,1.6401349776,0.620691,2.08554788,-3.22721324,,,
imu,72.645868,-0.4216977240000001,-9.725964528,1.5928809064,0.6132140899999999,1.91357895,-3.15992105,,,
imu,72.654339,-0.4240903352000001,-9.731946056000002,1.6126199488,0.52349117,1.6518871,-3.15992105,,,
imu,72.66281,-0.4462219888000001,-9.730749750400001,1.6108254904,0.64312173,1.68179474,-2.98047521,,,
imu,72.671281,-0.4587831976000001,-9.7403201952,1.6197977824,0.60573718,1.70422547,-2.89075229,,,
imu,72.679753,-0.4767277816000001,-9.7504887928,1.6197977824,0.64312173,1.7266562,-2.75616791,,,
imu,72.688224,-0.4839056152000001,-9.7576666264,1.618003324,0.67302937,1.86871749,-2.72626027,,,
imu,72.696695,-0.4671573368000001,-9.7750130576,1.6203959352,0.6954601,2.01825569,-2.748691,,,
imu,72.705166,-0.4611758088,-9.766638918400002,1.6203959352,0.6954601,2.25751681,-2.8234601,,,
imu,72.713637,-0.4575868920000001,-9.755872168000002,1.612021796,0.5982602699999999,2.39210119,-2.98795212,,,
imu,72.722108,-0.4551942808000001,-9.7570684736,1.6138162544,0.26179932,2.41453192,-3.27955161,,,
imu,71.321631,,,,,,,-80.8482964,167.7574156,117.720148
imu,71.423163,,,,,,,-80.75063879999999,167.5498932,117.720148
imu,71.524726,,,,,,,-78.382442,167.4522356,117.6102832
imu,71.626319,,,,,,,-80.56753080000001,167.8916948,118.3183008
imu,71.727851,,,,,,,-78.138298,166.8296684,115.5106448
imu,71.829413,,,,,,,-80.5431164,167.7574156,115.6693384
imu,71.931006,,,,,,,-80.7262244,168.0992172,118.0619496
imu,72.032508,,,,,,,-81.50748519999999,168.1846676,117.7933912
imu,72.73058,-0.4342589328000001,-9.7714241408,1.597067976,0.26179932,2.58650085,-3.17487487,,,
imu,72.739051,-0.4294737104000001,-9.743909112,1.5928809064,0.29170696,2.63883922,-3.18235178,,,
imu,72.747522,-0.4228940296000001,-9.7265626808,1.6048439624,0.29170696,2.64631613,-3.41413599,,,
imu,72.755993,-0.4115291264,-9.744507264800001,1.6263774632,0.36647606,2.59397776,-3.45152054,,,
imu,72.764464,-0.3953790008,-9.783387196800001,1.6054421152,0.40386061,2.54163939,-3.52628964,,,
imu,72.772935,-0.3977716120000001,-9.7995373224,1.576132628,0.17955331,2.39210119,-3.63096638,,,
imu,72.781407,-0.3929863896,-9.7714241408,1.588095684,0.33656842,2.05564024,-3.67582784,,,
imu,72.789878,-0.4109309736,-9.765442612800001,1.6096291848,0.31413769,1.95844041,-3.496382,,,
imu,72.798349,-0.4264829464000001,-9.7821908912,1.6066384208,0.3963837,1.93600968,-3.09262886,,,
imu,72.806805,-0.430670016,-9.800135475200001,1.603049504,0.34404533,2.05564024,-2.55429134,,,
imu,72.815261,-0.4444275304,-9.7953502528,1.5976661288,0.30666078,1.99582496,-2.3000764,,,
imu,72.823717,-0.4300718632,-9.783985349600002,1.597067976,0.20198404,2.07059406,-2.28512258,,,
imu,72.832173,-0.430670016,-9.769031529600001,1.5976661288,0.04496892999999999,2.1752708,-2.28512258,,,
imu,72.840628,-0.4270810992000001,-9.752881404000002,1.5886938368,0.0001074699999999984,2.37714737,-2.38979932,,,
imu,72.849084,-0.4264829464000001,-9.746301723200002,1.5952735176,-0.03727708,2.5491163,-2.53186061,,,
imu,72.85754,-0.4282774048000001,-9.740918348000001,1.5868993784,-0.09709236,2.58650085,-2.60662971,,,
imu,72.865996,-0.4216977240000001,-9.731946056000002,1.5845067672,-0.16438455,2.60893158,-2.83841392,,,
imu,72.874452,-0.4031549872,-9.710412555200001,1.5785252392,-0.09709236,2.66874686,-2.98795212,,,
imu,72.882908,-0.391790084,-9.714599624800002,1.582114156,0.11973803,2.84071579,-3.10758268,,,
imu,72.891364,-0.3804251808,-9.7283571392,1.5845067672,0.34404533,2.90800798,-3.25712088,,,
imu,72.89982,-0.382817792,-9.728955292000002,1.5964698232,0.29170696,2.82576197,-3.25712088,,,
imu,72.908276,-0.376836264,-9.740918348000001,1.5827123088,0.40386061,2.84071579,-3.11505959,,,
imu,72.916732,-0.3541064576,-9.746301723200002,1.6048439624,0.3216146,2.71360832,-3.24216706,,,
imu,72.925188,-0.3475267768,-9.754675862400001,1.6245830048,0.28423005,2.67622377,-3.37675144,,,
imu,72.933643,-0.3469286240000001,-9.7510869456,1.6162088656,0.32909151,2.51920866,-3.4216129,,,
imu,72.942099,-0.34393786,-9.746301723200002,1.6084328792,0.32909151,2.38462428,-3.30198234,,,
imu,72.950555,-0.3463304712,-9.745703570400002,1.6048439624,0.6281679099999999,2.26499372,-3.24216706,,,
imu,72.959011,-0.3415452488,-9.767237071200002,1.594077212,0.57582954,2.16031698,-3.36179762,,,
imu,72.967467,-0.3570972216000001,-9.797742864000002,1.6168070184,0.5459219,2.0257326,-3.3468438,,,
imu,72.975923,-0.3810233336,-9.7911631832,1.6114236432,0.4711528,1.74908693,-3.44404363,,,
imu,72.984379,-0.3953790008,-9.786377960800001,1.6012550456,0.23936859,1.64441019,-3.6459202,,,
imu,72.992835,-0.4133235848,-9.797742864000002,1.6054421152,0.19450713,1.7266562,-3.87770441,,,
imu,73.001291,-0.4193051128000001,-9.8049206976,1.6138162544,0.07487657,1.67431783,-3.87770441,,,
imu,73.009759,-0.4043512928,-9.797742864000002,1.6102273376,-0.06718472,1.73413311,-3.78798149,,,
imu,73.018228,-0.4205014184,-9.785181655200002,1.632957144,-0.23915365,1.74908693,-3.89265823,,,
imu,73.026697,-0.4169125016,-9.783387196800001,1.6574814088,-0.54570696,1.73413311,-3.93004278,,,
imu,73.035165,-0.4037531400000001,-9.7815927384,1.6550887976,-0.63542988,1.8014253,-3.98985806,,,
imu,73.043634,-0.4199032656,-9.773816752000002,1.6335552968,-0.76253735,1.68927165,-4.124442439999999,,,
imu,73.052103,-0.4133235848,-9.7265626808,1.623984852,-0.69524516,1.74161002,-3.90013514,,,
imu,73.060571,-0.4121272792,-9.699645804800001,1.6371442136,-0.65786061,1.74908693,-3.68330475,,,
imu,73.06904,-0.4199032656,-9.678710456800001,1.6383405192,-0.45598404,1.71170238,-3.45899745,,,
imu,73.077508,-0.4163143488000001,-9.693664276800002,1.6473128112,-0.25410747,1.74908693,-3.16739796,,,
imu,73.085977,-0.4252866408000001,-9.7217774584,1.6455183528,-0.2765382,1.71170238,-3.06272122,,,
imu,73.094446,-0.4294737104000001,-9.708019944000002,1.6491072696,-0.05970781,1.96591732,-2.93561375,,,
imu,73.102914,-0.4372496968000001,-9.70502918,1.665855548,-0.09709236,1.99582496,-2.91318302,,,
imu,73.111383,-0.4234921824,-9.697253193600002,1.6586777144,0.33656842,2.06311715,-2.86084465,,,
imu,73.119852,-0.4282774048000001,-9.709814402400001,1.6497054224,0.4711528,1.98834805,-3.07767504,,,
imu,73.12832,-0.4264829464000001,-9.7086180968,1.6341534496,0.65059864,1.98087114,-3.1973056,,,
imu,73.136789,-0.424688488,-9.688280901600002,1.6221903936,0.8449983,1.94348659,-3.4216129,,,
imu,73.145257,-0.4264829464000001,-9.688280901600002,1.6197977824,1.01696723,2.04816333,-3.54124346,,,
imu,73.153726,-0.4216977240000001,-9.683495679200002,1.594077212,1.30108981,1.99582496,-3.63096638,,,
imu,73.162195,-0.4228940296000001,-9.697851346400002,1.609031032,1.33099745,2.07059406,-3.74312003,,,
imu,73.170663,-0.4145198904,-9.7086180968,1.5952735176,1.60016621,2.14536316,-3.81041222,,,
imu,73.179132,-0.4097346680000001,-9.718786694400002,1.603049504,1.77213514,2.2500399,-3.75807385,,,
imu,73.187601,-0.4079402096,-9.734936820000001,1.6018531984,1.83195042,2.31733209,-3.63844329,,,
imu,73.196069,-0.3953790008,-9.7325442088,1.5982642816,1.67493531,2.31733209,-3.60853565,,,
imu,73.204538,-0.3941826952,-9.739722042400002,1.5904882952,1.70484295,2.19022462,-3.60105874,,,
imu,73.213013,-0.3744436528,-9.7636481544,1.5874975312,1.57025857,2.07059406,-3.61601256,,,
imu,73.221488,-0.3959771536000001,-9.776209363200001,1.5809178504,1.4431511,2.06311715,-3.54872037,,,
imu,73.229963,-0.3953790008,-9.7845835024,1.5857030728,1.48801256,1.92853277,-3.45899745,,,
imu,73.238438,-0.4109309736,-9.783387196800001,1.5785252392,1.22632071,1.84628676,-3.47395127,,,
imu,73.246913,-0.4163143488000001,-9.802528086400002,1.5928809064,1.24875144,1.8761944,-3.30198234,,,
imu,73.255388,-0.4121272792,-9.801929933600002,1.5737400168,1.23379762,1.88367131,-3.16739796,,,
imu,73.263863,-0.4234921824,-9.789966877600001,1.5767307808,0.9870595899999999,1.89114822,-3.13001341,,,
imu,73.272338,-0.4318663216,-9.798341016800002,1.5827123088,0.85995212,1.89862513,-3.09262886,,,
imu,73.280813,-0.424688488,-9.801929933600002,1.5755344752,0.68050628,1.92105586,-3.1225365,,,
imu,73.289288,-0.4294737104000001,-9.794752100000002,1.5809178504,0.42629134,2.12293243,-2.99542903,,,
imu,73.297763,-0.4264829464000001,-9.775611210400001,1.5803196976,0.46367589,2.23508608,-2.83841392,,,
imu,73.306238,-0.4252866408000001,-9.760059237600002,1.5707492528,0.5459219,2.22760917,-2.71878336,,,
imu,73.314713,-0.4318663216,-9.758862932000001,1.5665621832,0.33656842,2.39210119,-2.75616791,,,
imu,73.323188,-0.4228940296000001,-9.7606573904,1.5593843496,0.25432241,2.5491163,-2.89075229,,,
imu,73.331663,-0.4115291264,-9.766040765600001,1.5510102104,0.22441477,2.6986545,-2.95056757,,,
imu,73.340138,-0.3840140976,-9.745703570400002,1.5486175992,0.26179932,2.56407012,-3.09262886,,,
imu,73.348613,-0.3834159448,-9.745703570400002,1.5617769608,0.11226112,2.65379304,-3.15244414,,,
imu,73.357088,-0.3899956256000001,-9.7337405144,1.5737400168,0.3216146,2.69117759,-3.07767504,,,
imu,73.365563,-0.3959771536000001,-9.7331423616,1.5569917384,0.35899915,2.68370068,-3.13749032,,,
imu,73.374038,-0.4079402096,-9.759461084800002,1.549215752,0.52349117,2.72108523,-3.11505959,,,
imu,73.382513,-0.3876030144000001,-9.768433376800001,1.5599825024,0.49358353,2.63883922,-3.21973633,,,
imu,73.390988,-0.3666676664,-9.7510869456,1.5653658776,0.29170696,2.67622377,-3.3468438,,,
imu,73.399463,-0.3660695136000001,-9.754675862400001,1.5695529472,0.19450713,2.60145467,-3.33188998,,,
imu,73.407867,-0.3582935272000001,-9.7786019744,1.5743381696,0.13469185,2.66874686,-3.29450543,,,
imu,73.416674,-0.3541064576,-9.800135475200001,1.5683566416,0.25432241,2.48182411,-3.26459779,,,
imu,73.42548,-0.3582935272000001,-9.7612555432,1.5713474056,0.20946095,2.20517844,-3.21225942,,,
imu,73.434286,-0.361882444,-9.7301515976,1.58510492,0.28423005,2.00330187,-3.20478251,,,
imu,73.443092,-0.3714528888,-9.734936820000001,1.5994605872,0.27675314,1.93600968,-3.22721324,,,
imu,73.451899,-0.3750418056000001,-9.749890640000002,1.5952735176,0.21693786,1.71170238,-3.42908981,,,
imu,73.460705,-0.3750418056000001,-9.758862932000001,1.5755344752,0.28423005,1.51730272,-3.496382,,,
imu,73.469511,-0.3923882368,-9.746301723200002,1.5797215448,0.26179932,1.31542615,-3.58610492,,,
imu,73.478318,-0.4234921824,-9.7325442088,1.5874975312,0.3216146,1.37524143,-3.47395127,,,
imu,73.487124,-0.4414367664,-9.728955292000002,1.5958716704,0.44872207,1.45001053,-3.23469015,,,
imu,73.49593,-0.4420349192,-9.734338667200001,1.5988624344,0.60573718,1.65936401,-2.80850628,,,
imu,73.504737,-0.4611758088,-9.725366375200002,1.5958716704,0.81509066,1.93600968,-2.6739219,,,
imu,73.513543,-0.4444275304,-9.725366375200002,1.5976661288,1.03192105,2.28742445,-2.60662971,,,
imu,73.522349,-0.4438293776000001,-9.728955292000002,1.6191996296,1.17398234,2.61640849,-2.76364482,,,
imu,73.531156,-0.4360533912000001,-9.7337405144,1.6084328792,1.2936129,2.80333124,-2.95056757,,,
imu,73.539962,-0.4145198904,-9.7295534448,1.5845067672,1.2936129,2.94539253,-3.1973056,,,
imu,72.134029,,,,,,,-81.2877556,168.4166044,117.8178056
imu,72.235591,,,,,,,-80.4332516,168.4776404,117.4515896
imu,72.337123,,,,,,,-81.190098,168.5264692,116.8412296
imu,72.438716,,,,,,,-81.0802332,168.575298,117.598076
imu,72.540279,,,,,,,-78.382442,167.4278212,116.7557792
imu,72.641841,,,,,,,-81.03140440000001,168.2579108,117.3783464
imu,72.743373,,,,,,,-78.7120364,167.7940372,115.339744
imu,72.844966,,,,,,,-81.0802332,168.6241268,117.6102832
imu,73.548768,-0.3852104032000001,-9.725964528,1.58510492,1.41324346,3.1472691,-3.36927453,,,
imu,73.557575,-0.3732473472,-9.727758986400001,1.5695529472,1.45062801,3.10240764,-3.54872037,,,
imu,73.566381,-0.3606861384,-9.710412555200001,1.5486175992,1.5926893,3.1472691,-3.62348947,,,
imu,73.575187,-0.3547046104000001,-9.718188541600002,1.5516083632,1.82447351,3.10240764,-3.56367419,,,
imu,73.583993,-0.3391526376000001,-9.7295534448,1.5623751136,1.95905789,3.13231528,-3.33188998,,,
imu,73.5928,-0.3289840400000001,-9.739123889600002,1.5695529472,1.8169966,3.04259236,-3.38422835,,,
imu,73.601606,-0.3194135952000001,-9.746301723200002,1.5719455584,1.80204278,2.90800798,-3.30198234,,,
imu,73.610412,-0.3182172896000001,-9.769629682400002,1.5605806552,1.67493531,2.69117759,-3.25712088,,,
imu,73.618886,-0.3092449976000001,-9.7780038216,1.5635714192,1.63755076,2.57902394,-3.24964397,,,
imu,73.62736,-0.320011748,-9.769031529600001,1.546224988,1.54035093,2.30237827,-3.33936689,,,
imu,73.635834,-0.3271895816000001,-9.748694334400001,1.528280404,1.39081273,2.1005017,-3.48142818,,,
imu,73.644307,-0.3241988176,-9.6912716656,1.4696614296,1.32352054,1.76404075,-3.7206893,,,
imu,73.652781,-0.3654713608,-9.761853696000001,1.5857030728,1.55530475,1.577118,-3.84031986,,,
imu,73.661255,-0.3702565832000001,-9.7612555432,1.516317348,1.93662716,1.61450255,-3.71321239,,,
imu,73.669728,-0.3840140976,-9.7809945856,1.5157191952,2.02635008,1.53225654,-3.66087402,,,
imu,73.678202,-0.3840140976,-9.785779808000001,1.5324674736,1.90671952,1.40514907,-3.67582784,,,
imu,73.686676,-0.4001642232,-9.803126239200001,1.54024346,1.82447351,1.51730272,-3.81041222,,,
imu,73.69515,-0.4187069600000001,-9.806715156000001,1.5438323768,1.78708896,1.5023489,-3.83284295,,,
imu,73.703623,-0.4210995712,-9.825257892800002,1.5468231408,1.7422275,1.70422547,-3.77302767,,,
imu,73.712097,-0.4264829464000001,-9.827650504000003,1.5450286824,1.48053565,1.81637912,-3.86275059,,,
imu,73.720571,-0.4222958768,-9.808509614400002,1.552206516,1.07678251,1.81637912,-3.84779677,,,
imu,73.729044,-0.4139217376000001,-9.779798280000001,1.5420379184,0.68050628,1.92105586,-3.84779677,,,
imu,73.737518,-0.4193051128000001,-9.758264779200001,1.5234951816,0.6954601,2.05564024,-3.92256587,,,
imu,73.745992,-0.4097346680000001,-9.737927584000001,1.5145228896,0.50853735,2.06311715,-3.7954584,,,
imu,73.754466,-0.400762376,-9.727758986400001,1.522298876,0.55339881,2.13788625,-3.51133582,,,
imu,73.762939,-0.4055475984,-9.718188541600002,1.519308112,0.7104139199999999,2.30237827,-3.1225365,,,
imu,73.771413,-0.4055475984,-9.736731278400002,1.5079432088,0.8524752099999999,2.33976282,-2.93561375,,,
imu,73.779887,-0.3971734592000001,-9.722375611200002,1.522298876,0.97210577,2.49677793,-2.72626027,,,
imu,73.78836,-0.3786307224000001,-9.716992236000001,1.528280404,1.10669015,2.69117759,-2.68139881,,,
imu,73.796834,-0.367863972,-9.7361331256,1.5228970288,1.24127453,2.63883922,-2.77859864,,,
imu,73.805308,-0.3576953744,-9.7427128064,1.5127284312,1.52539711,2.81080815,-2.78607555,,,
imu,73.813782,-0.3241988176,-9.746301723200002,1.5157191952,1.64502767,2.98277708,-2.98795212,,,
imu,73.822492,-0.3062542336,-9.743310959200002,1.5109339728,1.87681188,2.88557725,-3.18235178,,,
imu,73.831202,-0.3026653168,-9.710412555200001,1.516317348,1.8169966,2.88557725,-3.46647436,,,
imu,73.839912,-0.2948893304,-9.714001472000001,1.5199062648,1.95905789,2.7734236,-3.72816621,,,
imu,73.848622,-0.290104108,-9.7427128064,1.5031579864,2.19831901,2.45191647,-3.85527368,,,
imu,73.857333,-0.2930948720000001,-9.752881404000002,1.4612872904,2.34785721,2.42200883,-3.93751969,,,
imu,73.866043,-0.2930948720000001,-9.7576666264,1.462483596,2.25813429,2.34723973,-3.99733497,,,
imu,73.874753,-0.2907022608000001,-9.773816752000002,1.4588946792,2.54973378,2.13040934,-3.98985806,,,
imu,73.883463,-0.3008708584000001,-9.801929933600002,1.4606891376,2.79647181,1.98834805,-3.81041222,,,
imu,73.892174,-0.3104413032000001,-9.8228652816,1.459492832,2.52730305,1.88367131,-3.84031986,,,
imu,73.900884,-0.3247969704000001,-9.8300431152,1.453511304,2.37028794,1.64441019,-3.91508896,,,
imu,73.909594,-0.3451341656,-9.813892989600001,1.43556672,2.25065738,1.45001053,-4.0945348,,,
imu,73.918304,-0.3648732080000001,-9.836622796,1.4618854432,2.13850373,1.27056469,-4.31136519,,,
imu,73.927014,-0.3726491944000001,-9.828248656800001,1.4493242344,1.68988913,1.03878048,-4.5431494,,,
imu,73.935725,-0.3977716120000001,-9.844398782400003,1.4648762072,1.43567419,0.9640113799999996,-4.53567249,,,
imu,73.944435,-0.4127254320000001,-9.828846809600002,1.471455888,1.07678251,0.7920424499999998,-4.44594957,,,
imu,73.953145,-0.4258847936,-9.820472670400001,1.459492832,0.5982602699999999,0.6873657099999999,-4.44594957,,,
imu,73.961855,-0.4324644744,-9.8079114616,1.447529776,0.05992275,0.52287369,-4.49828794,,,
imu,73.970566,-0.4492127528000001,-9.789966877600001,1.4367630256,-0.11952309,0.4630584099999999,-4.29641137,,,
imu,73.979276,-0.4629702672000001,-9.767835224,1.4253981224,-0.127,0.6350273399999997,-3.95995042,,,
imu,73.987986,-0.4773259344000001,-9.7301515976,1.4194165944,-0.09709236,0.7546578999999998,-3.69825857,,,
imu,73.996696,-0.4809148512,-9.716992236000001,1.4194165944,-0.08961545,0.9116730099999999,-3.50385891,,,
imu,74.005406,-0.4839056152000001,-9.7331423616,1.4253981224,0.14216876,0.9939190199999999,-3.24216706,,,
imu,74.014117,-0.4797185456,-9.7570684736,1.4289870392,0.20946095,1.09859576,-3.13749032,,,
imu,74.022827,-0.4874945320000001,-9.7750130576,1.4206129,0.33656842,1.34533379,-3.07767504,,,
imu,74.031045,-0.4910834488,-9.802528086400002,1.4206129,0.20198404,1.62945637,-3.04029049,,,
imu,74.039263,-0.4845037680000001,-9.8270523512,1.4277907336,0.15712258,1.94348659,-3.07767504,,,
imu,74.047481,-0.4701481008,-9.842006171200001,1.4367630256,0.007584380000000002,2.30237827,-3.11505959,,,
imu,74.055699,-0.4731388648000001,-9.860548908000002,1.4409500952,-0.14943073,2.51173175,-3.13001341,,,
imu,74.063918,-0.4809148512,-9.899428840000002,1.4499223872,-0.35878421,2.74351596,-3.21973633,,,
imu,74.072136,-0.4827093096,-9.9329253968,1.4648762072,-0.84478336,2.97530017,-3.3468438,,,
imu,74.080354,-0.4737370176,-9.938308772000001,1.4702595824,-1.61490509,3.31176112,-3.60853565,,,
imu,74.088572,-0.4528016696000001,-9.939505077600002,1.4576983736,-2.39998064,3.61831443,-4.057150249999999,,,
imu,74.09679,-0.4384460024000001,-9.928738327200001,1.4493242344,-2.94579507,3.9697292,-4.318842099999999,,,
imu,74.105008,-0.4193051128000001,-9.908401132000002,1.438557484,-3.58133242,4.02206757,-4.43847266,,,
imu,74.113226,-0.4085383624000001,-9.883876867200001,1.4499223872,-4.1645314,4.07440594,-4.50576485,,,
imu,74.121444,-0.442633072,-9.9101955904,1.477437416,-4.65053055,4.13422122,-4.49828794,,,
imu,74.129663,-0.6466031768,-10.0172649416,1.5677584888,-5.248683349999999,3.98468302,-4.70016451,,,
imu,74.137881,-0.6244715232,-10.0358076784,1.5540009744,-6.243112379999999,4.762281659999999,-4.85717962,,,
imu,74.146099,-0.8176748776000001,-10.0794728328,1.5067469032,-7.43194107,5.659510859999999,-5.29831731,,,
imu,74.154317,-0.7662337368000001,-10.0035074272,1.4511186928,-8.560954480000001,6.85581646,-6.120777410000001,,,
imu,74.162535,-0.6346401208000001,-9.946084758400001,1.489400472,-9.44322986,8.635321040000001,-7.20492936,,,
imu,74.170753,-0.5891805080000001,-9.8778953392,1.5205044176,-10.05633648,9.89891883,-8.042343279999999,,,
imu,74.178971,-0.4868963792000001,-9.8467913936,1.5246914872,-10.21335159,10.75128657,-7.930189629999999,,,
imu,74.18719,-0.4151180432000001,-9.8061170032,1.513326584,-10.26568996,10.76624039,-7.28717537,,,
imu,72.946529,,,,,,,-81.2999628,168.453226,115.217672
imu,73.048091,,,,,,,-81.2633412,168.1236316,117.9154632
imu,73.149654,,,,,,,-81.04361159999999,168.025974,118.330508
imu,73.251216,,,,,,,-81.2023052,167.9161092,117.3417248
imu,73.352809,,,,,,,-81.6417644,168.4043972,117.2806888
imu,73.454341,,,,,,,-81.3365844,168.453226,116.8900584
imu,73.555904,,,,,,,-80.6896028,168.39219,117.5492472
imu,73.657466,,,,,,,-79.17590999999999,167.6475508,116.6092928
imu,73.758984,,,,,,,-81.21451239999999,168.0137668,117.6102832
imu,73.868359,,,,,,,-78.8951444,167.3789924,115.2420864
imu,73.969921,,,,,,,-81.4098276,167.7696228,117.2562744
imu,74.071484,,,,,,,-81.1168548,167.8916948,117.1464096
imu,74.173046,,,,,,,-81.4220348,168.2334964,118.0619496
