Type,Timestamp,Data Gaze2D X,Data Gaze2D Y,Data Gaze3D X,Data Gaze3D Y,Data Gaze3D Z,Data Eyeright Gazeorigin X,Data Eyeright Gazeorigin Y,Data Eyeright Gazeorigin Z,Data Eyeright Gazedirection X,Data Eyeright Gazedirection Y,Data Eyeright Gazedirection Z,Data Eyeright Pupildiameter,Data Eyeleft Gazeorigin X,Data Eyeleft Gazeorigin Y,Data Eyeleft Gazeorigin Z,Data Eyeleft Gazedirection X,Data Eyeleft Gazedirection Y,Data Eyeleft Gazedirection Z,Data Eyeleft Pupildiameter
gaze,95.704228,0.518542889004873,0.3898297944953872,-11.22314606500645,47.10115708920618,306.9959912460524,-31.09059131335204,-4.657171259409478,-28.254703829264,0.001229083356615604,0.1090107386780882,0.9940398121840797,5.503597736358643,29.61397783552474,-3.45139840912239,-29.65651583000491,-0.06253455144783591,0.1911310568359762,0.9795704920974198,5.151020050048828
gaze,95.724318,0.5171931792361004,0.3896652754539735,-13.04682144464357,59.4896589483904,387.3099483716696,-31.04474379514549,-4.622614109213363,-28.25201009130999,0.0129387268882806,0.1164800219685818,0.9931087522666937,5.534085273742676,29.59015384246923,-3.468771753932217,-29.64090683493922,-0.07104602470712404,0.1844801219213724,0.9802650391548147,5.146053791046143
gaze,95.7443,0.5163359916638567,0.3947463689077753,-11.53780580291925,53.32571847174761,361.638731647892,-31.0237073256764,-4.657456727622177,-28.24091530112044,0.01755126570520146,0.1086581226903332,0.9939242252030875,5.527669429779053,29.5885927988444,-3.474839228211558,-29.64199985252447,-0.07193133948480288,0.1812384161651093,0.9808050361340345,5.137198925018311
gaze,95.764392,0.5169606615099541,0.3971827822971367,-12.53940367478581,54.50361769955434,377.0999101042156,-31.02060689161273,-4.661520898263379,-28.2357137983245,0.01788647243494397,0.1082105340216087,0.9939670791482946,5.527347087860107,29.58308929621716,-3.493522386126177,-29.63120702421348,-0.07505983306288815,0.176540728181935,0.9814272223418116,5.125217914581299
gaze,95.784372,0.5192878571586864,0.3956310139826541,-12.80293650590287,49.09941037643668,335.2650310403131,-31.04659761713759,-4.682098790242508,-28.22864515905863,0.01056275753398872,0.1045567600268198,0.9944628258944486,5.506322383880615,29.58360138930725,-3.47746685051371,-29.62330730650035,-0.07563763456055506,0.183422194617529,0.980120016508067,5.147629737854004
gaze,95.804464,0.5197276069929712,0.3949067616339517,-12.19696019159291,45.93889767836382,311.8075414832961,-31.03980632935123,-4.699192322710701,-28.21863756395247,0.01081988245845692,0.1025434229928689,0.9946696821279367,5.479642391204834,29.58510600905423,-3.478778153198125,-29.60867648182048,-0.07686142126944645,0.1869006573051779,0.9793673806183936,5.154415130615234
gaze,95.824445,0.519510424562261,0.3898075129429834,-12.25553220331829,48.7076293067405,317.3704786955993,-31.03940279087448,-4.666990647074718,-28.22798085362294,0.01025280431756348,0.1086625188011946,0.9940258231109521,5.472377300262451,29.59659541992792,-3.458518973504825,-29.60973735980095,-0.0755654582017846,0.1915523493283552,0.9785691385863046,5.152138233184814
gaze,95.844536,0.5175383061417558,0.3908304332709008,-10.72678374327063,47.41933766723824,311.5609451321524,-31.01992120706101,-4.673057210489482,-28.22413545082744,0.01452191117705709,0.1067902824293354,0.9941755125099535,5.464545726776123,29.61663652142533,-3.455827996626898,-29.61307735782986,-0.07224453316629258,0.191185877999212,0.9788915606344019,5.161746025085449
gaze,95.864517,0.5191815433126299,0.3942056238047536,-7.538809125056846,29.4327704429463,198.6490928997499,-31.04193904012969,-4.797544076294518,-28.1744279399236,0.00870332324860158,0.08786990010999797,0.996093937748388,5.37145471572876,29.63513707090895,-3.412851216220428,-29.6272897924076,-0.06747002066407856,0.2021732246602098,0.9770229186370611,5.158021450042725
gaze,95.884608,0.5117529324544493,0.3980771923887327,-5.237147485157349,33.83260081646981,236.0095235876265,-30.97364121158333,-4.863210726792566,-28.11964775108896,0.02237661254567128,0.08972552814561077,0.9957151283424253,5.316147327423096,29.68637816793101,-3.493437277668464,-29.60277017750443,-0.05629229537079979,0.1932806226249903,0.9795273239678324,5.20495080947876
gaze,95.90459,0.511851898727558,0.4027664902864179,-5.497571791498678,33.73353210804337,244.9595104555544,-30.97577715349458,-4.919546987823889,-28.08773247940861,0.02130029983924359,0.08646253804960455,0.9960273724857059,5.308845043182373,29.69300525256576,-3.51928716613232,-29.59807250640641,-0.05602928587456299,0.1871073343556281,0.9807403145352586,5.171529769897461
gaze,95.924682,0.5117722611990909,0.4137999904218632,-6.112729439352574,34.00101359507695,273.2197122770653,-30.98342541677857,-4.987140806120212,-28.0605925233855,0.01921241540770906,0.07901688199073977,0.9966881234642375,5.303768157958984,29.69879761863881,-3.599277562241524,-29.58329417703768,-0.05478418199110764,0.1716822615498062,0.9836279248133967,5.172746181488037
gaze,95.944662,0.512846657951749,0.4221063794761218,-7.491268392088212,34.68688706003701,302.9515692985696,-30.98914443082846,-5.034822094587133,-28.0437315838602,0.01793390049819295,0.07325175577119185,0.9971522228272667,5.283284187316895,29.68589509353513,-3.659956573286163,-29.57024194051994,-0.05851050076716974,0.1596766091762803,0.9854338647428049,5.175778388977051
gaze,95.964754,0.5119057155605222,0.4310690244477051,-6.885843467333894,31.31171365391349,301.8464121541738,-31.00136096176129,-5.063355579846217,-28.05250260174969,0.01569571500678265,0.06431087931620798,0.9978064718832016,5.274930953979492,29.70495701533945,-3.713341061701128,-29.57185319589233,-0.0528856101249759,0.1496914533154552,0.9873173659193969,5.219376564025879
gaze,95.984735,0.511242578087488,0.4381587413565171,-6.085031857607298,26.98883273062711,283.4006575796368,-30.99762941530404,-5.11000758367478,-28.05549950587015,0.01754029711310159,0.05491315246932669,0.9983370591453894,5.302627086639404,29.70665513847961,-3.731368148338976,-29.58162830529243,-0.05188012953322194,0.1445770839875219,0.9881325411832572,5.214758396148682
gaze,96.004826,0.5116575646565175,0.4343508730874511,-6.717788745368704,30.04210685068464,301.0277789633474,-31.00757295379141,-5.105946591482024,-28.0581085097779,0.0185073244076126,0.06024452435297639,0.9980120621659615,5.3746657371521,29.6965682564056,-3.726075177313055,-29.58264944320749,-0.05472786093435789,0.1468629087912954,0.987641709963137,5.209171295166016
gaze,96.024807,0.5165876111566875,0.4322051636809316,-7.764663077821713,24.29334643148944,237.0904724774862,-31.07771460169807,-5.0913563996868,-28.1103045546871,0.000369281687934722,0.06051604154755145,0.9981671565156058,5.357998847961426,29.70811463681222,-3.707630821839018,-29.5800287727729,-0.05292199190450249,0.1531376951178326,0.9867867596937333,5.229735374450684
gaze,96.0449,0.5145403512058537,0.4384335441565281,-7.240807350736906,24.15901483482443,254.3929687861228,-31.05826353930425,-5.132939278933509,-28.08215348883458,0.006146610918224424,0.05430861148206911,0.9985052798523951,5.351459503173828,29.71915640936582,-3.801122579849145,-29.53258248753187,-0.05196153759043743,0.1460390858297321,0.9879132472141742,5.253217220306396
gaze,96.06488,0.5145750732728462,0.4374136227132105,-5.643372411317751,19.02806617306638,197.820278905958,-31.062014748808,-5.152814914123331,-28.06798464167003,0.005231793809642006,0.05114817998457514,0.9986773713356076,5.328299999237061,29.73870242985947,-3.783167886043142,-29.52701176370308,-0.04856771463020806,0.1541138762538614,0.9868586982144953,5.32694673538208
gaze,96.084972,0.5125542568925099,0.4456054618436411,-7.6739321576602,27.24852866598326,315.5582716382135,-30.99461049699588,-5.071334670740931,-28.15003067755394,0.01884073707475079,0.04908420515281982,0.9986169272704103,5.305351734161377,29.69964097320972,-3.87289709614747,-29.51389052322382,-0.05911916474764697,0.1337066841874577,0.989256006786482,5.364447116851807
gaze,96.104952,0.5108626834332136,0.4574221006405887,-5.438885529401959,18.83861734014435,260.915193675205,-31.00810317422598,-5.106725364358253,-28.15772018451758,0.01635515828925514,0.03283001335093168,0.9993271231287136,5.26665735244751,29.74607559425209,-3.836099460347338,-29.5554147179576,-0.04911537151949619,0.1268804701621188,0.9907012801909271,5.477126598358154
gaze,96.125044,0.5067583410288631,0.467283781287377,-4.0369258459917,19.88116044001043,329.374113998759,-30.97919439289447,-4.99566761963825,-28.27607571219678,0.01993618828276856,0.0281914097593569,0.9994037186305312,5.319686412811279,29.78972381162272,-3.846889619903097,-29.6098444848416,-0.0389311252132391,0.106775057806778,0.9935207368344109,5.561297416687012
gaze,96.145025,,,,,,,,,,,,,,,,,,,
gaze,96.165116,,,,,,,,,,,,,,,,,,,
gaze,96.185097,,,,,,,,,,,,,,,,,,,
gaze,96.205189,0.5355260523634197,0.5475318462507179,-24.32088919484711,-11.3408651393629,330.1871669502637,-30.98575484616939,-5.021166420603821,-28.37058430342393,0.01858188834688918,-0.01761955035877759,0.9996720786691096,5.329902648925781,,,,,,,
gaze,96.225169,0.5389389284235142,0.5354814536419731,-26.69288748651681,-6.620302567422057,330.4720108521681,-30.98599324983478,-5.134607109074193,-28.17458673668039,0.01196933533679471,-0.004142173086268179,0.9999197854896756,5.266395568847656,,,,,,,
gaze,96.245261,0.5047707522382374,0.455775739657036,-2.611995148321038,24.37406332336843,329.1546035110114,-31.06309112391895,-4.771381767943343,-28.33199385285694,-0.00122792488407017,0.03732544438237966,0.9993024083840372,5.185379028320312,29.95262267930843,-3.768379812949668,-29.58731742145877,-0.0102114917769781,0.121988167320878,0.9924790236923813,5.442190647125244
gaze,96.265242,0.545483474884929,0.4862514740551064,-31.19754650306946,12.73737319762342,330.7908503295,-31.06679082082188,-4.665706690303336,-28.3796772223433,-0.0003636224101474101,0.04839674837880897,0.9988281246165934,5.238122463226318,,,,,,,
gaze,96.285334,0.5057572624671985,0.4716598828524095,-4.292458894624772,23.23744755169718,421.530809192173,-31.03783563338254,-4.764082494500304,-28.31698206646776,0.004743148250248588,0.03493045129559191,0.9993784899210921,5.258696556091309,29.92033366615223,-3.827165015963667,-29.65605356862716,-0.02122863823912639,0.08691214703743388,0.9959897708389659,5.498911380767822
gaze,96.305314,0.5044650858859151,0.4658939642909041,-6.919840297801992,58.01623621943227,936.1460088986,-31.03929836515528,-4.703544453044879,-28.32291940003849,0.007496115860350233,0.04895391643104332,0.9987729082794902,5.349263191223145,29.85770826858954,-3.623767553869958,-29.88677034841312,-0.0205522819916126,0.07955594367073617,0.9966185105302812,5.507681846618652
gaze,96.325406,0.4986141611765433,0.4441014049064997,4.876828576457301,82.04693193890476,933.62023812508,-31.02414947706113,-4.725556805096796,-28.31421506266424,0.01142613152978221,0.04468110497523527,0.9989359550924455,5.362285137176514,30.0163677570742,-3.546899303801061,-29.72094211773161,-0.0003029814902233419,0.1334787546515866,0.9910516284527654,5.535527229309082
gaze,96.345387,0.4961886002849185,0.4488412815955121,9.62888042579307,76.7603304358721,934.1803476768649,-31.01166792887252,-4.770543856570924,-28.2844836642948,0.01541069940053077,0.04081629371228911,0.9990478169294895,5.369420528411865,30.04731858576699,-3.735746612278127,-29.58985702550004,0.005491112008578796,0.1266566726353602,0.9919314164627756,5.585484027862549
gaze,96.36548,0.4985610723170109,0.42956693498729,5.117626114040762,98.02238531710144,931.1010548193899,-31.00913072866563,-4.764756903169682,-28.28340123174675,0.01664883559728937,0.04266707426084265,0.9989506179222646,5.38473653793335,30.01048619534021,-3.585104361557989,-29.59970444447312,-0.005037347516388084,0.1685976260030932,0.985672088291091,5.70982027053833
gaze,96.385459,0.4997613762209025,0.4262478725668271,2.779288231718542,101.6616044057561,930.3154331677977,-30.99826384616852,-4.793077026464363,-28.26263546593633,0.01671993592925738,0.04049370877869761,0.9990398907410393,5.398339748382568,30.00434951994293,-3.546914469679877,-29.59150010362849,-0.009947204229802569,0.1782838694505299,0.9839288160338415,5.721430778503418
gaze,96.405551,0.5001382667619144,0.4313704780494758,1.986192849119693,96.05243167245712,931.233837011792,-30.98888827829587,-4.801484732856131,-28.25023198629674,0.017497354204237,0.03980248757452659,0.9990543551672909,5.409961223602295,29.99641369038009,-3.577262579619965,-29.59931777498763,-0.01236561610298613,0.1674197350438689,0.9858081577346753,5.686752319335938
gaze,96.425532,0.5034993810359608,0.4439790870305192,-4.780634788919349,82.23638476432743,933.2294997711608,-30.99797673889554,-4.792596971753237,-28.26219036728425,0.01474880985302228,0.03867285860994466,0.9991430741464682,5.355224609375,29.94807891216042,-3.693878748141378,-29.59940027491023,-0.02354626399908313,0.1400998555549745,0.9898573654447195,5.604389190673828
gaze,96.445624,0.50167926725674,0.4514430369238301,-1.257242656053497,73.92446270909267,933.8000239751527,-30.96776890784792,-4.871405562346938,-28.21937305630054,0.02233611827356504,0.02845910682310142,0.9993453742622221,5.382209300994873,29.9471623797844,-3.721418294923921,-29.60494194535251,-0.02388020898969333,0.133240928849988,0.9907959378690453,5.604823112487793
gaze,96.465605,0.5006187226873952,0.4665271354009292,0.1643991765899475,13.63973410053717,223.0709512451533,-30.94976740734163,-4.903074655951754,-28.20236911820451,0.02676125950568278,0.02410987771455991,0.9993510638340555,5.401128768920898,29.95927667841786,-3.783994380640351,-29.60356216541697,-0.02143578359584902,0.1178535442642444,0.9927996017756997,5.599371433258057
gaze,96.485696,0.5000286785006698,0.4677682610823998,0.5082448379811701,15.37857575389874,257.7937178817918,-30.93701875641727,-4.906268639651236,-28.19717285298457,0.02958727112330883,0.02400526772326622,0.9992739066487277,5.426443576812744,29.96226361105021,-3.792928138164823,-29.60182653124389,-0.02256657290643442,0.1129398397504542,0.9933455302080945,5.603031635284424
gaze,96.505677,0.4992725426579604,0.4684353483503607,0.8909079567722866,14.71242765571061,250.0196421969158,-30.92854444797591,-4.910515012319808,-28.19655518718687,0.03122253761877674,0.02260288932495843,0.9992568551372604,5.435848712921143,29.97272547512832,-3.782385344212622,-29.60327792016012,-0.02134745391814013,0.1133849388669093,0.9933217715571124,5.607253551483154
gaze,96.52577,0.4996907895623117,0.474662109960236,0.8987256813127917,17.70258376070309,344.1754968894402,-30.92105750137291,-4.917055603912115,-28.19373244630964,0.03226984540945915,0.0209413716716201,0.9992597840550579,5.44690465927124,29.97472421435816,-3.835431583633321,-29.59458393328466,-0.02485173436715039,0.0969674766734972,0.9949772358031713,5.678386688232422
gaze,96.545749,0.4996280687393953,0.4726930311127914,0.8090424113592682,15.7344461532291,292.5770208446165,-30.91649808740306,-4.918582706082607,-28.19502960645121,0.03286575243733435,0.01975022995076405,0.9992646149712396,5.450901508331299,29.97170580491228,-3.808849068675291,-29.59546386496293,-0.02482255154880842,0.104735358343967,0.9941902964961827,5.655840396881104
gaze,96.565842,0.5009076346679384,0.4727274669247207,0.01802103317112369,16.25795657991113,302.4051697312742,-30.93685453982931,-4.888715810305753,-28.22869484822414,0.02652562618238329,0.02207520939352114,0.9994043607498744,5.457332134246826,29.97891043369485,-3.825922790089133,-29.58962254170569,-0.02344441624087068,0.1018478545131801,0.9945236919642423,5.638022899627686
gaze,96.585822,0.4995711974766142,0.4782797051957535,1.086188859596085,18.12109744181596,384.5304162478958,-30.92386233196636,-4.900841954253391,-28.21936619592326,0.02949612612846363,0.01992230684157685,0.9993663393538548,5.456568717956543,29.98546772484443,-3.877376547111759,-29.59403345251285,-0.02192262112584407,0.08861849970050101,0.9958243621210546,5.633731365203857
gaze,96.605914,0.4982951111015667,0.4846341100675252,2.438388477698757,17.68552108722754,447.2837470404389,-30.89218729515663,-4.910892412037837,-28.23460128132529,0.03201341677751674,0.01552309205873519,0.9993668869635242,5.456604480743408,29.99650769877038,-3.9264876008496,-29.59895999277437,-0.01986306689575234,0.07707472815041944,0.9968274398580899,5.629172325134277
gaze,96.625894,0.4967775824107821,0.4854091868697975,4.512200792260563,20.13235905654066,521.7112983921554,-30.87278653798653,-4.881599975595767,-28.27062358809458,0.03349314125826324,0.01752486912182151,0.9992852888194228,5.467325687408447,30.00849185424655,-3.953525999627419,-29.61615295855822,-0.01553193003082719,0.0714531971166097,0.997323016766049,5.638157367706299
gaze,96.645987,0.4959043133272629,0.4890457719917987,5.862487913424623,19.20888674631936,560.8723393988414,-30.86983629691415,-4.891255090088805,-28.26916004487713,0.03328570134682993,0.01484831408609491,0.9993355740964346,5.468789100646973,30.02108285874405,-3.981471958089543,-29.62802741916065,-0.01197259249324531,0.06518594522058783,0.9978013076633491,5.65573787689209
gaze,96.665967,0.494940268875479,0.4956839689395698,6.002849670509276,12.73883044006925,483.609314732569,-30.83761926895629,-4.927827845475472,-28.27897275849556,0.03707079198037157,0.004755644932971499,0.9993013260389579,5.442045211791992,30.02876962634052,-3.987388919654343,-29.63118421426669,-0.01207704671018198,0.06222175833966172,0.9979892773631793,5.672356128692627
gaze,96.68606,0.4936426745712389,0.4999318233810148,7.152704487713946,10.07411866742047,473.5976480240656,-30.82158911433289,-4.94681526576857,-28.2815660024869,0.0394450352086705,-0.0002986050471643457,0.9992216971385343,5.427784442901611,30.04268498157276,-4.001330488413703,-29.64100390125611,-0.009447415196492073,0.05809806979851283,0.9982661772452237,5.680992126464844
gaze,96.706039,0.4933124263347716,0.5037525187090841,9.016176007777307,9.573546669527573,572.253642858632,-30.8156505297861,-4.950432263941684,-28.28225964777773,0.04030113735540818,-0.001524295324137902,0.9991864164667299,5.423727989196777,30.04543482149409,-4.042468862727961,-29.65220628196114,-0.009042489733756848,0.04826536702954277,0.9987936161815004,5.688450336456299
gaze,96.726132,0.4934455555475925,0.502143659584447,11.26118479448794,13.54962713077599,726.8424392933978,-30.82186093780071,-4.916275006283385,-28.30340876695767,0.0387035386492339,0.004259797089119346,0.9992416575707734,5.43496561050415,30.05117449678273,-4.061564894378979,-29.6651792421204,-0.007899840241141386,0.04342038117158288,0.9990256568392419,5.682827472686768
gaze,96.746112,0.4972398504157918,0.4987949756886619,4.776945780356178,14.40786620150899,634.9905232519084,-30.82524247712226,-4.90060446986488,-28.31533923545211,0.03714346385810694,0.006749651532835943,0.9992871485698228,5.440073013305664,30.01305500840602,-3.99998985454465,-29.70812876817253,-0.02150975231248781,0.04996057499883295,0.9985195398695218,5.670114994049072
gaze,96.766204,0.4971466433914244,0.5006029311364361,5.441865498991356,14.51840230335904,706.7889912079622,-30.81986370065793,-4.894264511425427,-28.32126343465588,0.03748116358756638,0.00740663601925161,0.9992698855259277,5.441573143005371,30.02092132499079,-4.009663691311344,-29.72899900403332,-0.02158319378583592,0.04408395311551185,0.998794658988379,5.663325786590576
gaze,96.786185,0.4956690695460805,0.5021908769673509,8.762612282731626,15.11385294758612,811.3479807739967,-30.81725562939496,-4.891175101406704,-28.32663160910387,0.0372436820424563,0.007433667072036958,0.9992785641360384,5.440273761749268,30.03821612529579,-4.038967247602233,-29.72757063622722,-0.01545762186263332,0.03911107479104158,0.9991153015318309,5.671294689178467
gaze,96.806276,0.4949893958047484,0.503341335273742,10.99479020721145,15.518337414946,899.6374352205763,-30.81724630208909,-4.887666865399733,-28.33045028204809,0.0368272349269325,0.007554597767806915,0.9992930915503236,5.442872047424316,30.0487122307021,-4.052652480092211,-29.73191385451132,-0.01232150590850209,0.03545309767773098,0.9992953809345864,5.678580760955811
gaze,96.826257,0.4948505161302233,0.5046239103490264,11.11817414609304,13.98664634363786,889.470441602052,-30.81445462109548,-4.89169164616436,-28.33327177853767,0.03721678627823483,0.005887742243003483,0.9992898705132562,5.437482833862305,30.05159945498344,-4.04829756386825,-29.73948541041387,-0.01217734056416594,0.03426338306084918,0.9993386477856292,5.679896354675293
gaze,96.84635,0.4937865990440363,0.5067543500643202,15.33943390743409,13.73068150586589,1042.06713052935,-30.81238139282491,-4.888273856877776,-28.33816220920053,0.03742030665945546,0.005832335873054381,0.999282594918863,5.439606189727783,30.07283120295623,-4.049707334618963,-29.74971827606187,-0.008093857731583262,0.02812574579795415,0.9995716241922485,5.66898775100708
gaze,96.866329,0.4937960907787197,0.5064160814053839,15.09051882852905,13.93476895683541,1026.28098346067,-30.81076186890499,-4.886659866804519,-28.33750171515323,0.03786466821297629,0.006199742930244126,0.9992636439342323,5.439964294433594,30.08206572275675,-4.031383857682705,-29.74042243815865,-0.008581644154180596,0.02863354087102766,0.9995531380175835,5.668867588043213
gaze,96.886422,0.492250212787849,0.504938817053361,19.69983916833811,16.76200676961966,1095.456859663361,-30.79294070760961,-4.867828364849874,-28.30831539687414,0.04362865116170631,0.01335194153673419,0.9989585909611118,5.44956636428833,30.09165719736358,-4.041050310730569,-29.73555503970905,-0.007983783833093366,0.02435622858991566,0.9996714626939104,5.672448635101318
gaze,96.906402,0.4941018957797499,0.5027689083647444,14.09655397086243,17.90658404918977,999.6928669417493,-30.8012974336557,-4.859013320657812,-28.32918335266159,0.04047673039828452,0.0127844867050738,0.9990986894175933,5.451862335205078,30.07795553058135,-4.00743708941264,-29.73596175767458,-0.01237439046304343,0.03061150810433975,0.9994547563708156,5.674979686737061
gaze,96.926494,0.4963645968397499,0.4989547533750646,7.404092307382994,17.76889177272188,790.3077000039295,-30.804903228301,-4.854632136100389,-28.3332627336072,0.03929439552921096,0.01254607445968502,0.999148911071641,5.45560884475708,30.05512997793205,-3.949504835636048,-29.74299092240607,-0.02029504325825949,0.04150644099774026,0.9989320930748229,5.641568183898926
gaze,96.946474,0.4963522005502294,0.4987773639655168,6.254467410352673,15.10499880763571,665.5965285220977,-30.80024710840453,-4.869029255017561,-28.32346292096085,0.03899609902827775,0.007846320912241316,0.9992085565630027,5.447188377380371,30.04709313439399,-3.905226295009526,-29.77971991910861,-0.01988894914380936,0.0481895859745793,0.9986401721869362,5.744736671447754
gaze,96.966567,0.4934630296909583,0.500492552292523,13.49850158119244,17.97022599209029,872.2447769192704,-30.79843211030707,-4.859399619436786,-28.31853305291985,0.03859342486903806,0.009413054310874809,0.99921065945346,5.453671455383301,30.09472233974318,-3.93554686594753,-29.78900443591828,-0.007871039765392234,0.04017221906004287,0.9991617684583433,5.738118171691895
gaze,96.986547,0.4946052839139292,0.5004357273178697,11.03574285793141,17.47730643737324,844.6606361946194,-30.80751506643809,-4.841112544645497,-28.37720874365312,0.03814406546254775,0.009644123306708663,0.9992257108159468,5.463053226470947,30.0748673809464,-3.937399439800545,-29.78321608797519,-0.01204943799473051,0.04035670042590617,0.9991126802191758,5.717629909515381
gaze,97.006639,0.4977423216768454,0.5042850472682204,5.712430697561388,14.44046241836472,892.3865087021575,-30.87350778087907,-4.799202749056547,-28.43720276548589,0.03074064807744894,0.005956053620497352,0.9995096487683589,5.463773250579834,30.01393184804197,-3.956486177218665,-29.78988254512398,-0.01739381198166858,0.03484665069324211,0.9992412953036967,5.737810611724854
gaze,97.02662,0.4910538193169027,0.509306398350613,11.33920548823698,5.596807721161446,554.3240543382723,-30.89878433936065,-4.803675711182978,-28.45969246204909,0.02796179868449707,-0.001233040294301886,0.9996082319718862,5.445959091186523,30.11663809086114,-3.959781038502181,-29.79586850888445,0.01222741690594159,0.03541652448063477,0.9992978335158749,5.581770420074463
gaze,97.046711,0.4952477604778741,0.5091729036787147,8.158969207102231,7.26315903981288,702.7712425689763,-30.91264175648404,-4.800428987115589,-28.46777553729306,0.02640552878251611,-0.003704958602587322,0.999644447456929,5.451823711395264,30.04543511031508,-3.952026443235786,-29.79432142013679,-0.002925079132644421,0.03547909504738842,0.9993661379728085,5.664243221282959
gaze,97.066692,0.4959750467020188,0.5103980187662366,6.212983020917571,5.493105791035921,617.4972208275442,-30.91823000360128,-4.805454022444954,-28.46863766827252,0.02591020693122041,-0.006597540750848544,0.999642502914328,5.44636058807373,30.01539145078097,-3.92331147714805,-29.82403472579598,-0.005291615191842971,0.03704551057975807,0.9992995691756035,5.719979286193848
gaze,97.086784,0.4983280758267682,0.5096055894697941,4.575904356935407,8.853562141193597,896.0786070812503,-30.92270648593815,-4.761964893260093,-28.49051275412135,0.02581206936431061,-0.00149557245920854,0.9996656942889216,5.461759567260742,29.96442823525366,-3.941854320667758,-29.80930690200191,-0.01486843485055042,0.03001153476225317,0.9994389613309606,5.747972965240479
gaze,97.106765,0.499647567236234,0.5105612903823334,2.231667832596905,8.464801858951747,964.9984749140334,-30.93051841091744,-4.745768084180607,-28.50211473293722,0.02439597311538808,-0.000850849317488238,0.9997020118771356,5.464206695556641,29.94237975270442,-3.94102869657589,-29.80436987105318,-0.01889023468626949,0.02659173239574864,0.9994678778238402,5.751505851745605
gaze,97.126857,0.5001850875315438,0.510434014204994,1.157908104369305,8.765021701876364,981.2002299746218,-30.93132462370001,-4.732767053414376,-28.50858505310515,0.02435398197278116,0.0001849323850470867,0.9997033806895337,5.468968391418457,29.93014517917517,-3.933915472989037,-29.80250131190823,-0.02104580716307644,0.02571733607230631,0.9994476937920257,5.749035835266113
gaze,97.146837,0.5009920493061755,0.5098588645038609,-0.5251894803886419,9.801036317152809,1017.71930378416,-30.93522930565243,-4.713744527339713,-28.51531172293848,0.02211969897992756,0.00128481125469583,0.9997545039543844,5.479004859924316,29.92405177533054,-3.926181007022087,-29.80206714209589,-0.02213015767929255,0.02566661870483273,0.9994255754208767,5.750207424163818
gaze,97.166929,0.5013919560244304,0.5114896396681897,-1.414066935345446,7.910846717976318,1026.868607605521,-30.93684355662123,-4.719551291470494,-28.51504265230221,0.02230860008383278,0.0003251494459841666,0.9997510793393212,5.475949764251709,29.92134782585859,-3.923835210202598,-29.79399803246099,-0.02399543199551608,0.02281872670651578,0.9994516121127837,5.740875720977783
gaze,97.18691,0.5010750399818558,0.5118067221358248,-0.738898734602655,7.598917200618303,1037.842080030073,-30.93765917317208,-4.720424508870304,-28.51635950369703,0.02233411843971003,-0.0002517784876443011,0.9997505307631072,5.475470542907715,29.92912506481512,-3.919599480830132,-29.79077818393227,-0.02274675393775495,0.02257068847105636,0.9994864427330856,5.718291759490967
gaze,97.207002,0.5010144676275602,0.5119139034753744,-0.6316213608791923,7.762438958240473,1079.076123046442,-30.93927797307278,-4.713052897171856,-28.51949686105749,0.02211637191622153,0.0002867090835156281,0.9997553620217122,5.47805643081665,29.93147127406948,-3.921916238048923,-29.78980211723397,-0.02232136068081467,0.02149363387870135,0.999519774971984,5.714728355407715
gaze,97.226983,0.5014153285655684,0.5120496006275679,-1.631501342635309,8.019198626904695,1139.048746530933,-30.94318819415412,-4.701782185409509,-28.52595035918373,0.02053037997101996,0.0008149026737898707,0.9997888974337922,5.482893466949463,29.93026033467222,-3.925702038908991,-29.78960721844583,-0.0224316820837523,0.02028141317035354,0.9995426373690655,5.717243194580078
gaze,97.247074,0.5016660122996052,0.5111494180275525,-2.331520298654192,9.692047272592678,1194.704010036748,-30.94394986228343,-4.687670356028178,-28.52857509632381,0.02026849528205177,0.00335986054949113,0.9997889274422326,5.493697643280029,29.92545164504343,-3.927370114237122,-29.78978833649844,-0.02322154781696352,0.01950127901652881,0.9995401241739643,5.725661277770996
gaze,97.267055,0.5019606485485636,0.5113276340622772,-3.120772575563761,9.58272906602354,1211.972268503814,-30.94627401942163,-4.685364443320672,-28.5311416832084,0.01978042471095724,0.003735998349670414,0.9997973680274347,5.495285987854004,29.92056615357108,-3.92882564525171,-29.79059799057901,-0.02395723088866621,0.01863079730514207,0.9995393661481884,5.729793071746826
gaze,97.287146,0.5019991663301189,0.5094917707297518,-3.260325290281472,12.46977426347209,1236.485858393385,-30.95001911189451,-4.673137066400689,-28.53705185487785,0.0189366759301328,0.005506828366763926,0.9998055196617271,5.501186370849609,29.90834654998337,-3.900376312942222,-29.81741391954829,-0.02324079134937298,0.02095422145703934,0.99951027319412,5.761947154998779
gaze,97.307127,0.5021455353430943,0.5087997989753457,-3.807653784157319,14.1361872499184,1295.895845428951,-30.9514250675957,-4.651977306698203,-28.55145586374535,0.01859301456753406,0.007714062334959967,0.9997973759975487,5.513185977935791,29.91015889712883,-3.894430815052083,-29.82632482471736,-0.02353006863162031,0.02005587568646373,0.9995219345870507,5.754222393035889
gaze,97.32722,0.5034372553751671,0.535574797455533,-10.77284037835942,-37.67865283769822,1812.739559802646,-30.92371314263891,-4.494820367276308,-28.7886308329444,0.01078990279173085,-0.01966829400052832,0.9997483364371526,5.494956970214844,29.88089431704915,-3.854429541841176,-30.1311515307961,-0.02190093948230841,-0.01669553684068577,0.9996207320275995,5.642722606658936
gaze,97.347199,,,,,,,,,,,,,,,,,,,
gaze,97.367291,,,,,,,,,,,,,,,,,,,
gaze,97.387272,,,,,,,,,,,,,,,,,,,
gaze,97.407364,0.516879988887293,0.6393023569721222,-169.0561751091302,-685.0637233525315,4798.577414543483,-31.07710947913776,-4.794108555819483,-28.96201050947845,-0.0305241577645802,-0.1365277729158932,0.990165866416021,5.075480461120605,29.87020487992259,-4.206743648877811,-30.31187209297752,-0.03852633374323848,-0.1424516043861685,0.9890516983535851,5.338042259216309
gaze,97.427344,0.5139683124640094,0.6343751698929633,-82.41102412956432,-388.3986354513492,2834.462411142644,-31.03559053619724,-4.730914031442122,-28.97871284090443,-0.02128023187886744,-0.1278836163458703,0.9915608566303352,5.158974170684814,29.91606423007227,-4.169499312827043,-30.27552421948651,-0.03533760118051638,-0.1377296138947234,0.9898392836209409,5.395945072174072
gaze,97.447438,0.5062872914133332,0.5910866150150946,-12.55553947644837,-86.53649134901855,1003.297729320728,-30.93294733292447,-4.598026937938385,-28.77455787830376,0.01079468146459256,-0.0667931144308134,0.9977084517616909,5.325626373291016,29.93914168887822,-4.01942723561948,-30.15452539055129,-0.03401791955677764,-0.09185412969937883,0.995191237906664,5.479771137237549
gaze,97.467417,0.5053752113319717,0.5366364024832034,-13.47431696521577,-29.54260692118839,1342.532153587136,-30.93881099265024,-4.406833905372711,-28.72269327060868,0.01042113037622465,-0.01165097129166671,0.9998778199908439,5.518109321594238,29.96408804125387,-3.804383993230823,-30.04449449959615,-0.02931779723277091,-0.02540568315837903,0.9992472256797486,5.639742851257324
gaze,97.487509,0.5011600651357696,0.5108238098328095,-0.918088032742876,8.848473350129051,1042.33285934217,-30.92555280989855,-4.411532173719451,-28.6674364507463,0.01876914331062242,-0.00113133838594525,0.999823204038015,5.511580944061279,29.99466406851818,-3.607207516122762,-30.03003957975097,-0.01958893339632873,0.0251019092171787,0.999492955373897,5.7069993019104
gaze,97.50749,0.4992039835351465,0.5157050608535569,2.780432454895202,2.320820344491401,871.0095280786495,-30.91612211117785,-4.48347831114476,-28.61297751301549,0.02613223080594356,-0.008640817651470973,0.9996211496279073,5.46611499786377,30.00764301000686,-3.641540213944655,-29.98832332540663,-0.01892072292867559,0.02279523984165559,0.9995610953235515,5.71606969833374
gaze,97.527582,0.4990700686351912,0.5061012637438858,4.657067031452058,18.28139412065087,1301.00330514888,-30.91276480169245,-4.423651714272348,-28.62727769057978,0.02258783841441035,0.008086647836441994,0.9997121564143021,5.495291233062744,30.01890071039676,-3.604387756505405,-30.01607144861514,-0.01490122716267292,0.0254125745354323,0.9995659830569102,5.737717628479004
gaze,97.547562,0.4981097967416449,0.5111416863123467,4.297902438217783,6.237144882479749,774.3827644737758,-30.91364469217087,-4.509842673506752,-28.57380784058362,0.02729765212112173,-0.005691914960368814,0.9996111445420957,5.456687450408936,30.02147512636068,-3.677666218967548,-29.93159659608211,-0.0154709963131314,0.03136671808721964,0.9993882014860471,5.746155738830566
gaze,97.567655,0.495469989699455,0.5046826342843604,8.45140626216607,11.83056154344871,755.136085506048,-30.9069600159503,-4.496083494769198,-28.55778563861339,0.03103588901213222,0.001121237297295172,0.9995176418753947,5.484213829040527,30.03653757903166,-3.663655674481504,-29.93542703543203,-0.008374852330167704,0.03940420605374875,0.9991882557324829,5.731908798217773
gaze,97.587634,0.4989570213416635,0.5046483269372359,3.800237560355477,15.6347360335077,991.1856726115911,-30.90681511583784,-4.49646784389527,-28.58006529866538,0.02668498705247466,0.006690730553637936,0.9996215011646499,5.492550849914551,30.0217046863939,-3.74217459047485,-29.86136030035653,-0.01835116351757598,0.03199423538580597,0.9993195703575654,5.711487770080566
gaze,97.607727,0.4968180150838052,0.5009111413466973,9.493706735234962,22.82355599478242,1131.605562142055,-30.89412118484402,-4.480323427713404,-28.54812148987843,0.0322588439922426,0.01560580040327117,0.9993577067186993,5.514082431793213,30.0258690558862,-3.708038733109265,-29.90075228702808,-0.01514805014395813,0.03073709945633338,0.9994127111928524,5.703100204467773
gaze,97.627707,0.4968470678990196,0.5029879464197634,9.237041359210451,19.69122871241242,1112.225660345528,-30.89293647215188,-4.501768066249658,-28.53369395566851,0.03235833548792923,0.01284404442373498,0.9993938005847804,5.506672859191895,30.0233471852954,-3.707528604109122,-29.90805762599931,-0.01540377883783062,0.02882054815564949,0.9994659071731878,5.71123218536377
gaze,97.6478,0.496994801623021,0.5022385283428417,9.269673091222124,21.54385256035699,1158.475421750128,-30.89344879651943,-4.505399508098495,-28.52515898203928,0.03075962774325462,0.01344760471206257,0.999436344760688,5.503754138946533,30.02427244883712,-3.680889527554612,-29.93245210229218,-0.0144105372784006,0.02969305245585303,0.9994551811117905,5.722342014312744
gaze,97.66778,0.4968395868823688,0.5048426467268001,9.510124964366709,17.7632136100891,1145.795406920321,-30.88970614622781,-4.510374313162069,-28.52654573535845,0.03136345878631769,0.01046285549970505,0.9994532816033732,5.499283790588379,30.0233879502707,-3.685096218968439,-29.94184708629402,-0.01443045753685104,0.02672146757212267,0.9995387561600947,5.722503662109375
gaze,97.687872,0.4973244592429408,0.5048331924916598,9.144788196392106,19.50785634424721,1256.675119548224,-30.88080350471244,-4.475615965712312,-28.56551940503195,0.02945843224712245,0.0124402503111843,0.9994885897006213,5.514423370361328,30.02671026514077,-3.706467212994148,-29.92812047688717,-0.01456279199382365,0.02424239002900368,0.9996000358218413,5.719357490539551
gaze,97.707852,0.4976601604427529,0.5077675831824944,7.760758850851508,14.30557837759403,1187.383788183212,-30.88234177062867,-4.486701399500623,-28.58092244013958,0.02728689844305356,0.005692574523792856,0.9996114343927092,5.503117084503174,30.02724284154986,-3.720372139889304,-29.9188715725269,-0.0138161190883785,0.02455082321815487,0.9996031072043778,5.720431327819824
gaze,97.727945,0.4975901997934919,0.5079538137747743,7.803875121158375,13.81212983296371,1167.973736215514,-30.88145150452969,-4.491593015643446,-28.56887195895172,0.02852508533590643,0.006070336777973949,0.9995746447954656,5.506097793579102,30.02286025176094,-3.731597539680012,-29.91126995414543,-0.01476035446352124,0.02385303151981864,0.9996065049925524,5.717726230621338
gaze,97.747925,0.4975552058522324,0.5073117464670291,7.966323031388836,14.82738530310749,1178.011939213709,-30.88136133609363,-4.48884305267018,-28.56223445461853,0.02883220701829962,0.007283595597018447,0.9995577287348806,5.510315418243408,30.02210882414866,-3.73523839789984,-29.90695340543835,-0.01491235682217725,0.0240730929744638,0.9995989734931959,5.715827941894531
gaze,97.768017,0.4973644623519624,0.5065142536127228,8.456967607629775,15.94925723728765,1178.862520432236,-30.88177764846661,-4.490579510706071,-28.55851968005735,0.02801994409914296,0.007068638099313306,0.9995823713372008,5.510560512542725,30.02563219242546,-3.729793318319703,-29.90554126458379,-0.01330184806755427,0.02611871045279984,0.9995703445992536,5.718445301055908
gaze,97.787997,0.4970764764792787,0.5061260735452304,8.981482807865675,16.13208901850058,1153.570793610543,-30.88150906448412,-4.498127973914082,-28.54905763344828,0.02875574592752101,0.007131505342553621,0.9995610280056447,5.510414123535156,30.02520872260109,-3.726704102196204,-29.90615795661538,-0.01283691715470841,0.02707759466129112,0.9995509078707909,5.71856164932251
gaze,97.808089,0.4970114875205155,0.5030387242627578,10.45912274214295,23.19514393648187,1314.380925326219,-30.87675313210302,-4.464511367683861,-28.56502576879915,0.02867511654621291,0.01389027941934734,0.9994922700194904,5.531813621520996,30.02484833214734,-3.723621943129259,-29.90993710872581,-0.01246732570837359,0.02670707683505607,0.9995655545468781,5.719180583953857
gaze,97.82807,0.4969872743749156,0.5079756687399282,11.06722467430289,16.40368345331834,1391.517867679133,-30.87206059157124,-4.480069686733157,-28.55897872507905,0.02869434816400133,0.01044782197087043,0.999533629949242,5.522952556610107,30.04514360966506,-3.762717037313307,-29.91669105478123,-0.01252635206580891,0.0184326346942081,0.9997516333980923,5.699671268463135
gaze,97.848161,0.4964238143579644,0.5089025309635428,12.63927973206289,14.77969252053886,1384.110271730272,-30.85876192719476,-4.483081474848057,-28.55601860762587,0.03014155683716026,0.00985848724029023,0.9994970218968967,5.527000904083252,30.05862411454796,-3.768454463400136,-29.92315899982734,-0.01168468513169814,0.01688268786007301,0.9997891992735232,5.705259799957275
gaze,97.868143,0.4960912576757215,0.5091312423245076,13.58920994320551,14.37684733138792,1382.323200684226,-30.84671371023575,-4.480952217817056,-28.55425647970925,0.03112550829130394,0.0104958910892693,0.9994603739037633,5.533137321472168,30.065921140873,-3.774463382177757,-29.9238354614472,-0.0113140528797145,0.01571172741857095,0.9998125493456058,5.698621273040771
gaze,97.888235,0.49484263063694,0.5068462920553408,16.21753509237444,16.9919145027897,1298.338724151782,-30.82971419544621,-4.489534504818947,-28.54495009361949,0.03358202694689925,0.0097918106304172,0.9993879966813269,5.536553382873535,30.07230154942197,-3.762540018477254,-29.92563059010104,-0.00858116214356419,0.02200557367511034,0.9997210202769047,5.715481281280518
gaze,97.908215,0.4934679211214166,0.5060705959846995,19.94917189963023,18.11116959963099,1295.357000022706,-30.80826682892778,-4.490818347750039,-28.53153160237364,0.03701272878160217,0.01161887727826935,0.9992472464805355,5.545592784881592,30.07997261976754,-3.768910729868756,-29.92604926533404,-0.00634973577963399,0.02194422629887921,0.9997390318416464,5.70561695098877
gaze,97.928308,0.4927857056050965,0.5056610352798276,21.3920748212497,18.35660317956803,1269.951377919288,-30.7909233352275,-4.490708225730223,-28.52329488543802,0.03917728320926618,0.01275990671264771,0.9991508020619438,5.551449298858643,30.08290665731268,-3.763005428077204,-29.93269115886872,-0.005712592539935336,0.02183146106781552,0.9997453443723143,5.709940910339355
gaze,97.948287,0.4923034416566608,0.5065328630231466,22.17944827489039,16.66159983281085,1242.394374088607,-30.77715572125824,-4.496322769109902,-28.51801330519286,0.04079260576422247,0.01209108680953262,0.99909447447913,5.55033016204834,30.08536558232663,-3.75983101354216,-29.94042832612317,-0.005378939645139249,0.02058714679899813,0.9997735925673225,5.708461761474609
gaze,97.968378,0.4917678481921677,0.5068213578980384,22.91216310322709,15.76463644809352,1207.245882598098,-30.76162732209932,-4.496528943004299,-28.5143280587851,0.04276645830175203,0.0123621361288047,0.9990086123926348,5.554021835327148,30.08834209520322,-3.755222458897791,-29.94727293569952,-0.005178746240086602,0.01979060704063409,0.9997907343341127,5.712008953094482
gaze,97.98836,0.491879323669988,0.506588769125494,22.81646192005637,16.23193685992174,1217.111393946931,-30.7633003944751,-4.493980721402778,-28.51625338158539,0.04238311376725249,0.01272859284203049,0.9990203474362542,5.554146289825439,30.09088656323943,-3.74758602835932,-29.95358806016362,-0.005246758646523964,0.01991091614023822,0.9997879909971723,5.716140270233154
gaze,98.008452,0.4915144084819587,0.5064666672607067,23.56772340958658,16.27024588306733,1207.498074747518,-30.75496735211412,-4.490978447244411,-28.51220067519645,0.0434891748744607,0.01346093293249491,0.998963210009921,5.557721138000488,30.09614825531571,-3.745060986363614,-29.95823834267234,-0.004862497315453407,0.01948918241206397,0.9997982435915592,5.718506336212158
gaze,98.028432,0.4910180823088857,0.5067904562617126,24.76136060451633,15.75273505505502,1204.27511252011,-30.74991025929561,-4.495284177218088,-28.50924499434807,0.04426769092077349,0.01212699381183478,0.998946098426552,5.554647922515869,30.09894021872687,-3.76670825920424,-29.94567888424665,-0.003613944441006628,0.02009152060098796,0.9997916133902691,5.70058012008667
gaze,98.048524,0.4913119256339362,0.5067102326818265,23.97974617810821,15.85026297585387,1202.464455384644,-30.74469663969443,-4.468048872056739,-28.52272425826633,0.04309866193220469,0.01080356714085939,0.9990124064678509,5.564784049987793,30.09885852365187,-3.741700194546042,-29.95673191641646,-0.003656815406708993,0.02157806843754017,0.9997604786465537,5.719830989837646
gaze,98.068505,0.4919246474118066,0.5091459182435807,20.81891655721234,11.52004549337674,1118.055441877026,-30.74529282916845,-4.472925805663268,-28.52907237518472,0.04199481729179684,0.005455626175585153,0.999102933367559,5.552813053131104,30.09459766071822,-3.729567309232102,-29.9595855578896,-0.005150637050234955,0.02175803845015783,0.9997499980999142,5.732119083404541
gaze,98.088597,0.4923140135666625,0.5087103655115042,21.14078478839844,12.85682010381683,1187.396273329638,-30.75055327381612,-4.457519041078328,-28.53103781621246,0.04049843331716633,0.007081343243298852,0.9991545083102641,5.55797004699707,30.0949703322799,-3.724576149428741,-29.9637763225352,-0.005219370364837006,0.02076176351808052,0.9997708274142699,5.734230041503906
gaze,98.108577,0.4928884897274496,0.5101234446645005,19.1094573299808,10.56308065526737,1152.848770051911,-30.75321653628352,-4.459393328262068,-28.53393878576721,0.03944028394835751,0.004621352480796839,0.99921124248245,5.555227279663086,30.09111504431757,-3.717446714057774,-29.96623638333058,-0.00655722641107276,0.02015227652149948,0.9997754190480956,5.74189281463623
gaze,98.128669,0.4932212731063086,0.5104254642162792,18.38677383624571,10.20779246088475,1158.563095305443,-30.75530109854793,-4.453761937180093,-28.53526368690013,0.03875185175228033,0.004434327508781787,0.9992390258218072,5.555355548858643,30.09078448809797,-3.714730223384483,-29.96486020468424,-0.007239876527060957,0.01961539454305057,0.999781386346432,5.744987010955811
gaze,98.14865,0.4933849641837579,0.511473556480763,17.51598546472635,8.54846960003405,1129.12677968421,-30.75573219532961,-4.456833117868616,-28.53579998599499,0.03849164608427491,0.002504805452415809,0.9992557826359418,5.551227569580078,30.09229926549373,-3.714152422323935,-29.96084381418026,-0.007681823103844632,0.01929450471365578,0.999784332584611,5.749579429626465
gaze,98.168741,0.4936675661871501,0.5109536501086541,18.21927370039781,10.00266757780187,1220.905294700692,-30.74734925333275,-4.412564916348529,-28.56203168823369,0.03846752014480963,0.00734733246652184,0.999232839031792,5.580212116241455,30.10285088050376,-3.736106604841834,-29.93553154101097,-0.008809642526823539,0.01516128176872494,0.9998462510474694,5.742756366729736
gaze,98.188723,0.4939599665500187,0.5101369511675624,17.09716521702307,10.94836572215732,1194.321801445988,-30.74155228506356,-4.390695813077065,-28.57366330228726,0.03883457315611054,0.009903855789628302,0.9991965720358937,5.596120834350586,30.1013671725481,-3.741989465865379,-29.9264761512448,-0.01036914926219994,0.01462581304189216,0.9998392702511949,5.74230432510376
gaze,98.208814,0.4939128081509944,0.5096526608627701,17.10645285322268,11.55483280897495,1186.263712609921,-30.73759128368286,-4.378891798314573,-28.5786267884213,0.03926746390946938,0.01153805631388263,0.9991621187448092,5.605429172515869,30.10306017230374,-3.746633711363472,-29.92130015363917,-0.01060333838827056,0.014145788316564,0.9998437207323588,5.742412567138672
gaze,98.228795,0.494189456404276,0.5101829893688321,16.34325530493434,10.77296578900196,1181.662608681668,-30.73924351338513,-4.383812229567718,-28.58023893660357,0.0386329202321694,0.00994031157286137,0.9992040270536191,5.600029945373535,30.1027856983753,-3.744534467962217,-29.91854359504346,-0.01111715208313528,0.01455267011623359,0.9998323002994295,5.746200084686279
gaze,98.248887,0.4941575801548126,0.5105720373034743,16.43368584542804,10.23713414279661,1182.83313378207,-30.73883509865638,-4.385336305175309,-28.58151365190029,0.03860631760331986,0.009187940630021266,0.9992122567243112,5.599122047424316,30.10524720924799,-3.746306847867889,-29.91451592094866,-0.01097036008885539,0.01440044738235562,0.9998361257299663,5.747532367706299
gaze,98.268867,0.4944605715330883,0.5119800993046553,15.41162514919893,8.1384219844186,1164.179646490458,-30.73898276038283,-4.388098889266496,-28.58173184360085,0.0385025635993016,0.008349628129722425,0.999223616767727,5.595933437347412,30.10736484425813,-3.759200610515637,-29.90208186924754,-0.01214699581890477,0.01210576510677388,0.9998529396585055,5.740045547485352
gaze,98.28896,0.4942000664426691,0.5112527433165945,16.09899189326758,9.158379297760485,1166.928531667586,-30.73667190455749,-4.382846832949451,-28.581792611261,0.03901578095474206,0.009378909480235993,0.9991945780945036,5.600080013275146,30.10955241489845,-3.758467185840752,-29.90138260798696,-0.01157693109623442,0.01272886685155505,0.9998519643502575,5.742737770080566
gaze,98.308939,0.4937253352292892,0.5097680927697342,17.27163579751665,11.19222107820467,1165.852008289603,-30.73145066024381,-4.371239196238504,-28.58268222979747,0.04010578954694465,0.01178125265886632,0.9991259819114927,5.607938289642334,30.11434035590863,-3.756288000811117,-29.8988995062086,-0.01069146974802837,0.01373636591895975,0.9998484908854778,5.745032787322998
gaze,98.329032,0.4933127795308177,0.5091002512740118,18.14725732015675,12.00859103079334,1156.415442724233,-30.72597738343124,-4.361593672182704,-28.58457489871441,0.04120451842307855,0.0135660036986266,0.9990586325162157,5.613151073455811,30.11823804748871,-3.758809058707542,-29.8958118019081,-0.01008976231655101,0.01352464450545744,0.9998576302091197,5.744016647338867
gaze,98.349012,0.492897909844132,0.5076247925722245,18.42099007859606,13.46906151552666,1110.693401628389,-30.71779914381482,-4.344173698310973,-28.58143639296759,0.04302016065222847,0.01682005238391756,0.9989326061428062,5.62094783782959,30.1189230727638,-3.758106152010246,-29.89280535176383,-0.01018819957563344,0.01390071814998407,0.9998514742822165,5.744571685791016
gaze,98.369105,0.4921315106981326,0.506129556400343,19.06936080310399,14.53370732021511,1046.63449557812,-30.72032322244653,-4.349061094632866,-28.55490796350176,0.04588020578082357,0.02061888570089875,0.9987341329252558,5.62065601348877,30.12023477230274,-3.757875779715344,-29.89184602235456,-0.009892260489017425,0.01391066763531297,0.9998543076410471,5.745449542999268
gaze,98.389085,0.492233299314967,0.5081299404403362,19.84044713686652,12.70520607347311,1103.385902198692,-30.72477871006717,-4.360948149657972,-28.5526376088232,0.04456278006154502,0.01618816383411584,0.9988754186508277,5.603838443756104,30.12426433076586,-3.758668374107066,-29.89054804675391,-0.009014064423395777,0.01339784471014863,0.9998696136995532,5.747811317443848
gaze,98.409177,0.4917771166169658,0.5096781173927855,21.6696054629851,11.0715275816038,1144.988248152632,-30.72507569019716,-4.360463168130794,-28.55236989133089,0.0444664298036044,0.01485393024547176,0.998900444176888,5.601524353027344,30.13203392036451,-3.760922741582378,-29.89102282804064,-0.007070051038533516,0.01090543688763402,0.9999155393455001,5.748070240020752
gaze,98.429157,0.4918340214985076,0.5131275840547556,23.11116688164422,6.872306668519157,1231.615116513829,-30.73498115993085,-4.382739210382399,-28.55045865455277,0.04265166640255567,0.007843806895517526,0.9990592124826592,5.587196350097656,30.13841421805298,-3.763893898997793,-29.89035679864875,-0.005533121851593906,0.00950985799821134,0.9999394717498801,5.752643585205078
gaze,98.449249,0.4917069292131557,0.5117242001321832,22.48709029904597,8.548346210519016,1180.453067026202,-30.7287393925431,-4.369859953240415,-28.55143283505768,0.04397166151916904,0.01048396586943221,0.99897776724154,5.596124172210693,30.13598594635313,-3.761795697193139,-29.88868149147121,-0.006319668778017816,0.01036012530773916,0.9999263620838007,5.751695156097412
gaze,98.46923,0.4912668745656442,0.5115750173132094,23.92430980536216,8.873118602773552,1197.439715372789,-30.72675874676795,-4.364950689985866,-28.5518002402651,0.0445251669614966,0.01103620867281613,0.9989473017157517,5.599438667297363,30.13977177310672,-3.759235323266715,-29.89019938036345,-0.005058825754803113,0.01004219844714552,0.9999367792677349,5.759872436523438
gaze,98.489321,0.4910815674623412,0.5113409247608622,24.1271668406932,9.10001069698572,1184.258951269385,-30.72485327913627,-4.358495282481177,-28.5520232981375,0.04514373138664534,0.01189627607698398,0.9989096666525912,5.603688716888428,30.13923229252113,-3.757474195036385,-29.89094205572829,-0.004916830672205997,0.009777720395682409,0.9999401086865178,5.764396667480469
gaze,98.509302,0.4909522019349754,0.5112919838821043,24.21154698994632,9.076040779510839,1172.660047217897,-30.72404504787181,-4.351404664763603,-28.55222640233467,0.04554181755811004,0.01292881430087899,0.9988787657239877,5.60880184173584,30.13879512414965,-3.759584448685944,-29.89076868176661,-0.004787461346159995,0.008910158973915566,0.9999488433319569,5.764232158660889
gaze,98.529395,0.4908566087232572,0.5112693224536988,24.36698319142273,9.075114336785452,1168.758348577102,-30.72357236873367,-4.349050141768253,-28.5511940408717,0.04575520390286861,0.01335146159271523,0.9988634540261975,5.61284065246582,30.13861251375398,-3.760078992362889,-29.89046300964402,-0.004609456526136132,0.008555436234946088,0.9999527775957041,5.765826225280762
gaze,98.549375,0.4921073084209124,0.513572017149072,23.02877229524616,6.406100911145085,1266.480141141367,-30.74595262633257,-4.353393686252359,-28.55880044589861,0.04125412906173601,0.01051570684907614,0.9990933473629089,5.60723876953125,30.08894631852279,-3.7830108807392,-29.89620366180522,-0.005213462129745979,0.005644864649329672,0.999970477222059,5.735475540161133
gaze,98.569467,0.4963207297157348,0.5119259882861006,11.01507290134842,8.384181193208576,1182.491032614729,-30.79182097773283,-4.314301424489223,-28.59299959407705,0.03449557811491578,0.01062318384475428,0.999348389229461,5.608327865600586,30.01549571189313,-3.752668655086018,-29.88574802160906,-0.01566713257851386,0.009864364554112435,0.9998286029458803,5.751716136932373
gaze,98.589448,0.4977213838228998,0.509377390907721,7.507071153483295,11.91392697025403,1175.001239279968,-30.80979899892814,-4.310728411843479,-28.59919900399085,0.03121829452905459,0.009501799123010595,0.9994674251320667,5.603614330291748,29.97806433537511,-3.705359136622332,-29.90813076578237,-0.018047156312908,0.01692719532025813,0.999693838236291,5.776822566986084
gaze,98.60954,0.4997371029354063,0.5038669201812446,3.115653759178166,23.71208588886038,1418.530953828958,-30.86995595972768,-4.260552163975251,-28.63301565865565,0.02039897221894049,0.01178463068614873,0.9997224636928002,5.612247467041016,29.95969628464263,-3.644153823463039,-29.93924709045109,-0.01545400775855001,0.02641071904666602,0.9995317141359933,5.809207439422607
gaze,98.62952,0.5003507839723809,0.5040376183019846,1.580306612198392,29.03191993745408,1756.850291605417,-30.90488779429018,-4.220830956602396,-28.65679550101616,0.01574422784393239,0.01255953817543004,0.9997971680748143,5.622329711914062,29.94395294498891,-3.621264167255114,-29.977467030899,-0.01342731095529697,0.02432347807315548,0.9996139633553217,5.818431854248047
gaze,98.649612,0.4975853218677843,0.507613704894766,8.13579302715702,14.85950025821242,1215.09186394057,-30.9078326595954,-4.190831886135071,-28.67921783346392,0.03070329754608757,0.01120302125784804,0.9994657572095669,5.631483554840088,29.97348069691707,-3.647319688701384,-29.95255742742647,-0.01686648651396282,0.01896217217428471,0.9996779269640333,5.807268619537354
gaze,98.669592,0.4988159122040411,0.5286747663439552,2.753309696197144,-9.043796187034486,711.7362924257793,-30.85967379813779,-4.157022605297538,-28.70412091238556,0.03413158328391253,0.01153638164187643,0.9993507627060412,5.672880172729492,29.94723174731024,-3.668510158348052,-30.07792708381309,-0.02543127307630663,-0.02534629689447895,0.9993551999081484,5.713710784912109
gaze,98.689685,0.4930605778220274,0.6089265546776719,10.67219817314815,-76.11587185622318,708.0711478327676,,,,,,,,29.93550755823638,-3.805661013117555,-30.31028582812685,-0.02595560647390851,-0.09743161671596676,0.9949037071780789,5.562691688537598
gaze,98.709665,,,,,,,,,,,,,,,,,,,
gaze,98.729756,,,,,,,,,,,,,,,,,,,
gaze,98.749737,0.5050825524261181,0.601427257772113,-6.928685445143079,-67.60038605615577,686.6581381207468,-30.98012118105016,-4.369948270392284,-28.84184893682066,0.002047896904155758,-0.0696261254747746,0.9975710544966915,5.467239379882812,29.98925509406734,-3.86299374762899,-30.25852919823015,-0.01990702614211344,-0.1068589484017947,0.9940748842298753,5.591161727905273
gaze,98.769829,0.5077528140313751,0.59155821278661,-36.90368081993729,-205.3096192671729,2365.842963872464,-30.99104096113136,-4.485038653799079,-28.75755272572664,-0.003484866284254929,-0.08707546997184752,0.9961956224739008,5.42046594619751,29.97630368447137,-3.780097341739215,-30.18975521756381,-0.02678070691713574,-0.08028243248432491,0.9964123266858045,5.617005348205566
gaze,98.78981,0.510173029173188,0.5778854459830781,-14.15123733577969,-48.63807533965692,688.6695208253876,-30.98734544746305,-4.332893796406744,-28.88019752928507,-0.004338134784243746,-0.08192073594956562,0.9966294063532721,5.422274589538574,29.96854842956597,-3.684073003135462,-30.09627605350029,-0.03351275060846812,-0.04213552748953719,0.9985496947422462,5.711574077606201
gaze,98.809903,0.5067220938047599,0.5398863681206062,-6.320453999382584,-12.64607048006867,489.7005965595946,-30.95788340098655,-4.232738558667886,-28.78464849724816,0.008973934605987872,-0.0444653218944794,0.9989706220137345,5.464438915252686,29.99114500165774,-3.50621738778052,-30.01922128922968,-0.0313703801669253,0.01057521797454674,0.9994518817897006,5.757108211517334
gaze,98.829882,0.5040125358099472,0.5038951523675915,-8.127154514557626,19.95750754701117,1190.546147458087,-30.9619829283511,-4.074759172681876,-28.70703542733217,0.01465446020670315,0.01034653476618144,0.9998390850603824,5.647580146789551,30.01741809232025,-3.458806611538961,-29.9803484796761,-0.0271705254991953,0.02851879267906485,0.9992239193535282,5.74301815032959
gaze,98.849975,0.5011522209683473,0.5076999639692901,-0.888215869639037,13.03601518330846,1069.017337851814,-30.89754992536559,-4.084388658353154,-28.68188349812124,0.02664654782240689,0.01975340255357083,0.9994497308903059,5.639200210571289,30.00542514671057,-3.572259499816759,-29.96349698824937,-0.02741935908597072,0.01094543342399794,0.9995640931098293,5.760269641876221
gaze,98.869955,0.4990406574806717,0.5021334843878982,3.806973767301919,19.38098953699775,1033.086517068469,-30.88207219650189,-4.106180389623201,-28.67234878812342,0.03244276645772428,0.02437565820155214,0.9991763078615359,5.620561122894287,30.00289553294774,-3.55664501119255,-29.97759442300203,-0.02442573850547314,0.01929584156255348,0.9995154094844438,5.821014404296875
gaze,98.890047,0.4965871717264549,0.4912859141525759,9.277121861526894,32.62575526663977,1032.512629686213,-30.87047205814147,-4.075699573899133,-28.67640324942338,0.03778304670393003,0.03453987267871905,0.998688859744168,5.661227703094482,,,,,,,
gaze,98.910028,0.4954451069892125,0.4963074458577242,11.43059447507018,25.8155260432066,1008.0193410054,-30.87155192148587,-4.079427394364117,-28.67601219578496,0.03920675709866603,0.03522488235502811,0.998610052954045,5.65855073928833,30.01906748190178,-3.555987542044579,-29.98207018545731,-0.0163510986941053,0.02186125485652255,0.9996272940989527,5.833032131195068
gaze,98.930119,0.4918168065241623,0.4912096999341107,24.35235648171935,40.37177814047518,1277.664131407722,-30.86537277856326,-4.065654659766505,-28.67547348731369,0.04135403249494198,0.03821747827868239,0.9984133754865396,5.682137012481689,30.0321558569365,-3.460854899918009,-30.08015348947807,-0.003487583918920593,0.02924931066284958,0.9995660631414797,5.879478931427002
gaze,98.950099,0.4928186699567478,0.4962937594424043,18.79810026650741,28.47462922450667,1113.318231280447,-30.86846125776155,-4.078590605789103,-28.67210827912122,0.04143686800574392,0.03535198657724978,0.9985155096516612,5.669671058654785,30.03852102225863,-3.520380521338433,-30.02116738458825,-0.00783089655821437,0.02109007164707502,0.9997469109414723,5.870290756225586
gaze,98.970192,0.4930056266919539,0.4981576503177834,17.11129354506368,24.27847363212732,1039.045550556561,-30.86837485629494,-4.078723831626021,-28.67018566599014,0.04192383665764645,0.03507701604270615,0.9985048797404262,5.675345420837402,30.03651939390828,-3.552006019370454,-29.99710390665655,-0.009133200423815864,0.01747265608369438,0.9998056265791863,5.854587078094482
gaze,98.990172,0.4953711454674353,0.4991425441363845,11.21124940013679,21.75214329697138,977.9933317108097,-30.87637561983574,-4.088418924069453,-28.65627382880553,0.03976363984464033,0.03301273836648461,0.9986636130609005,5.677243709564209,30.00961374609359,-3.585467185343575,-29.95727339238933,-0.01664569555713393,0.01775748648256338,0.99970375236529,5.849432945251465
gaze,99.010264,0.495670788588128,0.5000784131855935,10.15219338947784,19.8307988485944,938.2452804612694,-30.87606091359537,-4.098399915833787,-28.65070885715492,0.04060315988591424,0.03185076215892853,0.998667568491725,5.677854061126709,30.00458344166285,-3.605463610603887,-29.93594067821667,-0.01871634888836047,0.01706800211827605,0.9996791393182013,5.842260360717773
gaze,99.030245,0.496121303344153,0.4995516971822969,9.34605234259366,20.60302555001482,946.3936992495582,-30.87771895362275,-4.101147207535412,-28.64682468089741,0.03971215228557945,0.03183388126257451,0.9987039345895297,5.679317474365234,30.00373388536933,-3.609808521540184,-29.92346727218447,-0.01965507271155322,0.01826553156960167,0.9996399594219828,5.842378616333008
gaze,99.050337,0.4959461955515164,0.4999139221863033,9.708187400238389,20.22659968128822,947.9766644008394,-30.87563912613883,-4.111161490028537,-28.63726094891267,0.04043183635638914,0.03044362539822998,0.9987184048977281,5.677305698394775,30.00448555814938,-3.613334941358708,-29.91871192376382,-0.0196697040352496,0.01881845973069034,0.9996294154918263,5.839805126190186
gaze,99.070317,0.4958432757812151,0.4974632634304186,10.13327917669501,23.42945215929254,966.3670088555925,-30.87140139067156,-4.102465610927172,-28.65074071413181,0.04022969439133253,0.03275682117242687,0.9986533744777804,5.696723937988281,30.0024862000583,-3.62263841477507,-29.90673052465596,-0.01900285129421219,0.02202060796858096,0.9995769027280414,5.842593669891357
gaze,99.09041,0.5003949063205899,0.5310179673311091,0.546876871330582,-16.38849945443221,1060.710893127583,-30.77528100848098,-4.400851869541086,-28.73682036628414,0.0271658560296271,-0.004662024276403921,0.9996200687240248,5.727723121643066,29.87080508290766,-4.009257293224354,-29.92934598133264,-0.0253060303647895,-0.01767563834082503,0.9995234747800678,5.858403205871582
gaze,99.11039,0.5003622295825988,0.673208107954154,-0.675118587356355,-129.0497527621692,705.8250473250164,-30.49358062111814,-5.455940559328409,-28.99392376057569,0.03356103657893442,-0.1804097996534944,0.9830187999284316,5.550888061523438,29.59663190545893,-4.947817367309012,-30.12772711979247,-0.03411314630310868,-0.1515348122259101,0.9878630947317351,5.817357540130615
gaze,99.130482,0.5051314000174029,0.7544863511574554,-12.01472850577899,-282.6387263522038,1017.240167265579,-30.35922503588523,-6.194688192013885,-29.09476090051196,0.01487036440069443,-0.2624812615624657,0.9648225015986966,5.613597393035889,29.42315502121764,-5.684808673190833,-30.38948352209946,-0.03613907397032872,-0.24834304782427,0.9679977778538129,5.755927085876465
gaze,99.150462,0.5035272795023189,0.7914983015345353,-6.572518777326994,-238.1729413823746,741.8157610585649,-30.24291944871733,-6.48631950030649,-29.26840116935048,0.02642856910619216,-0.2973034931472049,0.9544171853531709,5.59550142288208,29.34249842909638,-5.944035213111782,-30.50210357559081,-0.04153864136228216,-0.2780546308036264,0.9596666939945528,5.734723091125488
gaze,99.170555,0.5019992308396919,0.8087161574332644,-4.14001868167716,-241.0703020343359,706.620435940067,-30.20260258618895,-6.605900624189077,-29.33480281233649,0.03121707439128377,-0.3124940453083235,0.9494066388609722,5.562016010284424,29.32008819834752,-6.045244423591098,-30.55771649367562,-0.04070412253776538,-0.2944041280248796,0.9548137953603001,5.712031841278076
gaze,99.190535,0.5010551443431034,0.8159580252478349,-2.643028250192986,-232.8165021577083,665.931796399009,-30.22527356928621,-6.656990262273194,-29.35722165408557,0.03414813198082171,-0.3201013094446244,0.9467676889153207,5.514420509338379,29.31729293421641,-6.074351392790684,-30.57458677876099,-0.04004934814896343,-0.2983263697290433,0.9536233149609616,5.704286098480225
gaze,99.210627,,,,,,,,,,,,,,,,,,,
gaze,99.230607,0.505266544647823,0.82138164436439,-9.578069027489407,-266.0193067237528,747.5614291085953,-30.26214860955449,-6.532223540637158,-29.53958128692301,0.01714134667464398,-0.3310263758682128,0.9434657983804907,5.528694629669189,29.35817330984414,-6.0956387609345,-30.52737001742415,-0.03933242109159965,-0.3022088859005059,0.9524299186469565,5.658275127410889
gaze,99.2507,0.5075043905230667,0.8264309465071931,-12.70045893808324,-261.9837372575515,724.3380691912826,-30.28212528981767,-6.436163368536183,-29.66901297203112,0.006040025365219193,-0.3384965767796984,0.9409482374721859,5.546372890472412,29.3879485616579,-6.098879025446912,-30.5066108431474,-0.03673999232420787,-0.303241319810835,0.9522052693213792,5.642677783966064
gaze,99.27068,0.5081110115496558,0.8311868827042859,-13.09360621571468,-255.0778341496176,694.6373598794871,-30.25433619010938,-6.420086796241343,-29.72427860103594,0.00398732360255684,-0.3430226235736417,0.9393186791324574,5.554456233978271,29.46134223706005,-6.145490035327478,-30.5146886367967,-0.03706066271062679,-0.3060383801895979,0.9512975439526671,5.613536357879639
gaze,99.290772,0.4939216635761489,0.8464326139142646,7.025912209756877,-256.2171821002254,665.1692396834519,-29.86651599052942,-6.312099127272608,-29.97288066811773,0.02239469544317895,-0.3557950697375867,0.9342956416287262,5.588899612426758,29.76631966678409,-6.225690521414483,-30.59823169232791,-0.003249684944393263,-0.3204430472466604,0.9472622092214157,5.548346519470215
gaze,99.310752,0.4762408098373365,0.8391274838733813,34.17016413003697,-271.2104903921233,719.2926888643415,-29.68830090830762,-6.618169572673439,-29.5810125675682,0.07744948068316365,-0.3412462039510324,0.9367777784677211,5.481118202209473,29.89500441111427,-6.250297139898391,-30.62623334661587,0.008077959544558729,-0.3239688382684899,0.9460332649545478,5.521798133850098
gaze,99.330844,0.4716540941918335,0.8403382684686621,36.0747449136563,-239.3632587081953,632.3046885219046,-29.63738291722481,-6.731559484401046,-29.43020393598067,0.09228286344008536,-0.3362893147821862,0.9372264240185647,5.441672801971436,29.94554967956809,-6.260411356984399,-30.6331079314071,0.009717523324680066,-0.3256147678711972,0.9454525861642248,5.512142658233643
gaze,99.350824,0.4705572843261122,0.8418999557233457,35.38167246531614,-226.8903583783527,596.4585211520435,-29.61598958892981,-6.766726798664694,-29.38565868754909,0.09678721991631323,-0.3355673339310932,0.9370308417865708,5.418131351470947,29.96590095635946,-6.26484065937214,-30.63260687742378,0.00886877701826401,-0.3265172457400703,0.9451496352580998,5.512184143066406
gaze,99.370916,0.4708108593272289,0.8423166389696334,34.7628798808161,-225.2304372150254,591.3504727597574,-29.61347843794524,-6.776332680762541,-29.37258812232776,0.09663066540277078,-0.3358321648990207,0.9369521180524942,5.406369686126709,29.97681965702414,-6.265714527661931,-30.62860732909024,0.007996460008667676,-0.3266227013514675,0.9451209803983825,5.512693881988525
gaze,99.390898,0.4722299682216831,0.8439473997114453,32.69236114017756,-224.2160770337108,585.8190204248779,-29.61854745961995,-6.773049895085521,-29.37350934707579,0.09447482520006821,-0.3366352627719629,0.9368837746817201,5.413313388824463,29.99165912301008,-6.276663741128989,-30.60743835430324,0.004723219657844016,-0.3284335311430114,0.9445152761162714,5.497845649719238
gaze,99.410988,0.4730142243772885,0.8457689792133678,31.62694440289263,-224.777450963636,584.0808263568713,-29.62306233608502,-6.773430377179274,-29.37552438546804,0.09320508780421723,-0.3377178347957081,0.9366213085704953,5.408716201782227,29.99793303523595,-6.285658415140091,-30.59873952940691,0.002960636376545006,-0.3305869912928814,0.9437708809982254,5.49026346206665
gaze,99.43097,0.4732672262410126,0.8466137478128684,31.41201293220582,-226.0627174273434,585.9341851903803,-29.62584266469867,-6.770776070666217,-29.37669036404913,0.09271331451559826,-0.337877595686658,0.9366124981253107,5.407797813415527,30.00163179230165,-6.289876555133787,-30.59552915581546,0.002479157468499957,-0.332143397109005,0.9432256450792337,5.486184120178223
gaze,99.451061,0.4734790861416186,0.8473840176154745,31.19296721697992,-226.9149556717296,586.7887138179871,-29.629087074254,-6.767515587701366,-29.37747366732267,0.0923639980928853,-0.3378115390993648,0.9366708364775835,5.404337882995605,30.00003270535268,-6.295669855112843,-30.58565306595436,0.002013004243715602,-0.3337060500432397,0.9426750341334248,5.482654094696045
gaze,99.471043,0.4736268464932354,0.8473281478470426,31.05109438827348,-227.1562506122216,587.516094722233,-29.63265274406255,-6.765506706783436,-29.37888851126285,0.09200303637335831,-0.3381042940858855,0.9366007300972853,5.401690483093262,29.99732246093754,-6.292152272566282,-30.58553416558937,0.001843974668297484,-0.3333799472073487,0.9427907565082763,5.484217643737793
gaze,99.491134,0.47312385050197,0.8474775079780176,30.89394728093929,-221.7236959110481,573.1921830056634,-29.63327872906492,-6.775105607187532,-29.36414918610295,0.094033347002583,-0.3370598519620804,0.9367755258581387,5.399367332458496,29.99653082707389,-6.290291865656657,-30.58333949302208,0.00155775864032262,-0.3334907586903553,0.9427520815443209,5.480697631835938
gaze,99.511115,0.4737180908474423,0.847865548049632,30.08355897456936,-221.2571671776168,571.3388809737082,-29.64513265160618,-6.773565783045562,-29.35782476517032,0.09307592736357549,-0.3373782970339621,0.9367565086167666,5.394738674163818,29.99706387306234,-6.288353782256493,-30.5772415072539,0.000294367711598395,-0.3337538160936772,0.9426602270121289,5.47620677947998
gaze,99.531207,0.4740679062786713,0.8483283667974075,29.61272676210544,-221.1799913105093,570.3585436153942,-29.65809942994664,-6.772085619130774,-29.35362676752966,0.09245492847735412,-0.3381555803646945,0.9365377139594883,5.383864879608154,29.99832967950105,-6.282498464471637,-30.5699995056073,-0.0003953239044336838,-0.3337679523118727,0.9426551849581851,5.4723219871521
gaze,99.551187,0.4739681582059827,0.848425682061857,29.71558748272444,-221.1338885885577,570.0703316434758,-29.66249030501919,-6.771396014028591,-29.35161663512681,0.09261874614406634,-0.3385271461902485,0.9363872805388737,5.378571033477783,30.00191421659914,-6.279222593884725,-30.5681433390797,-0.0001956363778204268,-0.3335554321156582,0.9427304680726855,5.471554756164551
gaze,99.57128,0.4725965518842639,0.8467060576853258,29.95154389636905,-210.1445914990496,544.5042353389139,-29.66307987102128,-6.74863600606589,-29.3604941344663,0.09744553390918366,-0.3328544882283874,0.9379297722043866,5.37075138092041,30.00497082347349,-6.274296452333317,-30.56762968636447,-8.460382203755169e-05,-0.3337607843511836,0.9426578020000027,5.468810081481934
gaze,99.591259,0.4720168192564308,0.8470206917150245,32.48975041536353,-223.2870926884567,577.9915390867213,-29.66339080344981,-6.749587301605683,-29.35790190219404,0.09589984142975932,-0.3356978190326047,0.9370753410001245,5.374533176422119,30.02609354815154,-6.21177309149094,-30.6301606570311,0.003860280117051666,-0.3345098457572435,0.9423843490470769,5.478037357330322
gaze,99.611352,0.4758430313456425,0.9307832189344936,29.02989585194041,-297.3630135442035,615.3374300113569,-29.64874587012036,-6.779955299893302,-29.42492779712589,0.08222982135412836,-0.4134448054515396,0.9068084965003398,5.212489128112793,30.00879838518763,-6.254843921000226,-30.75584100781617,-0.0009227916000175275,-0.4068263553691892,0.9135050437915956,5.398801326751709
gaze,99.631332,,,,,,,,,,,,,,,,,,,
gaze,99.651425,,,,,,,,,,,,,,,,,,,
gaze,99.671404,,,,,,,,,,,,,,,,,,,
gaze,99.691496,,,,,,,,,,,,,,,,,,,
gaze,99.711477,0.4848814193526421,0.7574062770546498,43.30772249009632,-400.3620808751297,1421.531210875986,-30.24035575211341,-5.236258371956078,-29.40639888774129,0.04280495615013576,-0.2714145723850138,0.9615102004794567,4.975709438323975,30.08595037261048,-4.677684581421655,-30.65685757464255,0.01483475886353386,-0.2539374715278256,0.9671068661133141,5.1514573097229
gaze,99.731569,0.487215848098897,0.6810561223323075,12.8365472524197,-93.18826711528118,484.6371645118057,-30.43345971727333,-4.569816247413801,-29.36102902199705,0.03821313786912728,-0.1939622581002995,0.9802644533628811,5.060908317565918,30.08037688116371,-3.883592433425038,-30.57231242993882,0.01158339524715309,-0.1464878877745144,0.9891446424511987,5.262586116790771
gaze,99.75155,0.4933643989374622,0.5882575659643225,4.707910745059079,-26.68654575131063,320.8986571458208,-30.54254629722412,-4.168003929252743,-29.12824796378369,0.03632305463402914,-0.102258140768256,0.9940945168084738,5.242245674133301,30.05470571141418,-3.38484106007025,-30.32262881437062,-0.008142072011864444,-0.02805125719347442,0.9995733257911694,5.512669086456299
gaze,99.771642,0.5291955585902365,0.5340262456867437,-19.41940431286863,-5.960799649080952,322.5121473247103,-30.59539387152051,-3.96743282195483,-28.84743959069773,0.03179125058943619,-0.005670336750518594,0.9994784458241687,5.316485404968262,,,,,,,
gaze,99.791623,0.4927688093061381,0.4839176869578457,21.22108003701611,49.89344887881833,1238.456167831798,-30.6374357883733,-3.73096005509034,-28.83178164273952,0.0404914823647065,0.03918367658580472,0.9984112776532164,5.389736175537109,30.08361923037263,-3.033843482269632,-30.2365636335825,-0.006620595803346908,0.04473777977913622,0.9989768259432459,5.810011386871338
gaze,99.811714,0.489504156394384,0.4832787690638019,29.65254605221129,50.55235204845409,1233.446420064575,-30.61365440164445,-3.648012558881812,-28.88942284667489,0.04327356735950173,0.05199632154277053,0.997709266727539,5.542610645294189,30.124763343249,-3.098323234545923,-30.21114711469907,0.003999690121249982,0.03327382322800124,0.9994382698129614,5.745275974273682
gaze,99.831695,0.4915841709827516,0.4798716842245078,27.61671496143297,63.23830118947319,1402.852907196429,-30.63132112098497,-3.643127435677428,-28.90127864054579,0.03893350730600136,0.05222706501795339,0.9978760021608216,5.591037273406982,30.12626670757784,-3.091139723398001,-30.15113768117278,-7.711188204460877e-05,0.04063566129182105,0.9991740274272217,5.768797397613525
gaze,99.851787,0.4891120024388027,0.4850924208297285,45.4013640076464,70.93334135074528,1827.248046417174,-30.65016825132055,-3.710267170592513,-28.90266877829947,0.04027503364274686,0.04320847022994769,0.9982539505383704,5.589919567108154,30.14985542886194,-3.103749784372412,-30.18436547694609,0.008834924529559156,0.03676656122897627,0.9992848263052697,5.741583824157715
gaze,99.871767,0.4873761843983871,0.4861544843385197,57.51990656623091,75.728991519357,2018.175800935413,-30.64954398037437,-3.736719401061337,-28.87399438543235,0.04290887826146763,0.0398305110552785,0.9982847081646689,5.578325271606445,30.17125491787903,-3.123265272544121,-30.16918174987874,0.0134309394445398,0.03738751398730689,0.9992105802399643,5.716301441192627
gaze,99.89186,0.4867289713092434,0.4855339870946423,48.69561722651909,62.34310501889513,1629.924113174157,-30.64010268772094,-3.755674158413906,-28.8581323907113,0.04689888053294579,0.04349181130683866,0.997952382307897,5.608045101165771,30.16930816725765,-3.130110709799945,-30.16670432140101,0.0119875408674852,0.03568486240784789,0.9992911935261329,5.723030090332031
gaze,99.91184,0.4875587275533562,0.4862378303083251,41.07028623196293,54.67589219148805,1460.834324855988,-30.64323364047771,-3.794364693987187,-28.82816722985323,0.04800149755081347,0.04003705356236868,0.9980445333625767,5.607821464538574,30.16088769113906,-3.132339780381038,-30.13666400271707,0.007358006854124218,0.03787997698243865,0.9992552061805557,5.733397960662842
gaze,99.931932,0.4881856384105754,0.4879294355845154,37.57890864545427,49.7349212160977,1403.81929059392,-30.64075772833844,-3.792525390068827,-28.83450450835211,0.04753139362194397,0.03717612767070739,0.998177690670237,5.603949546813965,30.15817042530287,-3.148233877686058,-30.11711240439333,0.005170812611477879,0.03697225550071367,0.9993029145459985,5.734058856964111
gaze,99.951912,0.4881647941039967,0.4877832042630787,34.21778495017449,45.43050645140728,1276.074499206868,-30.63480350092985,-3.798377680837593,-28.82765568738127,0.04951758748434645,0.03893270666389674,0.9980141546498994,5.623254776000977,30.15424452621712,-3.16327931236598,-30.10319948865981,0.003194061481616106,0.03589704115090614,0.9993503892068396,5.734150409698486
gaze,99.972004,0.4882670440128531,0.4880023185377387,33.77791407847549,44.88684009733673,1270.027980824341,-30.63642298061556,-3.792347328983666,-28.83635892169908,0.04924916666938751,0.03967701074679728,0.9979981234454149,5.633675098419189,30.15572625560317,-3.178165824259089,-30.09694817896794,0.003032430515885047,0.03467278353905875,0.9993941176767153,5.730531692504883
gaze,99.991985,0.4883016410863122,0.488793339710297,32.96356632467939,42.77301509427509,1243.279721290468,-30.64008514253207,-3.793933906989092,-28.82911473197849,0.0487246767665424,0.04158410105175266,0.9979462252114157,5.6394944190979,30.16151337000327,-3.211766494366749,-30.08074576067631,0.0033783061669843,0.03104081413251166,0.9995124085800202,5.710620880126953
gaze,100.012077,0.4883078964691657,0.4886059816549962,32.8844486775707,42.96445803380962,1240.80627229184,-30.63918163445923,-3.787812479565167,-28.83332916384225,0.04851259255370936,0.04229407860051196,0.9979267203953663,5.644669532775879,30.16634712771635,-3.231700919203479,-30.06752326283164,0.003562564849339436,0.03078375744484418,0.9995197188696536,5.707873344421387
gaze,100.032057,0.4866838854964003,0.4862782348111863,45.27567331683403,56.45958230841661,1511.105747726717,-30.63822665887623,-3.792549417460346,-28.82594604948095,0.04895357423851757,0.04113320570231972,0.9979537098272268,5.641258239746094,30.17928699689974,-3.183806805633766,-30.1112624649717,0.01003353496767607,0.03658357207195258,0.9992802261780771,5.720110416412354
gaze,100.05215,0.4866389299469827,0.4886773553516837,40.74883977180379,46.83202262906393,1357.07660130309,-30.63609616585831,-3.819675719753584,-28.79414888903727,0.05109868441675187,0.03893927607377703,0.9979341948393828,5.620916366577148,30.17859540323067,-3.209697194198049,-30.09237952379588,0.007923108967085759,0.03358620537220842,0.999404418217666,5.723391056060791
gaze,100.07213,0.4882534390034817,0.4943516337087446,36.03529724298311,37.73131514463473,1357.418054805369,,,,,,,,30.16793639855324,-3.235802771716713,-30.07214673935676,0.004226878553090979,0.02951293378640009,0.9995554613111856,5.718440532684326
gaze,100.092221,0.4915682441687977,0.4963091354411844,21.59907431967734,28.24738142199453,1106.255162037723,-30.67578191909541,-3.849039440425981,-28.80292565287825,0.04575440047599334,0.03058834829985851,0.9984842952121827,5.60491418838501,30.03581115012458,-3.261476202772486,-30.07654394578682,-0.007188113180397608,0.02536527527110901,0.9996524065090459,5.765815734863281
gaze,100.112202,0.4930738443298991,0.4969745623182065,17.93710063304221,27.19707848842847,1097.870912698756,-30.705258146471,-3.877475444846759,-28.80016340425728,0.04293141527343927,0.02516895716057711,0.9987609409553764,5.586451530456543,29.9865857940988,-3.259577086000174,-30.07865307896827,-0.01049253712887265,0.02936576047686007,0.999513661125357,5.760090351104736
gaze,100.132295,0.4947046998291952,0.4986341326668706,13.71257029693182,24.31590530986486,1064.961662985194,-30.7304003618251,-3.89168851507154,-28.8071629868086,0.03934515218042151,0.01987612081230413,0.9990279769963173,5.564022541046143,29.95967114682816,-3.263139363480739,-30.07815776636517,-0.01358998255164626,0.03105647667948255,0.9994252386399408,5.754854679107666
gaze,100.152275,0.495268450756231,0.4991116298673897,12.56326051656394,23.95960667059655,1075.561931848664,-30.75468805362339,-3.899993161281311,-28.8145809679715,0.03499423367660814,0.0151753672845847,0.9992722911384889,5.540032863616943,29.96414211149761,-3.254403903500688,-30.07728190777065,-0.01154514782950569,0.03462521265747849,0.9993336801139144,5.740093231201172
gaze,100.172366,0.4958059478397349,0.5017214675523952,11.3862695221021,20.77484917039876,1082.704610165037,-30.77769872845752,-3.911192183441422,-28.82156022864901,0.03030098483779498,0.009796650501746981,0.9994928093572292,5.509913921356201,29.99736304636943,-3.24882687521001,-30.07633198652514,-0.009124624734820161,0.03396986791694886,0.9993812031938333,5.732017517089844
gaze,100.192347,0.4963002809089241,0.5043103341811419,11.34183237235376,19.36466566768382,1200.952048584427,-30.79183871774294,-3.913353046578449,-28.82226360421443,0.02766981971020246,0.0078653639984383,0.9995861729367694,5.495017051696777,30.00789832841332,-3.259437031368865,-30.06732594322875,-0.008595431042204962,0.0294191996604513,0.9995302042742568,5.715861320495605
gaze,100.21244,0.497527863610116,0.5068821740150529,8.357685256528445,16.03692556628805,1224.573202878196,-30.80057433916243,-3.916202766105502,-28.82542606408558,0.02573014332483187,0.005629482027605986,0.9996530741495195,5.478719234466553,30.00206852775597,-3.273403332639459,-30.05757312707611,-0.01175719274051505,0.02566268782061068,0.9996015180424069,5.70061206817627
gaze,100.23242,0.4984499328118904,0.5085893930447044,5.941773056411499,13.55414986895785,1222.410064597656,-30.80850933039794,-3.917982670011197,-28.82951702247995,0.02389148930476339,0.003683995109455242,0.9997077697601604,5.463931083679199,29.99911665211206,-3.282206122725412,-30.04974985870521,-0.01374195950966374,0.02370587268467734,0.9996245245836524,5.687500953674316
gaze,100.252511,0.4997855688612442,0.5090932374309198,2.377006428199458,12.26837237867907,1166.671687354822,-30.83255652548472,-3.921243327920283,-28.83252973006842,0.01989433594398781,0.001645557386898373,0.9998007339156308,5.428927898406982,29.9839839185115,-3.288744090712841,-30.04406929374114,-0.01519624346016444,0.02487751175098366,0.9995750014850208,5.679483890533447
gaze,100.272492,0.5003743961643572,0.5091030232322425,0.9066391335237967,11.99048742491733,1140.29562175496,-30.83966317524256,-3.919527353952764,-28.83396314892315,0.01916270166829763,0.001474608209152157,0.9998152911390191,5.419026851654053,29.97546231656639,-3.294021335673174,-30.04006437366829,-0.01685711318374889,0.02517346538381384,0.9995409618298192,5.674187183380127
gaze,100.292584,0.5005143317221682,0.5099874969195362,0.5513309845819716,10.6462329038425,1124.350505185319,-30.84487296020263,-3.921917749128689,-28.83436962883044,0.01882070301886769,0.0002096317762715696,0.9998228529056504,5.402655124664307,29.97490086933023,-3.301410702601324,-30.03529746711079,-0.01709377815553659,0.02448565854329127,0.9995540281916083,5.658353328704834
gaze,100.312565,0.5006358073073213,0.5105073631017597,0.2527286070176515,9.79307046409353,1105.999816709291,-30.84891282687273,-3.921157396979418,-28.8353871621216,0.01887211412088589,-0.0005348409124373045,0.9998217627426433,5.390594005584717,29.97211124138258,-3.309349871511154,-30.03454892263525,-0.01763655593020688,0.02413287584162575,0.9995531782744395,5.654489040374756
gaze,100.332656,0.5008156481562189,0.5129428663102799,-0.1808158758614837,6.098578255649647,1021.586180482542,-30.85785592343587,-3.939076562353478,-28.83446255933431,0.01691555960449634,-0.004905987047476413,0.9998448855369302,5.360866069793701,29.97146382081688,-3.308442039157753,-30.05561968531559,-0.01639741001133732,0.02338520237092971,0.9995920454140232,5.65541934967041
gaze,100.352638,0.5008914686809366,0.513296495109918,-0.3228070774164351,5.260152752142144,947.4589547327391,-30.85615117828953,-3.947647373868672,-28.82959038127214,0.01827185734426934,-0.00609136541609221,0.9998145000431623,5.352686405181885,29.96340089824189,-3.314276657670838,-30.06677570499287,-0.01799625932460813,0.0242690963623241,0.9995434685955773,5.660984039306641
gaze,100.372729,0.5008752770929026,0.5137448186061752,-0.2888086937474394,4.65634593137124,927.559941624415,-30.85624077836854,-3.954459531054166,-28.82364518474629,0.01907444673005552,-0.006770990971875314,0.9997951385975035,5.348264217376709,29.96087858056813,-3.323479477333429,-30.06854796855509,-0.01871828099737229,0.02408135137966768,0.9995347490068729,5.659123420715332
gaze,100.39271,0.50035942687184,0.5137993061903805,0.6757363210854894,4.306402635038847,870.7474622906252,-30.85776378349416,-3.963321135097088,-28.81900720057943,0.01963593761970439,-0.007823256926966102,0.9997765883460414,5.340621948242188,29.96895239020517,-3.32475379083754,-30.06665179018423,-0.01712432603403928,0.02545948780230895,0.9995291751313335,5.648132801055908
gaze,100.412801,0.5000204967506011,0.5140701477045301,1.30197973789743,4.04091862730672,875.0138867968451,-30.8604269920826,-3.97093180385088,-28.81217262235398,0.02020526537217246,-0.008072405219892678,0.9997632637405747,5.335698127746582,29.97588337538382,-3.348204759995971,-30.05172598488824,-0.01632698236347528,0.02507420110654558,0.9995522568059019,5.638617515563965
gaze,100.432783,0.499470310901133,0.5136401219124158,2.247744618904196,4.335788181595545,847.2402754173589,-30.85905471200358,-3.983135686958311,-28.79875499986061,0.02246705376908169,-0.007923414110648218,0.9997161852264714,5.333724021911621,29.97759510449483,-3.354718677868051,-30.04362256220462,-0.01631268122552081,0.02615785400225071,0.9995247186064142,5.644893646240234
gaze,100.452874,0.4991533355749206,0.5142894912212647,2.753714065885413,3.607120129735288,830.8165921440504,-30.86026754829992,-3.995233282570743,-28.78979764780999,0.02349585544424957,-0.00890859302117597,0.999684241021797,5.329002380371094,29.97968036320245,-3.362700752975306,-30.03839155614503,-0.01604944605252874,0.02582132676112269,0.9995377303362303,5.645151615142822
gaze,100.472855,0.4988207535741583,0.5148247955774039,3.360542799878141,3.101351552991698,838.0342849746769,-30.86022039562101,-4.003812053510949,-28.7819658794553,0.02489479051708129,-0.009277304390846978,0.9996470282196364,5.32459020614624,29.98025344510799,-3.37078528398671,-30.03501128997784,-0.01611248479240591,0.0249038743987503,0.9995599956349523,5.650041580200195
gaze,100.492947,0.4987380605430961,0.5159072171883332,3.495117373442027,2.023802329150135,837.6446299548203,-30.86113472006488,-4.014775647579349,-28.77472902974142,0.02559444335758727,-0.01041215687128711,0.9996181828370785,5.321163177490234,29.97906925379577,-3.379480162736063,-30.03240681781121,-0.01649492944189709,0.02358409747483835,0.9995857680304399,5.645969867706299
gaze,100.512927,0.4981298483599637,0.5171486287526841,4.655717961788028,0.7983807830054594,855.5978289895897,-30.85978781278919,-4.03143043600522,-28.76150243951162,0.02695936847535605,-0.01144201259547535,0.9995710443981334,5.319928169250488,29.99820436673771,-3.399068741822519,-30.01226615838628,-0.01544723519223125,0.02162173755729502,0.9996468793478622,5.632235527038574
gaze,100.533019,0.4917390283732599,0.5183146981051585,18.12165818911636,-0.5469302931537694,958.6060345075418,-30.70893998863843,-4.06828096461508,-28.73680269706741,0.04653134651811654,-0.005533583796727025,0.9989015032732584,5.363132476806641,30.05822342628252,-3.461834781204149,-30.02595781825505,-0.009207087949681657,0.01204278742627089,0.9998850937995288,5.596997737884521
gaze,100.552999,0.4877262157335707,0.52013348725622,26.15866665309333,-2.681290432514512,956.6665091534267,-30.63230786254516,-4.091906375853191,-28.72635323278606,0.05622910229666156,-0.004936861685540947,0.9984056868085285,5.366923332214355,30.11098374431751,-3.495732220763776,-30.03745498959376,-0.00269580392027828,0.007193516498234033,0.9999704925454617,5.587179183959961
gaze,100.573092,0.4857199603956401,0.520294454227485,30.86777675450749,-2.964535232475327,977.7010833549923,-30.59964791940647,-4.095994319437849,-28.71758188878353,0.06043849719733684,-0.002963202608817858,0.9981675247606621,5.374294757843018,30.14362548074466,-3.516261884834964,-30.04026150879675,0.00124267106842399,0.004635097534119116,0.9999884857534436,5.57960319519043
gaze,100.593072,0.4845136409550321,0.5227962102187843,33.65051986020086,-5.942754072086467,987.2849225658335,-30.58018526898555,-4.112642513254727,-28.70531584130352,0.06271439870242387,-0.00528593063213867,0.9980175164458516,5.373854160308838,30.16755263945648,-3.541578729950136,-30.03877229509683,0.003803638905501852,0.001130280564553041,0.9999921273674719,5.573241710662842
gaze,100.613164,0.4847549740263094,0.5227995115770891,34.69979255501542,-6.220144363227564,1033.499161225918,-30.57879882928985,-4.110315820602152,-28.71089253134621,0.06100768490282071,-0.005177072580575597,0.9981238702196706,5.389072418212891,30.18275152542631,-3.558158367500737,-30.02578377680663,0.004579649702774399,0.000693614168960445,0.9999892727964558,5.565120697021484
gaze,100.633145,0.4845822688728732,0.5215683791608781,34.98715840355786,-4.702212575145362,1030.408313673572,-30.57229727179065,-4.098767164908696,-28.71355962243859,0.06162228367386836,-0.002829120141328166,0.9980955316171111,5.402008056640625,30.19230734417745,-3.565544904543839,-30.01841208874441,0.00468113340545792,0.001190074969892124,0.9999883352877704,5.559288024902344
gaze,100.653237,0.4847796645757771,0.5211318470491524,35.40722395951595,-4.267007051002332,1055.547509839386,-30.56356076245092,-4.063333605132658,-28.73140272204297,0.06069216825844742,0.0007432912189312168,0.9981562544162373,5.422187328338623,30.19767640615931,-3.569895186694808,-30.01123017695626,0.004837481037999497,-0.001573559294045974,0.9999870612604721,5.553853511810303
gaze,100.673218,0.4846742322643729,0.5209692513558457,37.58767948091948,-4.287530141999243,1113.1058672753,-30.56251017801246,-4.052753189781647,-28.73947961483157,0.05953286753000613,0.0007911538351712542,0.9982260323991076,5.43035364151001,30.20904883586797,-3.565830990437798,-30.00858132599869,0.006500141141147442,-0.001628376191833099,0.9999775480260161,5.564141750335693
