ï»¿Time,CoG Acceleration/X,CoG Acceleration/Y,CoG position/X,CoG position/Y,CoG position/Roll,CoG position/Pitch,CoG position/Yaw,Horizontal tangential speed,Over-steering criteria2,Pitch %ground,Pitch acceleration,Pitch speed,Roll %ground,Roll acceleration,Roll speed,Slope force,Speed/X,Speed/Y,Tangent Acceleration/X,Tangent Acceleration/Y,Tangential speed,Yaw %ground,Yaw acceleration,Yaw speed,Brake pedal force,Gas pedal,Steering wheel angle,Steering wheel speed,Intersection Id,Lane gap,CoG Acceleration/X.1,CoG Acceleration/Y.1,CoG position/X.1,CoG position/Y.1,Pitch acceleration.1,Pitch speed.1,Roll acceleration.1,Roll speed.1,Speed/X.1,Speed/Y.1,Tangential speed.1,Yaw acceleration.1,Yaw speed.1,CoG Acceleration/X.2,CoG Acceleration/Y.2,CoG position/X.2,CoG position/Y.2,Pitch acceleration.2,Pitch speed.2,Roll acceleration.2,Roll speed.2,Speed/X.2,Speed/Y.2,Tangential speed.2,Yaw acceleration.2,Yaw speed.2,CoG Acceleration/X.3,CoG Acceleration/Y.3,CoG position/X.3,CoG position/Y.3,Pitch acceleration.3,Pitch speed.3,Roll acceleration.3,Roll speed.3,Speed/X.3,Speed/Y.3,Tangential speed.3,Yaw acceleration.3,Yaw speed.3,CoG Acceleration/X.4,CoG Acceleration/Y.4,CoG position/X.4,CoG position/Y.4,Pitch acceleration.4,Pitch speed.4,Roll acceleration.4,Roll speed.4,Speed/X.4,Speed/Y.4,Tangential speed.4,Yaw acceleration.4,Yaw speed.4,ExportChannel/1,ExportChannel/4,ExportChannel/3,distance_to_inter_1
280.669,10.2334,-0.0549559,4506.29,7.55392,-0.00348886,-0.56068,179.725,1567.36,7.76825e-05,-0.560574,-159.508,-0.2111,-0.00348886,-4.42999,-0.000393256,-0.00353197,5.6422,-0.012016,10.233,-0.0331581,5.6425,-180.275,-0.774367,-0.121024,0.0,0.598897,-4.986,0,-1.0,-0.221882,0,0,1779.95,-3.30369,0,0,0,0,0,0,0,0,0,0,0,1256.09,-0.0966621,0,0,0,0,0,0,0,0,0,7.75441e-09,0.377647,5944.01,-569.98,0,1.92104e-09,0,-2.19901e-08,54.0,-0.0339829,54.0,0,1.44251,0.0527423,0.0,4835.07,-7.17561,0,0.0,0,0.0,55.0442,1.28387e-14,55.0442,0,0.0,999.0,4.0,0.0,30.281016992934646
280.757,9.88156,-0.062193,4506.15,7.55491,-0.00328894,-0.577648,179.714,1630.39,0.00034108,-0.577539,-152.208,-0.247535,-0.00328894,-5.13527,0.00236698,-0.00360649,5.8691,-0.0124689,9.88124,-0.0411962,5.86942,-180.286,-1.80348,-0.125254,0.0,0.635099,-4.878,6,-1.0,-0.222565,0,0,1779.95,-3.30369,0,0,0,0,0,0,0,0,0,0,0,1256.09,-0.0966621,0,0,0,0,0,0,0,0,0,7.48788e-09,0.377648,5944.23,-570.147,0,2.12959e-09,0,-2.19964e-08,54.0,-0.0339842,54.0,0,1.44251,0.047558,0.0,4835.35,-7.17561,0,0.0,0,0.0,55.0467,1.58441e-14,55.0467,0,0.0,999.0,4.0,0.0,30.141016034435157
280.823,9.55369,-0.00567057,4506.05,7.55568,-0.00241536,-0.591907,179.706,1681.61,-1.4581e-05,-0.591797,-145.346,-0.254928,-0.00241536,0.109113,0.0159978,-0.00367281,6.05347,-0.0121395,9.55316,0.0134903,6.05381,-180.294,0.254504,-0.118058,0.0,0.648263,-4.446,6,-1.0,-0.223112,0,0,1779.95,-3.30369,0,0,0,0,0,0,0,0,0,0,0,1256.09,-0.0966621,0,0,0,0,0,0,0,0,0,7.1386e-09,0.377649,5944.44,-570.314,0,2.19212e-09,0,-2.20027e-08,54.0,-0.0339878,54.0,0,1.44251,0.0400732,0.0,4835.63,-7.17561,0,0.0,0,0.0,55.0488,1.38811e-14,55.0488,0,0.0,999.0,4.0,0.0,30.041015300791848
280.895,8.98021,-0.0111008,4505.92,7.55655,-0.000527324,-0.607328,179.699,1741.62,5.67884e-05,-0.607215,-134.537,-0.233848,-0.000527324,-1.12623,0.022988,-0.003748,6.26951,-0.0109286,8.97962,0.00455199,6.26984,-180.301,0.046663,-0.103174,0.0,0.674592,-3.753,6,-1.0,-0.223746,0,0,1779.95,-3.30369,0,0,0,0,0,0,0,0,0,0,0,1256.09,-0.0966621,0,0,0,0,0,0,0,0,0,6.78931e-09,0.37765,5944.66,-570.481,0,2.25464e-09,0,-2.20091e-08,54.0,-0.0339914,54.0,0,1.44252,0.0325885,0.0,4835.9,-7.17561,0,0.0,0,0.0,55.0509,1.19181e-14,55.0509,0,0.0,999.0,4.0,0.0,29.9110144980491
280.987,3.56097,0.012346,4505.76,7.55768,0.000634295,-0.624262,179.689,1823.75,-0.000283071,-0.624146,-44.2454,-0.183553,0.000634295,-0.210738,-0.00134026,-0.00385926,6.56519,-0.0100318,3.56075,0.0177863,6.56551,-180.311,-1.18716,-0.10217,0.0,0.684465,-3.582,0,-1.0,-0.224617,0,0,1779.95,-3.30369,0,0,0,0,0,0,0,0,0,0,0,1256.09,-0.0966621,0,0,0,0,0,0,0,0,0,6.94049e-09,0.37765,5944.88,-570.648,0,2.29427e-09,0,-2.20154e-08,54.0,-0.0339885,54.0,0,1.44252,-0.0604169,0.0,4836.18,-7.17561,0,0.0,0,0.0,55.0364,1.46811e-14,55.0364,0,0.0,999.0,4.0,0.0,29.751013478912146
281.037,2.35266,-0.0110586,4505.67,7.55833,8.16166e-05,-0.632378,179.684,1871.4,8.71089e-05,-0.63226,-23.0798,-0.157643,8.16166e-05,-0.56045,-0.0178906,-0.00392822,6.73672,-0.00997959,2.35266,-0.00757365,6.73704,-180.316,0.64925,-0.104741,0.0,0.694338,-3.609,0,-1.0,-0.225122,0,0,1779.95,-3.30369,0,0,0,0,0,0,0,0,0,0,0,1256.09,-0.0966621,0,0,0,0,0,0,0,0,0,7.13762e-09,0.377651,5945.1,-570.814,0,2.3318e-09,0,-2.20217e-08,54.0,-0.033985,54.0,0,1.44252,-0.161276,0.0,4836.46,-7.17561,0,0.0,0,0.0,55.0204,1.7878e-14,55.0204,0,0.0,999.0,4.0,0.0,29.66101290632037
281.181,1.2199,0.00332126,4505.39,7.56036,-0.00390426,-0.653457,179.667,2020.25,0.000486873,-0.653333,-2.57161,-0.152318,-0.00390426,0.582993,-0.0152375,-0.00411859,7.27252,-0.0120051,1.21994,0.00533506,7.27292,-180.333,-0.442368,-0.127162,0.0,0.737122,-4.041,0,-1.0,-0.226705,0,0,1779.95,-3.30369,0,0,0,0,0,0,0,0,0,0,0,1256.09,-0.0966621,0,0,0,0,0,0,0,0,0,7.24427e-09,0.377651,5945.31,-570.981,0,2.30133e-09,0,-2.2028e-08,54.0,-0.0339826,54.0,0,1.44252,-0.22939,0.0,4836.74,-7.17561,0,0.0,0,0.0,55.007,2.03085e-14,55.007,0,0.0,999.0,4.0,0.0,29.38101118766368
281.247,1.07159,-0.00246849,4505.25,7.56139,-0.00450983,-0.664017,179.658,2094.1,-0.000286708,-0.66389,1.04508,-0.165063,-0.00450983,1.19362,-0.00327498,-0.00420579,7.53831,-0.0128968,1.0717,-0.000635382,7.53875,-180.342,0.478335,-0.131282,0.0,0.760159,-4.041,0,-1.0,-0.2275,0,0,1779.95,-3.30369,0,0,0,0,0,0,0,0,0,0,0,1256.09,-0.0966621,0,0,0,0,0,0,0,0,0,6.92761e-09,0.377652,5945.53,-571.147,0,1.95279e-09,0,-2.20343e-08,54.0,-0.0339857,54.0,0,1.44252,-0.144329,0.0,4837.02,-7.17561,0,0.0,0,0.0,55.0063,1.91538e-14,55.0063,0,0.0,999.0,4.0,0.0,29.24101035621203
281.313,1.24105,-0.0390759,4505.11,7.56248,-0.00428507,-0.675523,179.65,2171.99,-4.22907e-05,-0.675394,-0.60898,-0.18649,-0.00428507,-2.45223,0.00598232,-0.00429409,7.81868,-0.0136649,1.24124,-0.0369071,7.81915,-180.35,-2.5813,-0.136708,0.0,0.776614,-4.023,0,-1.0,-0.228346,0,0,1779.95,-3.30369,0,0,0,0,0,0,0,0,0,0,0,1256.09,-0.0966621,0,0,0,0,0,0,0,0,0,6.61095e-09,0.377652,5945.75,-571.314,0,1.60426e-09,0,-2.20406e-08,54.0,-0.0339888,54.0,0,1.44252,-0.0592683,0.0,4837.3,-7.17561,0,0.0,0,0.0,55.0055,1.79991e-14,55.0055,0,0.0,999.0,4.0,0.0,29.101009504661175
281.379,1.2474,-0.0204693,4504.96,7.56364,-0.0035826,-0.688216,179.641,2254.03,2.44703e-05,-0.688084,0.0150594,-0.197255,-0.0035826,-0.261485,0.0113468,-0.00439717,8.11399,-0.0141569,1.24743,-0.0182926,8.11451,-180.359,-0.121676,-0.139712,0.0,0.799652,-3.933,6,-1.0,-0.229246,0,0,1779.95,-3.30369,0,0,0,0,0,0,0,0,0,0,0,1256.09,-0.0966621,0,0,0,0,0,0,0,0,0,6.49986e-09,0.377652,5945.97,-571.48,0,1.46002e-09,0,-2.20469e-08,54.0,-0.0339904,54.0,0,1.44252,-0.00334453,0.0,4837.58,-7.17561,0,0.0,0,0.0,55.0062,1.87987e-14,55.0062,0,0.0,999.0,4.0,0.0,28.95100863475401
281.445,1.3811,-0.00826897,4504.81,7.56486,-0.00265258,-0.701922,179.631,2340.67,-0.000121617,-0.701786,-0.755221,-0.213515,-0.00265258,-0.562683,0.0111531,-0.00450209,8.42588,-0.013976,1.38118,-0.0059781,8.42643,-180.369,-1.01247,-0.137774,0.0,0.812816,-3.753,0,-1.0,-0.230204,0,0,1779.95,-3.30369,0,0,0,0,0,0,0,0,0,0,0,1256.09,-0.0966621,0,0,0,0,0,0,0,0,0,6.65389e-09,0.377652,5946.18,-571.646,0,1.57928e-09,0,-2.20532e-08,54.0,-0.0339902,54.0,0,1.44252,0.0150011,0.0,4837.86,-7.17561,0,0.0,0,0.0,55.0088,2.21189e-14,55.0088,0,0.0,999.0,4.0,0.0,28.80100775840356
281.511,1.34046,-0.0375534,4504.65,7.56614,-0.00207172,-0.716404,179.622,2431.53,0.000378682,-0.716265,1.1228,-0.223382,-0.00207172,-3.40041,0.0025578,-0.0046162,8.75294,-0.0138729,1.34058,-0.0354288,8.75353,-180.378,-3.5026,-0.139846,0.0,0.812816,-3.645,0,-1.0,-0.231226,0,0,1779.95,-3.30369,0,0,0,0,0,0,0,0,0,0,0,1256.09,-0.0966621,0,0,0,0,0,0,0,0,0,6.80792e-09,0.377651,5946.4,-571.812,0,1.69854e-09,0,-2.20595e-08,54.0,-0.03399,54.0,0,1.44252,0.0333468,0.0,4838.14,-7.17561,0,0.0,0,0.0,55.0113,2.54391e-14,55.0113,0,0.0,999.0,4.0,0.0,28.641006885575415
281.577,1.43837,0.00263569,4504.49,7.56748,-0.00192812,-0.730835,179.613,2526.08,-0.000155915,-0.730692,0.303503,-0.21576,-0.00192812,0.0543889,0.0011579,-0.00473983,9.09327,-0.013437,1.43836,0.00476127,9.0939,-180.387,0.73324,-0.135845,0.0,0.809525,-3.42,0,-1.0,-0.232313,0,0,1779.95,-3.30369,0,0,0,0,0,0,0,0,0,0,0,1256.09,-0.0966621,0,0,0,0,0,0,0,0,0,6.83933e-09,0.377652,5946.62,-571.977,0,1.65163e-09,0,-2.20658e-08,54.0,-0.0339912,54.0,0,1.44252,0.0414865,0.0,4838.41,-7.17561,0,0.0,0,0.0,55.0143,1.21665e-14,55.0143,0,0.0,999.0,4.0,0.0,28.48100602138883
281.643,1.48342,-0.00032136,4504.32,7.56889,-0.00229649,-0.744558,179.604,2623.81,7.20777e-05,-0.744411,0.714859,-0.196047,-0.00229649,0.172213,-0.0094658,-0.00487156,9.44506,-0.0135292,1.48357,0.00180343,9.44574,-180.396,-0.995354,-0.140162,0.0,0.812816,-3.42,0,-1.0,-0.233469,0,0,1779.95,-3.30369,0,0,0,0,0,0,0,0,0,0,0,1256.09,-0.0966621,0,0,0,0,0,0,0,0,0,6.81739e-09,0.377652,5946.83,-572.142,0,1.53243e-09,0,-2.2072e-08,54.0,-0.0339931,54.0,0,1.44252,0.0451867,0.0,4838.69,-7.17561,0,0.0,0,0.0,55.0175,-8.32393e-15,55.0175,0,0.0,999.0,4.0,0.0,28.311005170288155
281.709,1.57762,-0.010401,4504.14,7.57038,-0.00320861,-0.75703,179.595,2724.51,4.05437e-06,-0.756879,-0.146634,-0.178007,-0.00320861,0.298192,-0.0150749,-0.00499723,9.80751,-0.0141928,1.57783,-0.00811818,9.80824,-180.405,1.4116,-0.148542,0.0,0.812816,-3.51,0,-1.0,-0.234698,0,0,1779.95,-3.30369,0,0,0,0,0,0,0,0,0,0,0,1256.09,-0.0966621,0,0,0,0,0,0,0,0,0,6.79545e-09,0.377653,5947.05,-572.307,0,1.41324e-09,0,-2.20783e-08,54.0,-0.0339949,54.0,0,1.44253,0.0488869,0.0,4838.97,-7.17561,0,0.0,0,0.0,55.0207,-2.88144e-14,55.0207,0,0.0,999.0,4.0,0.0,28.131004336575288
281.775,1.58281,-0.00358593,4503.96,7.57196,-0.00467028,-0.768371,179.584,2828.03,6.26999e-05,-0.768217,0.273947,-0.165243,-0.00467028,1.02205,-0.0218609,-0.00511802,10.1801,-0.0153812,1.583,-0.00119473,10.1809,-180.416,0.824334,-0.163602,0.0,0.809525,-3.753,-6,-1.0,-0.236006,0,0,1779.95,-3.30369,0,0,0,0,0,0,0,0,0,0,0,1256.09,-0.0966621,0,0,0,0,0,0,0,0,0,6.89725e-09,0.377653,5947.27,-572.473,0,1.4406e-09,0,-2.20846e-08,54.0,-0.0339944,54.0,0,1.44253,0.0495402,0.0,4839.25,-7.17561,0,0.0,0,0.0,55.0241,-1.03868e-14,55.0241,0,0.0,999.0,4.0,0.0,27.95100352619922
281.841,1.714,-0.0195913,4503.77,7.57366,-0.00609978,-0.77889,179.573,2934.15,-9.40528e-06,-0.778733,-1.00694,-0.154305,-0.00609978,-0.197328,-0.0176009,-0.00523324,10.5621,-0.0167984,1.71434,-0.0168663,10.5629,-180.427,0.303079,-0.177577,0.0,0.799652,-3.897,0,-1.0,-0.237396,0,0,1779.95,-3.30369,0,0,0,0,0,0,0,0,0,0,0,1256.09,-0.0966621,0,0,0,0,0,0,0,0,0,7.0066e-09,0.377653,5947.49,-572.64,0,1.47692e-09,0,-2.20909e-08,54.0,-0.0339937,54.0,0,1.44253,0.0500073,0.0,4839.53,-7.17561,0,0.0,0,0.0,55.0274,1.04191e-14,55.0274,0,0.0,999.0,4.0,0.0,27.761002742617627
281.907,1.74073,-0.0147995,4503.57,7.57547,-0.00674674,-0.788437,179.561,3041.92,0.000356835,-0.788276,-1.02877,-0.135633,-0.00674674,0.162551,-0.00207016,-0.00533827,10.95,-0.0178716,1.74105,-0.0119595,10.9509,-180.439,0.122092,-0.184844,0.0,0.786488,-3.888,0,-1.0,-0.238875,0,0,1779.95,-3.30369,0,0,0,0,0,0,0,0,0,0,0,1256.09,-0.0966621,0,0,0,0,0,0,0,0,0,7.07484e-09,0.377653,5947.71,-572.806,0,1.52753e-09,0,-2.20972e-08,54.0,-0.0339926,54.0,0,1.44253,0.0503091,0.0,4839.81,-7.17561,0,0.0,0,0.0,55.0307,2.60822e-14,55.0307,0,0.0,999.0,4.0,0.0,27.56100201155399
281.971,1.67208,-0.0222094,4503.38,7.57733,-0.00653086,-0.796243,179.549,3147.43,0.000300675,-0.79608,0.162137,-0.111402,-0.00653086,-0.751625,0.00826944,-0.00542616,11.3297,-0.0185733,1.67233,-0.0194686,11.3307,-180.451,-1.22705,-0.189435,0.0,0.773323,-3.798,6,-1.0,-0.240401,0,0,1779.95,-3.30369,0,0,0,0,0,0,0,0,0,0,0,1256.09,-0.0966621,0,0,0,0,0,0,0,0,0,6.99419e-09,0.377653,5947.93,-572.971,0,1.62988e-09,0,-2.21035e-08,54.0,-0.0339896,54.0,0,1.44253,0.0500121,0.0,4840.09,-7.17561,0,0.0,0,0.0,55.034,2.31224e-14,55.034,0,0.0,999.0,4.0,0.0,27.371001373148648
282.035,1.70596,0.0258214,4503.17,7.57928,-0.00473786,-0.802311,179.538,3253.63,6.79733e-05,-0.802145,-0.349064,-0.0820276,-0.00473786,3.09447,0.0363905,-0.00549644,11.712,-0.0171848,1.70612,0.0283243,11.7131,-180.462,3.95975,-0.166189,0.0,0.76345,-3.123,6,-1.0,-0.242018,0,0,1779.95,-3.30369,0,0,0,0,0,0,0,0,0,0,0,1256.09,-0.0966621,0,0,0,0,0,0,0,0,0,6.91354e-09,0.377654,5948.14,-573.136,0,1.73223e-09,0,-2.21097e-08,54.0,-0.0339866,54.0,0,1.44253,0.0497151,0.0,4840.37,-7.17561,0,0.0,0,0.0,55.0372,2.01625e-14,55.0372,0,0.0,999.0,4.0,0.0,27.161000831309643
282.099,1.62091,0.0298619,4502.96,7.58127,-0.000761399,-0.807082,179.529,3360.91,-0.000161165,-0.806915,0.872705,-0.0707327,-0.000761399,1.97126,0.066671,-0.00554136,12.0982,-0.0133468,1.62093,0.0316501,12.0993,-180.471,2.38131,-0.117889,0.0,0.76345,-1.971,18,-1.0,-0.243725,0,0,1779.95,-3.30369,0,0,0,0,0,0,0,0,0,0,0,1256.09,-0.0966621,0,0,0,0,0,0,0,0,0,6.72181e-09,0.377654,5948.36,-573.298,0,1.77773e-09,0,-2.21159e-08,54.0,-0.0339866,54.0,0,1.44253,0.049329,0.0,4840.64,-7.17561,0,0.0,0,0.0,55.0404,1.73904e-14,55.0404,0,0.0,999.0,4.0,0.0,26.95100041506625
282.155,1.77183,0.0302949,4502.77,7.58301,0.00384874,-0.811071,179.524,3456.19,-3.71858e-05,-0.810903,-1.13288,-0.0725893,0.00384874,0.901148,0.0717142,-0.00558291,12.4411,-0.00859775,1.77203,0.0315196,12.4423,-180.476,2.69276,-0.0639002,0.0,0.76345,-0.972,18,-1.0,-0.245292,0,0,1779.95,-3.30369,0,0,0,0,0,0,0,0,0,0,0,1256.09,-0.0966621,0,0,0,0,0,0,0,0,0,6.40813e-09,0.377654,5948.57,-573.457,0,1.7608e-09,0,-2.21219e-08,54.0,-0.03399,54.0,0,1.44253,0.048845,0.0,4840.91,-7.17561,0,0.0,0,0.0,55.0434,1.48245e-14,55.0434,0,0.0,999.0,4.0,0.0,26.761000167036407
282.207,1.7534,0.00208992,4502.59,7.58462,0.00684292,-0.815274,179.522,3546.13,-0.000142734,-0.815105,-0.409774,-0.0873421,0.00684292,-2.05867,0.0316444,-0.00562774,12.7649,-0.00541281,1.75363,0.00283395,12.7661,-180.478,-0.810956,-0.0396517,0.0,0.766741,-0.666,0,-1.0,-0.246807,0,0,1779.95,-3.30369,0,0,0,0,0,0,0,0,0,0,0,1256.09,-0.0966621,0,0,0,0,0,0,0,0,0,6.09445e-09,0.377655,5948.78,-573.616,0,1.74387e-09,0,-2.21279e-08,54.0,-0.0339933,54.0,0,1.44253,0.0483609,0.0,4841.18,-7.17561,0,0.0,0,0.0,55.0465,1.22586e-14,55.0465,0,0.0,999.0,4.0,0.0,26.58100003582271
282.287,1.79354,0.0239037,4502.3,7.58714,0.00606646,-0.823872,179.519,3688.53,-5.50093e-05,-0.8237,-0.409402,-0.128948,0.00606646,1.56614,-0.0406122,-0.00571225,13.2774,-0.00315804,1.79362,0.0243296,13.2787,-180.481,1.55587,-0.0400431,0.0,0.760159,-0.666,0,-1.0,-0.249239,0,0,1779.95,-3.30369,0,0,0,0,0,0,0,0,0,0,0,1256.09,-0.0966621,0,0,0,0,0,0,0,0,0,6.10922e-09,0.377655,5949.0,-573.783,0,1.48014e-09,0,-2.21342e-08,54.0,-0.0339932,54.0,0,1.44254,0.0478023,0.0,4841.46,-7.17561,0,0.0,0,0.0,55.0496,5.78074e-15,55.0496,0,0.0,999.0,4.0,0.0,26.291000024715846
282.351,1.82839,0.0047404,4502.06,7.5892,0.0027665,-0.833061,179.516,3805.93,-6.00156e-05,-0.832887,-0.0722934,-0.157818,0.0027665,0.47087,-0.0552971,-0.00579709,13.7,-0.00203987,1.82843,0.00501216,13.7013,-180.484,0.603826,-0.0372395,0.0,0.76345,-0.558,0,-1.0,-0.251263,0,0,1779.95,-3.30369,0,0,0,0,0,0,0,0,0,0,0,1256.09,-0.0966621,0,0,0,0,0,0,0,0,0,6.31953e-09,0.377655,5949.23,-573.954,0,1.06949e-09,0,-2.21407e-08,54.0,-0.033991,54.0,0,1.44254,0.0471992,0.0,4841.75,-7.17561,0,0.0,0,0.0,55.0528,-3.02599e-15,55.0528,0,0.0,999.0,4.0,0.0,26.051000196537945
282.415,1.86551,-0.00454496,4501.81,7.59131,0.000423422,-0.843766,179.515,3926.56,0.000136986,-0.843589,0.542091,-0.177705,0.000423422,-0.83864,-0.0217563,-0.00589443,14.1342,-0.000237461,1.86564,-0.00451365,14.1356,-180.485,-1.07783,-0.0128625,0.0,0.766741,0.018,18,-1.0,-0.253352,0,0,1779.95,-3.30369,0,0,0,0,0,0,0,0,0,0,0,1256.09,-0.0966621,0,0,0,0,0,0,0,0,0,6.52984e-09,0.377656,5949.46,-574.126,0,6.58834e-10,0,-2.21472e-08,54.0,-0.0339888,54.0,0,1.44254,0.0465961,0.0,4842.04,-7.17561,0,0.0,0,0.0,55.056,-1.18327e-14,55.056,0,0.0,999.0,4.0,0.0,25.801000546415246
282.481,1.94981,0.0257879,4501.55,7.59349,0.00248126,-0.85593,179.517,4054.78,-0.000155607,-0.855748,0.202011,-0.190892,0.00248126,0.870913,0.0543576,-0.00604308,14.5957,0.00453216,1.94997,0.0251823,14.5972,-180.483,1.23677,0.0591478,0.0,0.753577,1.323,24,-1.0,-0.255567,0,0,1779.95,-3.30369,0,0,0,0,0,0,0,0,0,0,0,1256.09,-0.0966621,0,0,0,0,0,0,0,0,0,6.3308e-09,0.377655,5949.68,-574.29,0,2.94056e-10,0,-2.21534e-08,54.0,-0.0339894,54.0,0,1.44254,0.045979,0.0,4842.32,-7.17561,0,0.0,0,0.0,55.0589,-5.64962e-15,55.0589,0,0.0,999.0,4.0,0.0,25.54100109823631
282.545,1.97452,0.0366282,4501.28,7.59554,0.00928501,-0.868176,179.524,4182.29,-0.000160343,-0.86799,0.874496,-0.187729,0.00928501,-0.439815,0.109127,-0.00620645,15.0546,0.0118863,1.97477,0.0350694,15.0563,-180.476,0.795863,0.158495,0.0,0.750286,2.799,18,11.0,-0.257089,0,0,1779.95,-3.30369,0,0,0,0,0,0,0,0,0,0,0,1256.09,-0.0966621,0,0,0,0,0,0,0,0,0,6.1305e-09,0.377655,5949.89,-574.455,0,-7.05801e-11,0,-2.21597e-08,54.0,-0.03399,54.0,0,1.44254,0.0453619,0.0,4842.6,-7.17561,0,0.0,0,0.0,55.0619,5.79635e-16,55.0619,0,0.0,999.0,4.0,0.0,25.271001800711947
282.609,2.12806,0.0585281,4501.01,7.59747,0.0171393,-0.87995,179.538,4312.69,8.09326e-05,-0.879759,-1.09283,-0.179306,0.0171393,0.984313,0.0999366,-0.0063627,15.524,0.0195274,2.1283,0.05585,15.5257,-180.462,2.69143,0.243558,0.0,0.743704,3.888,18,11.0,-0.257089,0,0,1779.95,-3.30369,0,0,0,0,0,0,0,0,0,0,0,1256.09,-0.0966621,0,0,0,0,0,0,0,0,0,5.97314e-09,0.377654,5950.11,-574.619,0,-3.6485e-10,0,-2.21659e-08,54.0,-0.0339899,54.0,0,1.44253,0.044739,0.0,4842.88,-7.17561,0,0.0,0,0.0,55.0648,4.70169e-15,55.0648,0,0.0,999.0,4.0,0.0,25.00100263111282
282.673,2.14535,0.0503919,4500.73,7.59928,0.0215726,-0.891187,179.555,4446.27,0.000377108,-0.890992,-0.394104,-0.173856,0.0215726,-0.635168,0.0227044,-0.00651339,16.0048,0.0253159,2.14572,0.0469997,16.0066,-180.445,1.20936,0.288781,0.0,0.740413,4.203,0,11.0,-0.257089,0,0,1779.95,-3.30369,0,0,0,0,0,0,0,0,0,0,0,1256.09,-0.0966621,0,0,0,0,0,0,0,0,0,5.93954e-09,0.377654,5950.33,-574.783,0,-4.56269e-10,0,-2.21721e-08,54.0,-0.0339875,54.0,0,1.44253,0.0440995,0.0,4843.16,-7.17561,0,0.0,0,0.0,55.0676,2.74912e-15,55.0676,0,0.0,999.0,4.0,0.0,24.721003566974737
282.737,2.22389,0.0279488,4500.44,7.60099,0.020516,-0.902499,179.574,4583.55,-7.3172e-05,-0.902298,-0.850815,-0.183485,0.020516,-1.42086,-0.0466656,-0.00666198,16.4988,0.0284474,2.22428,0.0241163,16.5008,-180.426,-0.210454,0.298158,0.0,0.737122,4.194,0,11.0,-0.257089,0,0,1779.95,-3.30369,0,0,0,0,0,0,0,0,0,0,0,1256.09,-0.0966621,0,0,0,0,0,0,0,0,0,5.90595e-09,0.377654,5950.55,-574.947,0,-5.47688e-10,0,-2.21783e-08,54.0,-0.0339851,54.0,0,1.44253,0.0434601,0.0,4843.44,-7.1756,0,0.0,0,0.0,55.0705,7.96544e-16,55.0705,0,0.0,999.0,4.0,0.0,24.431004598666828
282.801,2.26682,0.0530654,4500.14,7.60263,0.0163257,-0.914948,179.593,4725.2,0.000147882,-0.914743,-0.81197,-0.20684,0.0163257,2.60759,-0.0727741,-0.00682531,17.0087,0.0302191,2.26713,0.049037,17.0107,-180.407,3.08412,0.304973,0.0,0.743704,4.113,0,11.0,-0.257089,0,0,1779.95,-3.30369,0,0,0,0,0,0,0,0,0,0,0,1256.09,-0.0966621,0,0,0,0,0,0,0,0,0,5.75403e-09,0.377653,5950.77,-575.111,0,-7.54304e-10,0,-2.21845e-08,54.0,-0.0339855,54.0,0,1.44253,0.0428136,0.0,4843.72,-7.1756,0,0.0,0,0.0,55.0732,-6.941e-16,55.0732,0,0.0,999.0,4.0,0.0,24.131005730323697
282.871,2.40044,0.0117017,4499.81,7.60437,0.0110117,-0.930933,179.614,4886.19,9.46737e-05,-0.930722,-1.30944,-0.24898,0.0110117,-0.246272,-0.0673448,-0.00702859,17.5881,0.0298511,2.40081,0.00762819,17.5903,-180.386,-0.728664,0.298864,0.0,0.737122,3.834,0,11.0,-0.257089,0,0,1779.95,-3.30369,0,0,0,0,0,0,0,0,0,0,0,1256.09,-0.0966621,0,0,0,0,0,0,0,0,0,5.49133e-09,0.377653,5950.99,-575.275,0,-1.06875e-09,0,-2.21907e-08,54.0,-0.0339885,54.0,0,1.44253,0.0421607,0.0,4844.0,-7.1756,0,0.0,0,0.0,55.076,-1.75236e-15,55.076,0,0.0,999.0,4.0,0.0,23.80100708913214
282.949,2.45791,0.0104833,4499.42,7.60631,0.00563858,-0.952217,179.636,5073.2,0.000229384,-0.951998,-0.470215,-0.29485,0.00563858,0.507832,-0.0464517,-0.00729568,18.2612,0.0262651,2.4582,0.00694797,18.2635,-180.364,-0.22315,0.265239,0.0,0.743704,3.159,-6,11.0,-0.257089,0,0,1779.95,-3.30369,0,0,0,0,0,0,0,0,0,0,0,1256.09,-0.0966621,0,0,0,0,0,0,0,0,0,5.22864e-09,0.377653,5951.21,-575.439,0,-1.38319e-09,0,-2.2197e-08,54.0,-0.0339916,54.0,0,1.44253,0.0415077,0.0,4844.28,-7.1756,0,0.0,0,0.0,55.0787,-2.81062e-15,55.0787,0,0.0,999.0,4.0,0.0,23.411008809876236
283.015,2.53744,0.000945654,4499.08,7.60799,0.00206185,-0.972714,179.652,5238.29,-0.000337588,-0.972487,-0.355823,-0.325117,0.00206185,1.41157,-0.0378722,-0.00756822,18.8554,0.0211713,2.5376,-0.00190362,18.8578,-180.348,0.105304,0.215096,0.0,0.743704,2.304,-18,11.0,-0.257089,0,0,1779.95,-3.30369,0,0,0,0,0,0,0,0,0,0,0,1256.09,-0.0966621,0,0,0,0,0,0,0,0,0,5.303e-09,0.377652,5951.43,-575.603,0,-1.76726e-09,0,-2.22032e-08,54.0,-0.0339905,54.0,0,1.44253,-0.0417119,0.0,4844.55,-7.1756,0,0.0,0,0.0,55.0664,-4.48085e-15,55.0664,0,0.0,999.0,4.0,0.0,23.071010479822853
283.081,2.60772,-0.00897221,4498.73,7.60979,-0.00244205,-0.995203,179.662,5409.62,-0.000502355,-0.994966,0.284309,-0.352382,-0.00244205,0.811299,-0.0608395,-0.00786944,19.472,0.0134474,2.60794,-0.0107727,19.4746,-180.338,-0.271511,0.127537,0.0,0.737122,1.026,-18,11.0,-0.257089,0,0,1779.95,-3.30369,0,0,0,0,0,0,0,0,0,0,0,1256.09,-0.0966621,0,0,0,0,0,0,0,0,0,5.47393e-09,0.377652,5951.65,-575.767,0,-2.17128e-09,0,-2.22094e-08,54.0,-0.0339883,54.0,0,1.44252,-0.148587,0.0,4844.83,-7.1756,0,0.0,0,0.0,55.0499,-6.32641e-15,55.0499,0,0.0,999.0,4.0,0.0,22.72101245464382
283.141,2.82928,-0.0319644,4498.4,7.61158,-0.0079664,-1.01695,179.666,5571.09,-0.000411145,-1.0167,-1.81393,-0.371738,-0.0079664,0.369343,-0.0820418,-0.00819348,20.0531,0.00468858,2.82961,-0.0326255,20.0559,-180.334,-1.26086,0.024733,0.0,0.73054,-0.252,-24,11.0,-0.257089,0,0,1779.95,-3.30369,0,0,0,0,0,0,0,0,0,0,0,1256.09,-0.0966621,0,0,0,0,0,0,0,0,0,5.62826e-09,0.377651,5951.87,-575.931,0,-2.57498e-09,0,-2.22156e-08,54.0,-0.0339865,54.0,0,1.44252,-0.247167,0.0,4845.11,-7.1756,0,0.0,0,0.0,55.0341,-8.25157e-15,55.0341,0,0.0,999.0,4.0,0.0,22.391014611588798
283.191,2.81371,-0.0334494,4498.11,7.61321,-0.0124309,-1.03568,179.665,5709.48,-0.000318643,-1.03542,-0.0840822,-0.376822,-0.0124309,0.840348,-0.0740281,-0.00851339,20.5511,-0.00211082,2.81416,-0.0331608,20.5541,-180.335,-0.844323,-0.0509517,0.0,0.737122,-0.999,-6,11.0,-0.257089,0,0,1779.95,-3.30369,0,0,0,0,0,0,0,0,0,0,0,1256.09,-0.0966621,0,0,0,0,0,0,0,0,0,5.41816e-09,0.37765,5952.09,-576.094,0,-2.97192e-09,0,-2.22218e-08,54.0,-0.033993,54.0,0,1.44252,-0.16358,0.0,4845.39,-7.1756,0,0.0,0,0.0,55.0327,-1.19247e-14,55.0327,0,0.0,999.0,4.0,0.0,22.101016750006885
283.297,2.94191,-0.0198294,4497.49,7.61706,-0.013399,-1.0755,179.657,6014.56,-2.75548e-05,-1.07523,0.0941093,-0.372835,-0.013399,1.37104,0.0473601,-0.00921296,21.649,-0.00834016,2.94238,-0.018696,21.6524,-180.343,0.142915,-0.090741,0.0,0.727249,-0.999,6,11.0,-0.257089,0,0,1779.95,-3.30369,0,0,0,0,0,0,0,0,0,0,0,1256.09,-0.0966621,0,0,0,0,0,0,0,0,0,5.20806e-09,0.37765,5952.31,-576.257,0,-3.36886e-09,0,-2.22279e-08,54.0,-0.0339995,54.0,0,1.44251,-0.0799935,0.0,4845.67,-7.1756,0,0.0,0,0.0,55.0313,-1.55979e-14,55.0313,0,0.0,999.0,4.0,0.0,21.481022455264785
283.363,3.01692,-0.0106028,4497.09,7.61966,-0.00896546,-1.09954,179.651,6211.35,1.26682e-05,-1.09925,0.372349,-0.353005,-0.00896546,0.315374,0.0752295,-0.00966201,22.3571,-0.00944747,3.01753,-0.00932869,22.3609,-180.349,-0.0246822,-0.0877798,0.0,0.723958,-0.9,0,11.0,-0.257089,0,0,1779.95,-3.30369,0,0,0,0,0,0,0,0,0,0,0,1256.09,-0.0966621,0,0,0,0,0,0,0,0,0,5.19973e-09,0.377649,5952.52,-576.418,0,-3.61805e-09,0,-2.2234e-08,54.0,-0.0340015,54.0,0,1.44251,-0.0161543,0.0,4845.95,-7.1756,0,0.0,0,0.0,55.0308,-1.31961e-14,55.0308,0,0.0,999.0,4.0,0.0,21.081026872417898
283.429,2.95485,-0.0160292,4496.67,7.62238,-0.00357355,-1.1217,179.646,6411.78,0.000265519,-1.1214,2.24661,-0.31527,-0.00357355,-1.49211,0.0756403,-0.0100902,23.0784,-0.00851047,2.95541,-0.0149397,23.0824,-180.354,-2.16967,-0.0733144,0.0,0.704211,-0.639,0,11.0,-0.257089,0,0,1779.95,-3.30369,0,0,0,0,0,0,0,0,0,0,0,1256.09,-0.0966621,0,0,0,0,0,0,0,0,0,5.66661e-09,0.377648,5952.74,-576.574,0,-3.51925e-09,0,-2.224e-08,54.0,-0.033993,54.0,0,1.44251,0.00117467,0.0,4846.21,-7.1756,0,0.0,0,0.0,55.0326,3.51385e-15,55.0326,0,0.0,999.0,4.0,0.0,20.661032029025133
283.495,2.88325,-0.0209467,4496.24,7.6252,0.000283412,-1.13983,179.642,6611.8,0.000268905,-1.13952,3.85992,-0.217984,0.000283412,-2.37896,0.0340057,-0.0104838,23.7981,-0.00731439,2.88397,-0.0200604,23.8025,-180.358,-2.68792,-0.0662536,0.0,0.677883,-0.621,0,11.0,-0.257089,0,0,1779.95,-3.30369,0,0,0,0,0,0,0,0,0,0,0,1256.09,-0.0966621,0,0,0,0,0,0,0,0,0,6.1335e-09,0.377647,5952.95,-576.731,0,-3.42045e-09,0,-2.22459e-08,54.0,-0.0339845,54.0,0,1.4425,0.0185036,0.0,4846.48,-7.1756,0,0.0,0,0.0,55.0344,2.02238e-14,55.0344,0,0.0,999.0,4.0,0.0,20.231037977325595
283.561,2.94095,-0.0114235,4495.8,7.62812,0.000384463,-1.14937,179.637,6807.39,-0.000241401,-1.14905,2.30555,-0.0618613,0.000384463,-1.51857,-0.0229589,-0.0107612,24.5019,-0.00705994,2.94202,-0.0105758,24.5066,-180.363,-1.47659,-0.0787038,0.0,0.648263,-0.846,-6,11.0,-0.257089,0,0,1779.95,-3.30369,0,0,0,0,0,0,0,0,0,0,0,1256.09,-0.0966621,0,0,0,0,0,0,0,0,0,6.05094e-09,0.377646,5953.17,-576.894,0,-3.32548e-09,0,-2.2252e-08,54.0,-0.0339827,54.0,0,1.4425,0.029875,0.0,4846.76,-7.1756,0,0.0,0,0.0,55.0365,2.93179e-14,55.0365,0,0.0,999.0,4.0,0.0,19.791044820686114
283.627,2.95597,-0.0294668,4495.34,7.63118,-0.0028552,-1.1481,179.63,6997.72,0.000143831,-1.14777,0.279525,0.0909194,-0.0028552,-1.18098,-0.0603465,-0.0108679,25.1869,-0.0081728,2.95728,-0.0285092,25.1918,-180.37,-1.82982,-0.109734,0.0,0.63839,-1.107,-6,11.0,-0.257089,0,0,1779.95,-3.30369,0,0,0,0,0,0,0,0,0,0,0,1256.09,-0.0966621,0,0,0,0,0,0,0,0,0,5.28966e-09,0.377646,5953.4,-577.063,0,-3.23526e-09,0,-2.22585e-08,54.0,-0.0339894,54.0,0,1.4425,0.0338869,0.0,4847.05,-7.1756,0,0.0,0,0.0,55.0392,2.90041e-14,55.0392,0,0.0,999.0,4.0,0.0,19.33105279679317
283.695,2.85185,-0.0169593,4494.86,7.63449,-0.00634877,-1.13895,179.622,7190.52,8.45358e-06,-1.13862,0.117607,0.161264,-0.00634877,0.407453,-0.0391875,-0.0108146,25.8808,-0.008939,2.85305,-0.0159776,25.8859,-180.378,-0.491082,-0.122312,0.0,0.635099,-1.116,0,11.0,-0.257089,0,0,1779.95,-3.30369,0,0,0,0,0,0,0,0,0,0,0,1256.09,-0.0966621,0,0,0,0,0,0,0,0,0,4.52838e-09,0.377645,5953.62,-577.233,0,-3.14504e-09,0,-2.22649e-08,54.0,-0.033996,54.0,0,1.4425,0.0378988,0.0,4847.34,-7.1756,0,0.0,0,0.0,55.0418,2.86903e-14,55.0418,0,0.0,999.0,4.0,0.0,18.85106236476043
283.763,2.83113,-0.024577,4494.37,7.63797,-0.00762227,-1.12816,179.614,7381.62,2.41329e-05,-1.12784,-1.1008,0.143776,-0.00762227,-1.13889,-0.00148801,-0.0106779,26.5686,-0.00966382,2.83185,-0.0235482,26.5738,-180.386,-1.13562,-0.124207,0.0,0.635099,-1.062,0,11.0,-0.257089,0,0,1779.95,-3.30369,0,0,0,0,0,0,0,0,0,0,0,1256.09,-0.0966621,0,0,0,0,0,0,0,0,0,4.6972e-09,0.377645,5953.85,-577.397,0,-2.47544e-09,0,-2.22711e-08,54.0,-0.0339908,54.0,0,1.4425,0.0392197,0.0,4847.62,-7.1756,0,0.0,0,0.0,55.0445,2.95008e-14,55.0445,0,0.0,999.0,4.0,0.0,18.361073549248026
283.831,2.79382,-0.00751864,4493.86,7.64161,-0.00654113,-1.12007,179.606,7571.81,0.000187637,-1.11975,-0.487515,0.0993392,-0.00654113,-0.171556,0.029191,-0.0105248,27.2532,-0.00856316,2.79448,-0.00664145,27.2585,-180.394,-0.0304948,-0.103446,0.0,0.618644,-0.657,6,11.0,-0.257089,0,0,1779.95,-3.30369,0,0,0,0,0,0,0,0,0,0,0,1256.09,-0.0966621,0,0,0,0,0,0,0,0,0,5.07256e-09,0.377645,5954.07,-577.559,0,-1.67718e-09,0,-2.22772e-08,54.0,-0.0339828,54.0,0,1.4425,0.039943,0.0,4847.9,-7.1756,0,0.0,0,0.0,55.0472,3.05611e-14,55.0472,0,0.0,999.0,4.0,0.0,17.851086618805247
283.897,2.711,0.0314395,4493.35,7.64518,-0.000142172,-1.11409,179.603,7753.64,-0.000668012,-1.11378,0.0352054,0.090193,-0.000142172,0.622612,0.121691,-0.0103925,27.9078,-0.000956047,2.71124,0.0315324,27.9131,-180.397,1.92859,0.00722766,0.0,0.602188,0.738,24,11.0,-0.257089,0,0,1779.95,-3.30369,0,0,0,0,0,0,0,0,0,0,0,1256.09,-0.0966621,0,0,0,0,0,0,0,0,0,5.36779e-09,0.377645,5954.29,-577.721,0,-9.61016e-10,0,-2.22834e-08,54.0,-0.0339764,54.0,0,1.4425,0.0406082,0.0,4848.18,-7.1756,0,0.0,0,0.0,55.0498,2.97382e-14,55.0498,0,0.0,999.0,4.0,0.0,17.341100982129483
283.963,2.71093,0.0651523,4492.83,7.64862,0.0122511,-1.10717,179.61,7932.01,-0.000602505,-1.10686,0.425081,0.121615,0.0122511,-0.791362,0.182549,-0.0102913,28.5498,0.0110579,2.71177,0.0641055,28.5552,-180.39,1.87498,0.181264,0.0,0.595606,2.268,18,11.0,-0.257089,0,0,1779.95,-3.30369,0,0,0,0,0,0,0,0,0,0,0,1256.09,-0.0966621,0,0,0,0,0,0,0,0,0,4.72043e-09,0.377646,5954.51,-577.884,0,-1.21046e-09,0,-2.22895e-08,54.0,-0.0339873,54.0,0,1.4425,0.0405899,0.0,4848.46,-7.1756,0,0.0,0,0.0,55.0525,6.76484e-15,55.0525,0,0.0,999.0,4.0,0.0,16.82111655819545
284.007,2.648,0.0576088,4492.48,7.6508,0.0199879,-1.1013,179.621,8049.28,-0.000619385,-1.10099,0.205629,0.142119,0.0199879,-4.00651,0.15574,-0.0102043,28.972,0.0181689,2.64847,0.0559472,28.9774,-180.379,-1.38612,0.274085,0.0,0.585733,2.88,6,11.0,-0.257089,0,0,1779.95,-3.30369,0,0,0,0,0,0,0,0,0,0,0,1256.09,-0.0966621,0,0,0,0,0,0,0,0,0,4.07306e-09,0.377647,5954.73,-578.046,0,-1.4599e-09,0,-2.22956e-08,54.0,-0.0339982,54.0,0,1.4425,0.0405716,0.0,4848.74,-7.1756,0,0.0,0,0.0,55.0551,-1.62085e-14,55.0551,0,0.0,999.0,4.0,0.0,16.471127467176775
284.027,2.67731,0.0686031,4492.32,7.65175,0.0228487,-1.09837,179.627,8102.15,-0.000389485,-1.09806,-0.767517,0.150051,0.0228487,-3.37713,0.13052,-0.0101587,29.1623,0.0207317,2.67768,0.0666962,29.1677,-180.373,-0.275794,0.306507,0.0,0.585733,3.006,0,11.0,-0.257089,0,0,1779.95,-3.30369,0,0,0,0,0,0,0,0,0,0,0,1256.09,-0.0966621,0,0,0,0,0,0,0,0,0,3.9086e-09,0.377647,5954.95,-578.208,0,-1.5744e-09,0,-2.23018e-08,54.0,-0.0340024,54.0,0,1.44251,0.0404797,0.0,4849.02,-7.1756,0,0.0,0,0.0,55.0578,-2.61899e-14,55.0578,0,0.0,999.0,4.0,0.0,16.311132519309936
284.047,2.63578,0.0751938,4492.16,7.65267,0.0251277,-1.09531,179.633,8154.59,-0.000380937,-1.09501,0.371467,0.156249,0.0251277,-1.5599,0.0974368,-0.0101078,29.3511,0.0229619,2.63655,0.0731367,29.3565,-180.367,1.21043,0.331908,0.0,0.582442,3.069,0,11.0,-0.257089,0,0,1779.95,-3.30369,0,0,0,0,0,0,0,0,0,0,0,1256.09,-0.0966621,0,0,0,0,0,0,0,0,0,4.69233e-09,0.377647,5955.17,-578.37,0,-1.42395e-09,0,-2.23079e-08,54.0,-0.0339936,54.0,0,1.4425,0.0402431,0.0,4849.3,-7.1756,0,0.0,0,0.0,55.0604,-1.0661e-14,55.0604,0,0.0,999.0,4.0,0.0,16.151137603552726
284.085,2.63197,0.0601799,4491.85,7.65437,0.0276794,-1.08915,179.646,8253.46,-0.000424033,-1.08885,-0.463505,0.167255,0.0276794,-2.00368,0.0391542,-0.0100055,29.707,0.0260716,2.63256,0.0578714,29.7124,-180.354,-0.511061,0.361904,0.0,0.57586,3.078,0,11.0,-0.257089,0,0,1779.95,-3.30369,0,0,0,0,0,0,0,0,0,0,0,1256.09,-0.0966621,0,0,0,0,0,0,0,0,0,5.47606e-09,0.377646,5955.39,-578.532,0,-1.27351e-09,0,-2.2314e-08,54.0,-0.0339847,54.0,0,1.4425,0.0400065,0.0,4849.58,-7.1756,0,0.0,0,0.0,55.063,4.86795e-15,55.063,0,0.0,999.0,4.0,0.0,15.841147542299803
284.105,2.60334,0.0542686,4491.68,7.65523,0.0281612,-1.08577,179.654,8305.06,-0.000240849,-1.08547,-0.302479,0.17098,0.0281612,-2.36316,0.0136582,-0.00994907,29.8927,0.027273,2.60394,0.0518952,29.8982,-180.346,-1.67059,0.371084,0.0,0.572569,3.069,0,11.0,-0.257089,0,0,1779.95,-3.30369,0,0,0,0,0,0,0,0,0,0,0,1256.09,-0.0966621,0,0,0,0,0,0,0,0,0,5.39738e-09,0.377646,5955.61,-578.694,0,-1.44381e-09,0,-2.23201e-08,54.0,-0.0339852,54.0,0,1.4425,0.0397137,0.0,4849.86,-7.1756,0,0.0,0,0.0,55.0656,1.53135e-14,55.0656,0,0.0,999.0,4.0,0.0,15.671152918432922
284.123,2.56376,0.0664213,4491.53,7.65601,0.0282235,-1.08262,179.661,8352.52,-0.000211982,-1.08232,0.112716,0.170945,0.0282235,0.194854,-0.00348294,-0.00989278,30.0636,0.0281947,2.56437,0.0640189,30.0691,-180.339,0.759019,0.377964,0.0,0.572569,3.069,0,11.0,-0.257089,0,0,1779.95,-3.30369,0,0,0,0,0,0,0,0,0,0,0,1256.09,-0.0966621,0,0,0,0,0,0,0,0,0,4.74054e-09,0.377646,5955.83,-578.855,0,-1.82915e-09,0,-2.23262e-08,54.0,-0.0339918,54.0,0,1.4425,0.0393832,0.0,4850.14,-7.1756,0,0.0,0,0.0,55.0682,2.23511e-14,55.0682,0,0.0,999.0,4.0,0.0,15.52115789495396
284.143,2.54984,0.0517946,4491.36,7.65681,0.0280277,-1.07925,179.668,8402.22,-0.000131316,-1.07896,-0.120905,0.172313,0.0280277,-2.50507,-0.018176,-0.00983443,30.2425,0.0289462,2.55035,0.049354,30.248,-180.332,-2.18531,0.382701,0.0,0.562696,3.06,0,11.0,-0.257089,0,0,1779.95,-3.30369,0,0,0,0,0,0,0,0,0,0,0,1256.09,-0.0966621,0,0,0,0,0,0,0,0,0,4.08369e-09,0.377646,5956.05,-579.017,0,-2.21448e-09,0,-2.23324e-08,54.0,-0.0339984,54.0,0,1.4425,0.0390527,0.0,4850.41,-7.1756,0,0.0,0,0.0,55.0708,2.93887e-14,55.0708,0,0.0,999.0,4.0,0.0,15.351163312794556
284.167,2.5113,0.0802331,4491.16,7.65777,0.0274938,-1.07506,179.677,8462.88,0.000256506,-1.07476,0.183404,0.176771,0.0274938,1.87901,-0.0226997,-0.009763,30.4609,0.0296406,2.51183,0.0777894,30.4664,-180.323,2.64315,0.38844,0.0,0.559405,3.042,-6,11.0,-0.257089,0,0,1779.95,-3.30369,0,0,0,0,0,0,0,0,0,0,0,1256.09,-0.0966621,0,0,0,0,0,0,0,0,0,4.33734e-09,0.377645,5956.27,-579.178,0,-1.49914e-09,0,-2.23385e-08,54.0,-0.0339924,54.0,0,1.4425,0.0386723,0.0,4850.69,-7.1756,0,0.0,0,0.0,55.0733,2.1802e-14,55.0733,0,0.0,999.0,4.0,0.0,15.151169985611512
284.273,2.50457,0.0569686,4490.25,7.66169,0.0241241,-1.05498,179.718,8724.22,0.000170209,-1.0547,-1.27011,0.196743,0.0241241,0.141874,-0.023486,-0.00942486,31.4017,0.0293554,2.50516,0.0546294,31.4072,-180.282,-0.0841926,0.382783,0.0,0.552823,2.835,-6,11.0,-0.257089,0,0,1779.95,-3.30369,0,0,0,0,0,0,0,0,0,0,0,1256.09,-0.0966621,0,0,0,0,0,0,0,0,0,4.74308e-09,0.377644,5956.49,-579.34,0,-5.99928e-10,0,-2.23446e-08,54.0,-0.0339842,54.0,0,1.44249,0.0382835,0.0,4850.97,-7.1756,0,0.0,0,0.0,55.0757,1.17722e-14,55.0757,0,0.0,999.0,4.0,0.0,14.241201142322918
284.309,2.41564,0.0552057,4489.93,7.66291,0.0233768,-1.04791,179.732,8811.1,-0.000122906,-1.04763,-0.100459,0.195385,0.0233768,0.602267,-0.0159672,-0.00930738,31.7145,0.0290037,2.41625,0.0529996,31.72,-180.268,0.36759,0.381862,0.0,0.549532,2.835,0,11.0,-0.257089,0,0,1779.95,-3.30369,0,0,0,0,0,0,0,0,0,0,0,1256.09,-0.0966621,0,0,0,0,0,0,0,0,0,5.02486e-09,0.377644,5956.72,-579.501,0,2.43045e-10,0,-2.23507e-08,54.0,-0.0339778,54.0,0,1.44249,0.0378899,0.0,4851.25,-7.1756,0,0.0,0,0.0,55.0782,2.01663e-15,55.0782,0,0.0,999.0,4.0,0.0,13.92121245251676
284.341,2.46155,0.0684509,4489.65,7.66395,0.0230003,-1.04184,179.744,8887.91,0.000253286,-1.04156,-1.35268,0.184305,0.0230003,1.13885,-0.00530548,-0.00920008,31.991,0.0289066,2.46211,0.0662284,31.9965,-180.256,0.872534,0.384783,0.0,0.549532,2.853,0,11.0,-0.257089,0,0,1779.95,-3.30369,0,0,0,0,0,0,0,0,0,0,0,1256.09,-0.0966621,0,0,0,0,0,0,0,0,0,4.37833e-09,0.377645,5956.94,-579.662,0,6.64843e-10,0,-2.23567e-08,54.0,-0.0339849,54.0,0,1.4425,0.0374599,0.0,4851.53,-7.1756,0,0.0,0,0.0,55.0806,-5.68623e-15,55.0806,0,0.0,999.0,4.0,0.0,13.641222716548898
284.373,2.41096,0.0554945,4489.36,7.66495,0.0230297,-1.03607,179.757,8965.66,1.60786e-05,-1.0358,-0.86467,0.171174,0.0230297,-0.884531,0.00585136,-0.00909908,32.2709,0.028777,2.41143,0.053345,32.2764,-180.243,-1.02539,0.388006,0.0,0.549532,2.871,0,11.0,-0.257089,0,0,1779.95,-3.30369,0,0,0,0,0,0,0,0,0,0,0,1256.09,-0.0966621,0,0,0,0,0,0,0,0,0,3.73179e-09,0.377646,5957.16,-579.823,0,1.08664e-09,0,-2.23628e-08,54.0,-0.0339919,54.0,0,1.4425,0.0370299,0.0,4851.81,-7.1756,0,0.0,0,0.0,55.0831,-1.33891e-14,55.0831,0,0.0,999.0,4.0,0.0,13.351233430005292
284.423,2.33457,0.0560647,4488.91,7.66638,0.0235638,-1.02818,179.776,9083.26,-6.93141e-05,-1.02791,0.330518,0.150031,0.0235638,-1.05063,0.0149833,-0.00895183,32.6943,0.0285859,2.33508,0.054025,32.6997,-180.224,-0.831457,0.393752,0.0,0.549532,2.871,0,11.0,-0.257089,0,0,1779.95,-3.30369,0,0,0,0,0,0,0,0,0,0,0,1256.09,-0.0966621,0,0,0,0,0,0,0,0,0,3.506e-09,0.377647,5957.38,-579.984,0,1.13278e-09,0,-2.23689e-08,54.0,-0.0339965,54.0,0,1.44251,0.0365885,0.0,4852.09,-7.1756,0,0.0,0,0.0,55.0855,-1.85506e-14,55.0855,0,0.0,999.0,4.0,0.0,12.90125040236007
284.461,2.35974,0.0618102,4488.56,7.66739,0.0241214,-1.02267,179.791,9174.24,2.8314e-05,-1.02241,-0.529047,0.135121,0.0241214,1.16905,0.0150551,-0.00884435,33.0218,0.0284603,2.36009,0.0597744,33.0272,-180.209,0.228871,0.396934,0.0,0.546241,2.862,0,11.0,-0.257089,0,0,1779.95,-3.30369,0,0,0,0,0,0,0,0,0,0,0,1256.09,-0.0966621,0,0,0,0,0,0,0,0,0,3.97034e-09,0.377648,5957.6,-580.145,0,5.62725e-10,0,-2.2375e-08,54.0,-0.033997,54.0,0,1.44251,0.0361284,0.0,4852.37,-7.1756,0,0.0,0,0.0,55.0878,-1.95436e-14,55.0878,0,0.0,999.0,4.0,0.0,12.551263893812035
284.598,2.2853,0.0564161,4487.29,7.67035,0.0255146,-1.00355,179.846,9487.94,-7.27794e-05,-1.0033,-0.568329,0.157495,0.0255146,-1.54353,0.0127433,-0.00849222,34.1512,0.0276391,2.28557,0.0545633,34.1566,-180.154,-1.29926,0.39925,0.0,0.523203,2.736,-6,11.0,-0.257089,0,0,1779.95,-3.30369,0,0,0,0,0,0,0,0,0,0,0,1256.09,-0.0966621,0,0,0,0,0,0,0,0,0,4.43469e-09,0.377649,5957.82,-580.306,0,-7.32597e-12,0,-2.23811e-08,54.0,-0.0339975,54.0,0,1.44251,0.0356682,0.0,4852.65,-7.1756,0,0.0,0,0.0,55.0901,-2.05366e-14,55.0901,0,0.0,999.0,4.0,0.0,11.281315345406265
284.62,2.20741,0.0589641,4487.08,7.67073,0.0255976,-1.00004,179.854,9537.37,0.000245182,-0.999788,0.0750549,0.161236,0.0255976,-0.26548,-0.000487423,-0.00843311,34.3292,0.0271869,2.2075,0.0572082,34.3345,-180.146,-0.564286,0.395139,0.0,0.516621,2.61,-6,11.0,-0.257089,0,0,1779.95,-3.30369,0,0,0,0,0,0,0,0,0,0,0,1256.09,-0.0966621,0,0,0,0,0,0,0,0,0,4.65701e-09,0.377649,5958.04,-580.463,0,-2.60511e-11,0,-2.2387e-08,54.0,-0.0339943,54.0,0,1.44251,0.035206,0.0,4852.92,-7.1756,0,0.0,0,0.0,55.0923,-1.64195e-14,55.0923,0,0.0,999.0,4.0,0.0,11.071324228514765
284.654,2.21022,0.0616768,4486.75,7.67127,0.0251314,-0.994517,179.867,9613.01,0.000258258,-0.994266,0.13174,0.163529,0.0251314,0.919432,-0.0220226,-0.00833777,34.6015,0.0258191,2.21058,0.0600268,34.6068,-180.133,1.41455,0.378883,0.0,0.510039,2.376,-6,11.0,-0.257089,0,0,1779.95,-3.30369,0,0,0,0,0,0,0,0,0,0,0,1256.09,-0.0966621,0,0,0,0,0,0,0,0,0,4.74175e-09,0.377648,5958.25,-580.617,0,2.68645e-10,0,-2.23928e-08,54.0,-0.0339888,54.0,0,1.44251,0.0347425,0.0,4853.19,-7.1756,0,0.0,0,0.0,55.0945,-9.39741e-15,55.0945,0,0.0,999.0,4.0,0.0,10.741338462822018
284.792,1.93647,0.027649,4485.4,7.67314,0.0148267,-0.960839,179.907,9893.36,7.09578e-05,-0.960603,0.46937,0.341849,0.0148267,0.37877,-0.0298749,-0.00786586,35.6109,0.0165763,1.93697,0.0267507,35.6161,-180.093,-0.969314,0.236008,0.0,0.4508,1.449,0,11.0,-0.257089,0,0,1779.95,-3.30369,0,0,0,0,0,0,0,0,0,0,0,1256.09,-0.0966621,0,0,0,0,0,0,0,0,0,4.82649e-09,0.377647,5958.47,-580.771,0,5.63341e-10,0,-2.23987e-08,54.0,-0.0339834,54.0,0,1.4425,0.034279,0.0,4853.46,-7.1756,0,0.0,0,0.0,55.0967,-2.37529e-15,55.0967,0,0.0,999.0,4.0,0.0,9.391404281554111
284.898,1.78958,0.0194438,4484.34,7.67426,0.0105338,-0.924501,179.927,10090.0,0.000123148,-0.924279,-0.387127,0.312921,0.0105338,0.877997,-0.0295681,-0.00739411,36.319,0.0111493,1.78995,0.0188958,36.3239,-180.073,0.558021,0.167144,0.0,0.444218,0.864,-6,11.0,-0.257089,0,0,1779.95,-3.30369,0,0,0,0,0,0,0,0,0,0,0,1256.09,-0.0966621,0,0,0,0,0,0,0,0,0,4.43428e-09,0.377647,5958.69,-580.935,0,3.61343e-10,0,-2.24049e-08,54.0,-0.033982,54.0,0,1.44251,-0.0471661,0.0,4853.74,-7.1756,0,0.0,0,0.0,55.0843,-4.61271e-15,55.0843,0,0.0,999.0,4.0,0.0,8.331467507444422
284.964,1.83263,-0.00152533,4483.67,7.6749,0.00675965,-0.906174,179.936,10209.0,-0.000213299,-0.90596,-1.52595,0.243297,0.00675965,-0.217224,-0.0617351,-0.00712027,36.7475,0.00643445,1.83304,-0.00184491,36.7522,-180.064,-1.45772,0.0987102,0.0,0.440927,0.306,-6,11.0,-0.257089,0,0,1779.95,-3.30369,0,0,0,0,0,0,0,0,0,0,0,1256.09,-0.0966621,0,0,0,0,0,0,0,0,0,3.91413e-09,0.377648,5958.92,-581.102,0,2.6094e-11,0,-2.24112e-08,54.0,-0.0339817,54.0,0,1.44251,-0.150336,0.0,4854.03,-7.1756,0,0.0,0,0.0,55.0681,-9.33423e-15,55.0681,0,0.0,999.0,4.0,0.0,7.661515790625305
285.101,1.74654,-0.00687661,4482.26,7.67628,-1.95307e-05,-0.878627,179.942,10447.5,2.07611e-05,-0.878427,-1.1348,0.178914,-1.95307e-05,-0.803992,-0.010004,-0.00667647,37.6065,0.00139492,1.74661,-0.00694139,37.6111,-180.058,-1.69823,0.0168959,0.0,0.42118,0.054,0,11.0,-0.257089,0,0,1779.95,-3.30369,0,0,0,0,0,0,0,0,0,0,0,1256.09,-0.0966621,0,0,0,0,0,0,0,0,0,3.44928e-09,0.377648,5959.15,-581.268,0,-2.51563e-10,0,-2.24175e-08,54.0,-0.0339819,54.0,0,1.44251,-0.223557,0.0,4854.32,-7.1756,0,0.0,0,0.0,55.0544,-1.13283e-14,55.0544,0,0.0,999.0,4.0,0.0,6.251651899970322
285.119,1.75446,-0.00294542,4482.07,7.67646,-0.00014547,-0.87542,179.942,10478.1,0.000112732,-0.875221,-1.05062,0.177568,-0.00014547,0.474101,-0.00347651,-0.00662671,37.7165,0.00117712,1.75465,-0.00300018,37.7211,-180.058,-0.545607,0.0143797,0.0,0.42118,0.063,0,11.0,-0.257089,0,0,1779.95,-3.30369,0,0,0,0,0,0,0,0,0,0,0,1256.09,-0.0966621,0,0,0,0,0,0,0,0,0,3.27651e-09,0.377647,5959.38,-581.428,0,-2.25121e-10,0,-2.24235e-08,54.0,-0.0339853,54.0,0,1.44251,-0.138631,0.0,4854.6,-7.1756,0,0.0,0,0.0,55.0541,1.07955e-15,55.0541,0,0.0,999.0,4.0,0.0,6.061675016989635
285.14,1.70077,0.00413588,4481.85,7.67667,-0.000148442,-0.871805,179.942,10512.7,8.20441e-05,-0.871608,-0.706449,0.175286,-0.000148442,1.25014,0.00229597,-0.00656987,37.841,0.000989755,1.70077,0.00409143,37.8456,-180.058,1.16265,0.0135182,0.0,0.414598,0.063,0,11.0,-0.257089,0,0,1779.95,-3.30369,0,0,0,0,0,0,0,0,0,0,0,1256.09,-0.0966621,0,0,0,0,0,0,0,0,0,3.10374e-09,0.377647,5959.6,-581.588,0,-1.98679e-10,0,-2.24295e-08,54.0,-0.0339887,54.0,0,1.4425,-0.0537046,0.0,4854.88,-7.1756,0,0.0,0,0.0,55.0538,1.34874e-14,55.0538,0,0.0,999.0,4.0,0.0,5.841703694035163
285.158,1.65288,0.00206727,4481.67,7.67686,-4.11408e-05,-0.86866,179.943,10542.7,1.10143e-05,-0.868464,0.167589,0.174298,-4.11408e-05,0.0999305,0.00741799,-0.00652103,37.9493,0.000863792,1.65297,0.00202966,37.9538,-180.057,-0.0383332,0.0130626,0.0,0.408016,0.081,0,11.0,-0.257089,0,0,1779.95,-3.30369,0,0,0,0,0,0,0,0,0,0,0,1256.09,-0.0966621,0,0,0,0,0,0,0,0,0,3.10284e-09,0.377646,5959.82,-581.745,0,-2.28994e-10,0,-2.24355e-08,54.0,-0.0339923,54.0,0,1.4425,0.00281591,0.0,4855.16,-7.1756,0,0.0,0,0.0,55.0548,1.89474e-14,55.0548,0,0.0,999.0,4.0,0.0,5.66172911217065
285.19,1.69944,0.00721396,4481.33,7.67719,0.00025158,-0.86309,179.943,10595.6,4.95314e-05,-0.862897,-0.701841,0.174925,0.00025158,0.19624,0.00971535,-0.00643602,38.1398,0.000814764,1.69962,0.00717765,38.1443,-180.057,1.00816,0.0143881,0.0,0.408016,0.099,0,11.0,-0.257089,0,0,1779.95,-3.30369,0,0,0,0,0,0,0,0,0,0,0,1256.09,-0.0966621,0,0,0,0,0,0,0,0,0,3.34218e-09,0.377646,5960.03,-581.899,0,-3.38645e-10,0,-2.24413e-08,54.0,-0.0339963,54.0,0,1.4425,0.0196316,0.0,4855.42,-7.1756,0,0.0,0,0.0,55.0576,1.46957e-14,55.0576,0,0.0,999.0,4.0,0.0,5.321781338621409
285.207,1.58439,0.00862533,4481.14,7.67737,0.000375173,-0.860001,179.943,10624.2,-9.77725e-05,-0.859809,0.905528,0.178189,0.000375173,1.20363,0.00803857,-0.00639224,38.2428,0.000886373,1.5845,0.00858858,38.2473,-180.057,1.5131,0.015368,0.0,0.404725,0.126,0,11.0,-0.257089,0,0,1779.95,-3.30369,0,0,0,0,0,0,0,0,0,0,0,1256.09,-0.0966621,0,0,0,0,0,0,0,0,0,3.58152e-09,0.377646,5960.24,-582.053,0,-4.48296e-10,0,-2.24471e-08,54.0,-0.0340004,54.0,0,1.4425,0.0364472,0.0,4855.69,-7.1756,0,0.0,0,0.0,55.0604,1.0444e-14,55.0604,0,0.0,999.0,4.0,0.0,5.13181346863886
285.225,1.56156,0.00176115,4480.95,7.67755,0.000551794,-0.856759,179.944,10653.5,-0.000142649,-0.856568,0.691543,0.181008,0.000551794,0.213182,0.0129645,-0.00634807,38.3481,0.00109097,1.56148,0.00171657,38.3526,-180.056,-0.964999,0.0172844,0.0,0.408016,0.198,6,11.0,-0.257089,0,0,1779.95,-3.30369,0,0,0,0,0,0,0,0,0,0,0,1256.09,-0.0966621,0,0,0,0,0,0,0,0,0,3.91731e-09,0.377646,5960.47,-582.213,0,-4.06215e-10,0,-2.24532e-08,54.0,-0.034,54.0,0,1.4425,0.0413464,0.0,4855.97,-7.1756,0,0.0,0,0.0,55.0628,8.05318e-15,55.0628,0,0.0,999.0,4.0,0.0,4.941848075618883
285.244,1.50866,0.0130465,4480.75,7.67774,0.000873798,-0.853417,179.944,10683.3,-1.42734e-05,-0.853228,1.44979,0.181335,0.000873798,0.546835,0.0212323,-0.00630179,38.4555,0.00147873,1.50863,0.0129883,38.4599,-180.056,0.309334,0.0234266,0.0,0.401434,0.279,6,11.0,-0.257089,0,0,1779.95,-3.30369,0,0,0,0,0,0,0,0,0,0,0,1256.09,-0.0966621,0,0,0,0,0,0,0,0,0,4.32618e-09,0.377646,5960.7,-582.379,0,-2.49154e-10,0,-2.24595e-08,54.0,-0.0339962,54.0,0,1.4425,0.0372153,0.0,4856.27,-7.1756,0,0.0,0,0.0,55.0651,7.07243e-15,55.0651,0,0.0,999.0,4.0,0.0,4.74188751739219
285.275,1.5746,0.0163119,4480.41,7.67805,0.00183801,-0.847701,179.945,10733.8,-0.000156595,-0.847514,0.117153,0.180936,0.00183801,0.459217,0.0374404,-0.00622704,38.6373,0.00249152,1.57465,0.0162101,38.6417,-180.055,0.534879,0.039072,0.0,0.404725,0.45,6,11.0,-0.257089,0,0,1779.95,-3.30369,0,0,0,0,0,0,0,0,0,0,0,1256.09,-0.0966621,0,0,0,0,0,0,0,0,0,4.73505e-09,0.377646,5960.93,-582.546,0,-9.20935e-11,0,-2.24657e-08,54.0,-0.0339925,54.0,0,1.4425,0.0330842,0.0,4856.56,-7.1756,0,0.0,0,0.0,55.0673,6.09169e-15,55.0673,0,0.0,999.0,4.0,0.0,4.40196253987907
285.309,1.59474,0.0247717,4480.05,7.67836,0.00347975,-0.841601,179.947,10787.8,-0.000150828,-0.841416,-0.494055,0.176685,0.00347975,-0.465515,0.0550805,-0.00615056,38.8319,0.00406083,1.59484,0.0246045,38.8363,-180.053,0.25823,0.0649309,0.0,0.404725,0.684,6,11.0,-0.257089,0,0,1779.95,-3.30369,0,0,0,0,0,0,0,0,0,0,0,1256.09,-0.0966621,0,0,0,0,0,0,0,0,0,4.50932e-09,0.377646,5961.16,-582.705,0,2.00512e-10,0,-2.24718e-08,54.0,-0.0339899,54.0,0,1.4425,0.0307857,0.0,4856.84,-7.1756,0,0.0,0,0.0,55.0691,3.66733e-15,55.0691,0,0.0,999.0,4.0,0.0,4.042055339749983
285.327,1.67861,0.0277483,4479.85,7.67852,0.00454294,-0.838466,179.948,10816.3,-0.000154166,-0.838282,-1.8773,0.171642,0.00454294,0.409138,0.062217,-0.00611046,38.9345,0.00485528,1.67879,0.0275389,38.9388,-180.052,0.907071,0.0785272,0.0,0.404725,0.783,6,11.0,-0.257089,0,0,1779.95,-3.30369,0,0,0,0,0,0,0,0,0,0,0,1256.09,-0.0966621,0,0,0,0,0,0,0,0,0,4.24275e-09,0.377646,5961.38,-582.864,0,5.01839e-10,0,-2.24778e-08,54.0,-0.0339875,54.0,0,1.4425,0.0286051,0.0,4857.11,-7.1756,0,0.0,0,0.0,55.0709,1.15007e-15,55.0709,0,0.0,999.0,4.0,0.0,3.842114125114282
285.346,1.62792,0.0230597,4479.65,7.67867,0.00574663,-0.835319,179.95,10845.5,-0.000200405,-0.835137,-1.03918,0.168633,0.00574663,-0.473593,0.0651029,-0.00607232,39.0394,0.0056298,1.62814,0.0228252,39.0437,-180.05,-0.596885,0.0925506,0.0,0.404725,0.855,0,11.0,-0.257089,0,0,1779.95,-3.30369,0,0,0,0,0,0,0,0,0,0,0,1256.09,-0.0966621,0,0,0,0,0,0,0,0,0,3.96976e-09,0.377646,5961.6,-583.023,0,6.4146e-10,0,-2.24838e-08,54.0,-0.0339858,54.0,0,1.4425,0.0267602,0.0,4857.39,-7.1756,0,0.0,0,0.0,55.0726,-4.97762e-16,55.0726,0,0.0,999.0,4.0,0.0,3.6421791181787375
285.377,1.55285,0.0305071,4479.31,7.67891,0.00776479,-0.830169,179.953,10894.9,-0.000176279,-0.829989,-0.304858,0.157394,0.00776479,-0.152484,0.0608129,-0.00600644,39.2175,0.00676252,1.55295,0.0302388,39.2217,-180.047,0.543779,0.115431,0.0,0.398143,0.927,0,11.0,-0.257089,0,0,1779.95,-3.30369,0,0,0,0,0,0,0,0,0,0,0,1256.09,-0.0966621,0,0,0,0,0,0,0,0,0,3.67066e-09,0.377647,5961.82,-583.182,0,1.23235e-10,0,-2.24898e-08,54.0,-0.0339874,54.0,0,1.4425,0.0262809,0.0,4857.67,-7.1756,0,0.0,0,0.0,55.0743,1.39138e-15,55.0743,0,0.0,999.0,4.0,0.0,3.3023072643384572
285.411,1.58774,0.0387528,4478.94,7.67913,0.00971389,-0.825054,179.957,10948.0,-0.000231358,-0.824875,-1.01622,0.143786,0.00971389,0.868611,0.0537817,-0.00593971,39.4086,0.00781847,1.58785,0.038437,39.4128,-180.043,1.93142,0.135912,0.0,0.401434,1.044,6,11.0,-0.257089,0,0,1779.95,-3.30369,0,0,0,0,0,0,0,0,0,0,0,1256.09,-0.0966621,0,0,0,0,0,0,0,0,0,3.37157e-09,0.377647,5962.05,-583.341,0,-3.94989e-10,0,-2.24958e-08,54.0,-0.0339889,54.0,0,1.44251,0.0258017,0.0,4857.95,-7.1756,0,0.0,0,0.0,55.076,3.28053e-15,55.076,0,0.0,999.0,4.0,0.0,2.9324791895080122
285.432,1.56249,0.0376138,4478.72,7.67924,0.0108162,-0.822163,179.96,10979.9,-0.00022849,-0.821985,-0.614583,0.137136,0.0108162,0.627488,0.0540555,-0.00590271,39.5233,0.00850472,1.56261,0.0372768,39.5275,-180.04,0.984848,0.1476,0.0,0.404725,1.134,6,11.0,-0.257089,0,0,1779.95,-3.30369,0,0,0,0,0,0,0,0,0,0,0,1256.09,-0.0966621,0,0,0,0,0,0,0,0,0,3.22537e-09,0.377647,5962.27,-583.5,0,-5.18948e-10,0,-2.25018e-08,54.0,-0.0339899,54.0,0,1.44251,0.0255844,0.0,4858.23,-7.1756,0,0.0,0,0.0,55.0777,7.41156e-15,55.0777,0,0.0,999.0,4.0,0.0,2.712602937696799
285.45,1.58295,0.0366478,4478.52,7.67933,0.0117846,-0.819759,179.963,11007.8,-0.000109216,-0.819582,-1.08848,0.12954,0.0117846,-1.16694,0.0523247,-0.00587076,39.624,0.00916536,1.58303,0.0362802,39.6282,-180.037,-0.815907,0.159427,0.0,0.408016,1.197,0,11.0,-0.257089,0,0,1779.95,-3.30369,0,0,0,0,0,0,0,0,0,0,0,1256.09,-0.0966621,0,0,0,0,0,0,0,0,0,3.25952e-09,0.377646,5962.49,-583.658,0,-1.77834e-10,0,-2.25078e-08,54.0,-0.0339901,54.0,0,1.4425,0.0256761,0.0,4858.51,-7.1756,0,0.0,0,0.0,55.0794,1.41871e-14,55.0794,0,0.0,999.0,4.0,0.0,2.5127338675041013
285.47,1.57393,0.0389676,4478.3,7.67941,0.012789,-0.817254,179.966,11038.9,-0.000159235,-0.817078,-1.00559,0.120359,0.012789,-1.2265,0.0475171,-0.00583611,39.7358,0.00984393,1.57399,0.038576,39.74,-180.034,-0.735167,0.171352,0.0,0.404725,1.242,0,11.0,-0.257089,0,0,1779.95,-3.30369,0,0,0,0,0,0,0,0,0,0,0,1256.09,-0.0966621,0,0,0,0,0,0,0,0,0,3.29367e-09,0.377645,5962.72,-583.817,0,1.6328e-10,0,-2.25138e-08,54.0,-0.0339903,54.0,0,1.4425,0.0257678,0.0,4858.79,-7.1756,0,0.0,0,0.0,55.0811,2.09626e-14,55.0811,0,0.0,999.0,4.0,0.0,2.292903492975831
285.525,1.45187,0.0380581,4477.68,7.67956,0.014933,-0.811231,179.976,11124.8,-0.000144585,-0.811058,0.985269,0.0982363,0.014933,-0.440206,0.0293989,-0.0057485,40.0453,0.0108044,1.45189,0.0376639,40.0494,-180.024,-0.0538975,0.191968,0.0,0.404725,1.233,0,11.0,-0.257089,0,0,1779.95,-3.30369,0,0,0,0,0,0,0,0,0,0,0,1256.09,-0.0966621,0,0,0,0,0,0,0,0,0,3.3184e-09,0.377646,5962.94,-583.975,0,4.95392e-10,0,-2.25197e-08,54.0,-0.0339911,54.0,0,1.4425,0.0259254,0.0,4859.07,-7.1756,0,0.0,0,0.0,55.0828,1.07272e-14,55.0828,0,0.0,999.0,4.0,0.0,1.6736171825124537
285.586,1.57693,0.0363667,4477.01,7.67958,0.0158524,-0.806083,179.988,11218.7,-5.29306e-06,-0.805912,-0.884783,0.0740102,0.0158524,-1.31659,0.00393098,-0.00566733,40.3832,0.0110239,1.57701,0.0359345,40.3873,-180.012,-1.41769,0.197789,0.0,0.404725,1.188,0,11.0,-0.257089,0,0,1779.95,-3.30369,0,0,0,0,0,0,0,0,0,0,0,1256.09,-0.0966621,0,0,0,0,0,0,0,0,0,3.33946e-09,0.377646,5963.16,-584.134,0,8.24003e-10,0,-2.25257e-08,54.0,-0.0339922,54.0,0,1.4425,0.0261086,0.0,4859.35,-7.1756,0,0.0,0,0.0,55.0845,-6.12469e-15,55.0845,0,0.0,999.0,4.0,0.0,1.0053647181000573
285.643,1.54982,0.0394043,4476.36,7.67947,0.0158394,-0.802207,180.0,11307.8,5.4463e-05,-0.802039,-0.4085,0.0610608,0.0158394,-0.866102,-0.000114758,-0.00560518,40.704,0.0109468,1.54985,0.0389849,40.708,-180.0,-0.340436,0.197464,0.0,0.404725,1.17,0,11.0,-0.257089,0,0,1779.95,-3.30369,0,0,0,0,0,0,0,0,0,0,0,1256.09,-0.0966621,0,0,0,0,0,0,0,0,0,3.36053e-09,0.377647,5963.39,-584.292,0,1.15261e-09,0,-2.25317e-08,54.0,-0.0339933,54.0,0,1.4425,0.0262918,0.0,4859.63,-7.1756,0,0.0,0,0.0,55.0862,-2.29766e-14,55.0862,0,0.0,999.0,4.0,0.0,0.363232213466482
