Time,CoG Acceleration/X,CoG Acceleration/Y,CoG position/X,CoG position/Y,CoG position/Roll,CoG position/Pitch,CoG position/Yaw,Horizontal tangential speed,Over-steering criteria2,Pitch %ground,Pitch acceleration,Pitch speed,Roll %ground,Roll acceleration,Roll speed,Slope force,Speed/X,Speed/Y,Tangent Acceleration/X,Tangent Acceleration/Y,Tangential speed,Yaw %ground,Yaw acceleration,Yaw speed,Brake pedal force,Gas pedal,Steering wheel angle,Steering wheel speed,Intersection Id,Lane gap,CoG Acceleration/X.1,CoG Acceleration/Y.1,CoG position/X.1,CoG position/Y.1,Pitch acceleration.1,Pitch speed.1,Roll acceleration.1,Roll speed.1,Speed/X.1,Speed/Y.1,Tangential speed.1,Yaw acceleration.1,Yaw speed.1,CoG Acceleration/X.2,CoG Acceleration/Y.2,CoG position/X.2,CoG position/Y.2,Pitch acceleration.2,Pitch speed.2,Roll acceleration.2,Roll speed.2,Speed/X.2,Speed/Y.2,Tangential speed.2,Yaw acceleration.2,Yaw speed.2,CoG Acceleration/X.3,CoG Acceleration/Y.3,CoG position/X.3,CoG position/Y.3,Pitch acceleration.3,Pitch speed.3,Roll acceleration.3,Roll speed.3,Speed/X.3,Speed/Y.3,Tangential speed.3,Yaw acceleration.3,Yaw speed.3,CoG Acceleration/X.4,CoG Acceleration/Y.4,CoG position/X.4,CoG position/Y.4,Pitch acceleration.4,Pitch speed.4,Roll acceleration.4,Roll speed.4,Speed/X.4,Speed/Y.4,Tangential speed.4,Yaw acceleration.4,Yaw speed.4,ExportChannel/1,ExportChannel/4,ExportChannel/3,distance_to_inter_0,distance_to_inter_1,distance_to_inter_2,distance_to_inter_3
510.293,-0.113598,0.000569439,1361.37,7.68547,-0.000508501,-0.34426,179.792,14840.8,-8.13e-06,-0.344188,0.136952,0.0456325,-0.000508501,-0.131494,0.00875773,-0.00242442,53.4261,0.000249376,-0.113591,0.000569956,53.4271,-180.208,-0.0559706,0.00114877,0.0,0.220426,0.036,0,-1.0,-0.37931,-1.65884,0.0,2385.99,90.7424,0,-2.02e-12,0,0.000119391,52.8012,-4.54e-12,52.8012,0,0.0,-1.40604,0.0,1272.41,65.0799,0,0.0,0,0.0,25.7253,-7.9e-13,25.7253,0,0.0,2.22e-05,0.37765,5766.15,-346.597,0,1.32e-09,0,-1.3e-08,53.9998,-0.0339787,53.9998,0,1.44252,6.98e-10,-0.306433,5820.75,-435.339,0,-5.13e-10,0,-1.56e-08,48.5,0.0275689,48.5,0,-1.30322,999.0,999.0,999.0,3915.2600466615218,3114.639001588351,519.6600806562122,76.80207064644084
510.355,-0.112822,0.00493821,1360.45,7.6888,0.000285624,-0.341553,179.793,14834.3,-4.19e-05,-0.341481,-0.0874682,0.042186,0.000285624,-0.364066,0.0168246,-0.00241507,53.4025,0.000871423,-0.11283,0.00494005,53.4034,-180.207,0.284107,0.0138043,0.0,0.220426,0.144,0,-1.0,-0.383555,-1.64396,0.0,2385.98,90.4839,0,-1.92e-12,0,0.000113341,52.6973,-7.2e-12,52.6973,0,0.0,-1.40117,0.0,1272.41,64.9543,0,0.0,0,0.0,25.6363,-2.52e-13,25.6363,0,0.0,2.2e-05,0.37765,5766.27,-346.839,0,7.18e-10,0,-1.3e-08,53.9998,-0.0339819,53.9998,0,1.44252,3.58e-10,-0.306433,5820.62,-435.143,0,-4.34e-10,0,-1.56e-08,48.5,0.0275709,48.5,0,-1.30322,999.0,999.0,999.0,3916.1800471659676,3115.559001695978,520.5800786722826,75.88206590387489
510.387,-0.0321459,0.00972133,1359.97,7.6905,0.000944314,-0.340141,179.793,14830.6,-6.23e-05,-0.340069,-1.60866,0.0440532,0.000944314,0.728309,0.0245453,-0.00241064,53.3892,0.00129685,-0.0321791,0.00972202,53.3901,-180.207,0.782278,0.023035,0.0,0.220426,0.225,0,-1.0,-0.385744,-1.62911,0.0,2385.98,90.2233,0,-1.82e-12,0,0.000107717,52.5937,-2.7e-12,52.5937,0,0.0,-1.39628,0.0,1272.41,64.828,0,0.0,0,0.0,25.5468,3.11e-12,25.5468,0,0.0,2.18e-05,0.377651,5766.38,-347.082,0,-6.44e-10,0,-1.3e-08,53.9998,-0.0339964,53.9998,0,1.44252,-2.26e-10,-0.306434,5820.48,-434.945,0,-2.47e-09,0,-1.56e-08,48.5,0.0275849,48.5,0,-1.30323,999.0,999.0,999.0,3916.6600474243673,3116.0390017522645,521.0600776688327,75.4020636405265
510.465,0.260825,0.0201688,1358.81,7.69459,0.0041117,-0.343755,179.797,14837.3,-0.00013125,-0.343682,-4.67735,-0.170359,0.0041117,0.177791,0.0503816,-0.00242294,53.4133,0.00263461,0.260812,0.0201557,53.4143,-180.203,-0.101558,0.0604835,0.0,0.220426,0.441,0,-1.0,-0.39106,-1.61426,0.0,2385.98,89.9626,0,-1.73e-12,0,0.000102092,52.49,1.81e-12,52.49,0,0.0,-1.39139,0.0,1272.41,64.7016,0,0.0,0,0.0,25.4573,6.47e-12,25.4573,0,0.0,2.16e-05,0.377651,5766.49,-347.326,0,-2.01e-09,0,-1.31e-08,53.9998,-0.0340108,53.9998,0,1.44252,-8.1e-10,-0.306436,5820.34,-434.747,0,-4.5e-09,0,-1.55e-08,48.5,0.0275989,48.5,0,-1.30324,999.0,999.0,999.0,3917.820048048747,3117.1990018914075,522.2200752841355,74.24205830853626
510.535,0.300534,0.0268016,1357.78,7.69817,0.00866287,-0.366852,179.803,14860.2,-0.000136123,-0.366776,-1.6466,-0.450487,0.00866287,-0.297596,0.0721604,-0.00250913,53.4958,0.00352228,0.300542,0.0267818,53.4968,-180.197,0.444809,0.101109,0.0,0.227008,0.648,6,-1.0,-0.395793,-1.59924,0.0,2385.97,89.6959,0,-1.64e-12,0,9.68e-05,52.3854,-1.11e-12,52.3854,0,0.0,-1.38639,0.0,1272.4,64.5727,0,0.0,0,0.0,25.366,6.63e-12,25.366,0,0.0,2.14e-05,0.377649,5766.61,-347.576,0,-2.9e-09,0,-1.31e-08,53.9998,-0.0340069,53.9998,0,1.44252,-3.93e-10,-0.306435,5820.2,-434.543,0,-4.53e-09,0,-1.55e-08,48.5,0.0275949,48.5,0,-1.30323,999.0,999.0,999.0,3918.850048598289,3118.229002017509,523.2500732296642,73.21205390104079
510.579,0.258098,0.0338527,1357.12,7.70035,0.0118796,-0.38738,179.808,14872.4,-0.000135054,-0.387302,0.715987,-0.465012,0.0118796,-0.0670433,0.0741479,-0.00259436,53.5395,0.00381014,0.258136,0.0338352,53.5407,-180.192,0.261036,0.124206,0.0,0.223717,0.747,0,-1.0,-0.398738,-1.58414,0.0,2385.97,89.4259,0,-1.55e-12,0,9.18e-05,52.2802,-8.25e-12,52.2802,0,0.0,-1.38134,0.0,1272.4,64.4424,0,0.0,0,0.0,25.2737,4.98e-12,25.2737,0,0.0,2.12e-05,0.377647,5766.72,-347.83,0,-3.54e-09,0,-1.31e-08,53.9999,-0.0339925,53.9999,0,1.44251,5.9e-10,-0.306433,5820.06,-434.337,0,-3.41e-09,0,-1.55e-08,48.5,0.0275808,48.5,0,-1.30322,999.0,999.0,999.0,3919.5100489339766,3118.8890020962467,523.9100719900531,72.55205171752547
510.621,0.225098,0.0360536,1356.5,7.70237,0.0150178,-0.405917,179.813,14883.1,-0.000117726,-0.405837,1.9604,-0.413574,0.0150178,-0.405292,0.0733847,-0.00267859,53.5779,0.00402781,0.225133,0.0360376,53.5793,-180.187,-0.00241278,0.145055,0.0,0.223717,0.837,0,-1.0,-0.401515,-1.56903,0.0,2385.97,89.1559,0,-1.47e-12,0,8.67e-05,52.175,-1.54e-11,52.175,0,0.0,-1.37628,0.0,1272.4,64.3121,0,0.0,0,0.0,25.1814,3.33e-12,25.1814,0,0.0,2.1e-05,0.377645,5766.84,-348.084,0,-4.18e-09,0,-1.31e-08,53.9999,-0.0339782,53.9999,0,1.4425,1.57e-09,-0.306431,5819.92,-434.13,0,-2.3e-09,0,-1.55e-08,48.5,0.0275668,48.5,0,-1.30321,999.0,999.0,999.0,3920.1300492459022,3119.50900217053,524.5300708511542,71.9320498406441
510.768,0.268992,0.0546894,1354.31,7.7088,0.0259918,-0.447703,179.84,14919.2,-7.58e-05,-0.447616,1.04234,-0.159722,0.0259918,-0.31192,0.0568801,-0.00288042,53.7075,0.00427948,0.269026,0.0546692,53.7092,-180.16,0.913542,0.209717,0.0,0.223717,1.062,0,-1.0,-0.410795,-1.55563,0.0,2385.96,88.9115,0,-1.4e-12,0,8.27e-05,52.0815,-7.11e-12,52.0815,0,0.0,-1.37173,0.0,1272.4,64.1946,0,0.0,0,0.0,25.0982,-2.85e-13,25.0982,0,0.0,2.08e-05,0.377643,5766.95,-348.315,0,-4.4e-09,0,-1.31e-08,53.9999,-0.0339836,53.9999,0,1.44249,8.36e-10,-0.306431,5819.79,-433.942,0,-2.21e-09,0,-1.55e-08,48.5,0.027572,48.5,0,-1.30322,999.0,999.0,999.0,3922.3200502423106,3121.6990024153256,526.7200672676521,69.74204727307622
510.824,0.235427,0.054364,1353.48,7.71097,0.0288055,-0.454569,179.852,14932.9,-0.000111184,-0.454482,1.17355,-0.0893743,0.0288055,-0.777316,0.0445856,-0.00291257,53.7567,0.00422609,0.235433,0.0543451,53.7584,-180.148,-0.815499,0.222043,0.0,0.227008,1.107,0,-1.0,-0.414118,-1.5423,0.0,2385.96,88.6682,0,-1.33e-12,0,7.87e-05,51.9886,1.87e-12,51.9886,0,0.0,-1.36721,0.0,1272.4,64.0777,0,0.0,0,0.0,25.0154,-3.99e-12,25.0154,0,0.0,2.06e-05,0.377642,5767.05,-348.544,0,-4.6e-09,0,-1.31e-08,53.9999,-0.03399,53.9999,0,1.44249,1.75e-11,-0.306432,5819.66,-433.755,0,-2.16e-09,0,-1.55e-08,48.5,0.0275781,48.5,0,-1.30322,999.0,999.0,999.0,3923.1500505795343,3122.5290025007776,527.5500660713075,68.91204788569927
510.88,0.249665,0.0630711,1352.64,7.71296,0.0309885,-0.45799,179.865,14946.5,-9.83e-05,-0.457902,0.651906,-0.0375941,0.0309885,-0.222337,0.0332945,-0.00292801,53.8055,0.00422525,0.249681,0.0630516,53.8072,-180.135,-0.361794,0.232268,0.0,0.227008,1.134,0,-1.0,-0.417286,-1.52897,0.0,2385.96,88.4249,0,-1.27e-12,0,7.48e-05,51.8957,1.09e-11,51.8957,0,0.0,-1.36268,0.0,1272.4,63.9608,0,0.0,0,0.0,24.9326,-7.7e-12,24.9326,0,0.0,2.04e-05,0.377641,5767.16,-348.774,0,-4.8e-09,0,-1.31e-08,53.9999,-0.0339963,53.9999,0,1.44248,-8.01e-10,-0.306433,5819.53,-433.567,0,-2.12e-09,0,-1.55e-08,48.5,0.0275842,48.5,0,-1.30322,999.0,999.0,999.0,3923.990050888692,3123.369002580361,528.3900649756404,68.07204973586163
510.928,0.24251,0.0590154,1351.92,7.71452,0.0323014,-0.459141,179.876,14958.2,-9.98e-05,-0.459052,0.376319,-0.0117693,0.0323014,-0.823183,0.0241703,-0.00293078,53.8477,0.00418429,0.242491,0.0589943,53.8495,-180.124,-1.03961,0.237733,0.0,0.227008,1.143,0,-1.0,-0.419868,-1.51493,0.0,2385.96,88.1633,0,-1.2e-12,0,7.11e-05,51.7978,2.64e-12,51.7978,0,0.0,-1.35784,0.0,1272.4,63.8357,0,0.0,0,0.0,24.844,-7.62e-12,24.844,0,0.0,2.03e-05,0.37764,5767.27,-349.022,0,-3.49e-09,0,-1.31e-08,53.9999,-0.0339956,53.9999,0,1.44248,-4.68e-10,-0.306432,5819.39,-433.365,0,-7.2e-10,0,-1.55e-08,48.5,0.0275836,48.5,0,-1.30322,999.0,999.0,999.0,3924.710051130859,3124.089002643553,529.110064116938,67.35205221959028
510.984,0.27215,0.0634919,1351.08,7.71616,0.0332783,-0.45927,179.89,14971.9,2.99e-05,-0.459182,-0.181385,0.00356382,0.0332783,-0.38902,0.0108628,-0.00292841,53.897,0.00411448,0.272152,0.0634703,53.8987,-180.11,0.311499,0.241688,0.0,0.230299,1.143,0,-1.0,-0.422715,-1.50088,0.0,2385.95,87.9016,0,-1.14e-12,0,6.74e-05,51.6999,-5.69e-12,51.6999,0,0.0,-1.35299,0.0,1272.4,63.7105,0,0.0,0,0.0,24.7553,-7.52e-12,24.7553,0,0.0,2.01e-05,0.377639,5767.39,-349.271,0,-2.16e-09,0,-1.31e-08,53.9999,-0.0339949,53.9999,0,1.44248,-1.27e-10,-0.306432,5819.25,-433.162,0,6.85e-10,0,-1.55e-08,48.5,0.0275829,48.5,0,-1.30322,999.0,999.0,999.0,3925.55005138493,3124.9290027107218,529.9500632117574,66.51205624565816
511.058,0.217406,0.0627942,1349.98,7.71802,0.0337293,-0.458701,179.908,14990.3,-4.37e-05,-0.458613,0.230784,0.00893462,0.0337293,-0.119067,0.00461398,-0.00292356,53.9633,0.00409555,0.21734,0.062772,53.9651,-180.092,-0.534555,0.243278,0.0,0.227008,1.143,0,-1.0,-0.426191,-1.48699,0.0,2385.95,87.6415,0,-1.08e-12,0,6.38e-05,51.6031,-1.04e-11,51.6031,0,0.0,-1.34817,0.0,1272.4,63.5863,0,0.0,0,0.0,24.6673,-7.21e-12,24.6673,0,0.0,1.99e-05,0.377638,5767.51,-349.517,0,-9e-10,0,-1.32e-08,53.9999,-0.033992,53.9999,0,1.44248,1.41e-10,-0.306433,5819.11,-432.96,0,1.42e-09,0,-1.55e-08,48.5,0.0275811,48.5,0,-1.30322,999.0,999.0,999.0,3926.650051671842,3126.029002787767,531.0500621774942,65.4120633758056
511.13,0.241155,0.0635497,1348.9,7.7195,0.0339141,-0.45791,179.925,15007.9,-5.03e-05,-0.457822,-0.24455,0.0124543,0.0339141,-0.0618657,0.00231302,-0.00291869,54.0268,0.00406808,0.241087,0.0635256,54.0286,-180.075,0.0663263,0.244461,0.0,0.227008,1.143,0,-1.0,-0.429247,-1.47356,0.0,2385.95,87.3864,0,-1.03e-12,0,6.07e-05,51.5096,-4.16e-12,51.5096,0,0.0,-1.34347,0.0,1272.4,63.4649,0,0.0,0,0.0,24.5813,-6.28e-12,24.5813,0,0.0,1.97e-05,0.37764,5767.62,-349.761,0,2e-10,0,-1.32e-08,53.9999,-0.0339827,53.9999,0,1.44248,1.89e-10,-0.306434,5818.98,-432.762,0,1.48e-10,0,-1.55e-08,48.5,0.0275762,48.5,0,-1.30323,999.0,999.0,999.0,3927.730051897947,3127.109002849637,532.130061338626,64.33207266402985
511.192,0.229719,0.0622415,1347.97,7.72052,0.0340006,-0.457233,179.941,15023.1,-6.07e-05,-0.457145,0.0358041,0.0100716,0.0340006,-0.00927041,9.72e-05,-0.0029144,54.0815,0.0040368,0.229682,0.0622207,54.0832,-180.059,-0.377597,0.244498,0.0,0.230299,1.143,0,-1.0,-0.431618,-1.46013,0.0,2385.94,87.1313,0,-9.74e-13,0,5.75e-05,51.4161,2.04e-12,51.4161,0,0.0,-1.33876,0.0,1272.4,63.3435,0,0.0,0,0.0,24.4953,-5.35e-12,24.4953,0,0.0,1.95e-05,0.377642,5767.73,-350.004,0,1.3e-09,0,-1.32e-08,53.9999,-0.0339734,53.9999,0,1.44249,2.38e-10,-0.306435,5818.84,-432.563,0,-1.12e-09,0,-1.55e-08,48.5,0.0275712,48.5,0,-1.30323,999.0,999.0,999.0,3928.660052051568,3128.0390028924876,533.0600607436936,63.40208242976257
511.256,0.244488,0.0655168,1347.0,7.7213,0.0340222,-0.456774,179.956,15039.1,-8.86e-06,-0.456686,0.00920525,0.00585189,0.0340222,0.433848,-0.000193075,-0.00291215,54.1389,0.00396409,0.244514,0.0654999,54.1406,-180.044,0.577599,0.244821,0.0,0.227008,1.134,0,-1.0,-0.43381,-1.44686,0.0,2385.94,86.8766,0,-9.25e-13,0,5.46e-05,51.3236,5.65e-12,51.3236,0,0.0,-1.33407,0.0,1272.4,63.2225,0,0.0,0,0.0,24.4096,-4.32e-12,24.4096,0,0.0,1.93e-05,0.377644,5767.85,-350.247,0,1.51e-09,0,-1.32e-08,53.9999,-0.0339745,53.9999,0,1.4425,5.81e-11,-0.306435,5818.7,-432.364,0,-1.29e-09,0,-1.55e-08,48.5,0.0275717,48.5,0,-1.30323,999.0,999.0,999.0,3929.6300521657367,3129.0090029252215,534.0300602622384,62.432094623598886
511.326,0.243641,0.0638384,1345.95,7.72187,0.0340938,-0.456423,179.973,15056.4,-1.85e-05,-0.456335,0.0506786,0.00458896,0.0340938,-0.386965,0.00138571,-0.00291069,54.2012,0.00386367,0.243653,0.063821,54.2029,-180.027,-0.963356,0.243901,0.0,0.227008,1.134,0,-1.0,-0.43591,-1.43377,0.0,2385.94,86.6225,0,-8.79e-13,0,5.19e-05,51.2323,6.2e-12,51.2323,0,0.0,-1.32941,0.0,1272.4,63.1021,0,0.0,0,0.0,24.3243,-3.15e-12,24.3243,0,0.0,1.92e-05,0.377645,5767.96,-350.49,0,6.75e-10,0,-1.32e-08,53.9999,-0.0339879,53.9999,0,1.4425,-3.92e-10,-0.306434,5818.57,-432.165,0,-1.5e-10,0,-1.55e-08,48.5,0.0275788,48.5,0,-1.30323,999.0,999.0,999.0,3930.680052244695,3130.0590029489313,535.0800598740312,61.38210991776766
511.37,0.258565,0.0640932,1345.29,7.72206,0.0341293,-0.456291,179.984,15067.4,-1.82e-05,-0.456203,-0.175896,0.00137671,0.0341293,0.324071,0.000750053,-0.00290953,54.2408,0.00376778,0.258562,0.064074,54.2426,-180.016,0.425086,0.243195,0.0,0.230299,1.116,0,-1.0,-0.437069,-1.42068,0.0,2385.93,86.3684,0,-8.33e-13,0,4.92e-05,51.141,6.75e-12,51.141,0,0.0,-1.32476,0.0,1272.4,62.9817,0,0.0,0,0.0,24.2391,-1.99e-12,24.2391,0,0.0,1.9e-05,0.377647,5768.07,-350.733,0,-1.63e-10,0,-1.32e-08,53.9999,-0.0340013,53.9999,0,1.44251,-8.42e-10,-0.306433,5818.43,-431.966,0,9.86e-10,0,-1.54e-08,48.5,0.0275859,48.5,0,-1.30322,999.0,999.0,999.0,3931.3400522669017,3130.719002956561,535.7400597105313,60.72212082695729
511.414,0.243078,0.0644216,1344.62,7.72213,0.0340884,-0.456275,179.995,15078.4,-1.88e-05,-0.456187,0.257028,0.000505402,0.0340884,0.0894263,-0.00250904,-0.00290905,54.2803,0.00362745,0.243112,0.0644069,54.2821,-180.005,-0.128727,0.241036,0.0,0.223717,1.098,-6,-1.0,-0.438107,-1.40764,0.0,2385.93,86.1118,0,-7.9e-13,0,4.67e-05,51.0501,5.87e-12,51.0501,0,0.0,-1.32006,0.0,1272.4,62.8606,0,0.0,0,0.0,24.1533,-2.84e-12,24.1533,0,0.0,1.88e-05,0.377647,5768.19,-350.979,0,-4.14e-10,0,-1.32e-08,53.9999,-0.0340002,53.9999,0,1.44251,-6.28e-10,-0.306433,5818.29,-431.764,0,2.07e-09,0,-1.54e-08,48.5,0.0275841,48.5,0,-1.30322,999.0,999.0,999.0,3932.010052269409,3131.3890029589707,536.4100596029468,60.05213290197853
511.452,0.223846,0.0569588,1344.05,7.7221,0.0339888,-0.456252,-179.996,15087.8,7.86e-07,-0.456164,0.112262,0.000145394,0.0339888,-0.415544,-0.00306316,-0.00290866,54.3145,0.00345714,0.223799,0.0569403,54.3162,-179.996,-0.382697,0.238175,0.0,0.227008,1.08,0,-1.0,-0.438904,-1.39462,0.0,2385.93,85.8541,0,-7.5e-13,0,4.43e-05,50.9595,4.27e-12,50.9595,0,0.0,-1.31535,0.0,1272.39,62.7391,0,0.0,0,0.0,24.0672,-4.71e-12,24.0672,0,0.0,1.86e-05,0.377646,5768.3,-351.227,0,-3.66e-10,0,-1.32e-08,53.9999,-0.0339918,53.9999,0,1.4425,-7.81e-11,-0.306434,5818.16,-431.561,0,3.13e-09,0,-1.54e-08,48.5,0.0275778,48.5,0,-1.30323,999.0,999.0,999.0,3932.5800522569416,3131.959002957128,536.9800595538069,59.48214394429642
511.496,0.227439,0.0614284,1343.39,7.72195,0.0336735,-0.456236,-179.986,15098.8,2.21e-06,-0.456149,0.211849,-0.000624754,0.0336735,-0.21592,-0.0115451,-0.0029073,54.3538,0.00321475,0.227398,0.0614111,54.3555,-179.986,0.300527,0.233354,0.0,0.230299,1.044,0,-1.0,-0.439714,-1.38161,0.0,2385.92,85.5963,0,-7.09e-13,0,4.19e-05,50.8688,2.67e-12,50.8688,0,0.0,-1.31064,0.0,1272.39,62.6176,0,0.0,0,0.0,23.9811,-6.59e-12,23.9811,0,0.0,1.85e-05,0.377644,5768.42,-351.475,0,-3.18e-10,0,-1.32e-08,53.9999,-0.0339834,53.9999,0,1.4425,4.72e-10,-0.306435,5818.02,-431.358,0,4.2e-09,0,-1.54e-08,48.5,0.0275715,48.5,0,-1.30323,999.0,999.0,999.0,3933.2400522237263,3132.6190029499917,537.6400595512786,58.82215772056068
511.598,0.259254,0.05453,1341.85,7.72116,0.0319742,-0.456229,-179.963,15124.1,7.91e-05,-0.456142,-0.0606842,0.000441225,0.0319742,-0.167129,-0.0136302,-0.00290613,54.445,0.00283261,0.259301,0.054519,54.4468,-179.963,-0.0193845,0.217625,0.0,0.230299,0.972,0,-1.0,-0.44113,-1.36889,0.0,2385.92,85.3394,0,-6.74e-13,0,3.98e-05,50.7801,-3.06e-12,50.7801,0,0.0,-1.30598,0.0,1272.39,62.497,0,0.0,0,0.0,23.8957,-6.73e-12,23.8957,0,0.0,1.83e-05,0.377644,5768.54,-351.723,0,-9.2e-10,0,-1.32e-08,53.9999,-0.0339992,53.9999,0,1.4425,1.51e-10,-0.306436,5817.88,-431.154,0,3.69e-09,0,-1.54e-08,48.5,0.0275851,48.5,0,-1.30324,999.0,999.0,999.0,3934.7800520746805,3134.1590029143745,539.1800597525336,57.282193940399964
511.743,0.256615,0.0537735,1339.64,7.71904,0.0293586,-0.456349,-179.933,15160.4,3.2e-05,-0.456261,-0.178194,-0.00192567,0.0293586,-0.4064,-0.0143585,-0.00290354,54.5757,0.00261241,0.256619,0.0537608,54.5774,-179.933,-0.189811,0.197825,0.0,0.230299,0.9,0,-1.0,-0.442076,-1.3562,0.0,2385.92,85.0825,0,-6.39e-13,0,3.77e-05,50.6916,-9.13e-12,50.6916,0,0.0,-1.30132,0.0,1272.39,62.3765,0,0.0,0,0.0,23.8104,-6.72e-12,23.8104,0,0.0,1.81e-05,0.377644,5768.65,-351.971,0,-1.57e-09,0,-1.33e-08,53.9999,-0.034017,53.9999,0,1.4425,-2.42e-10,-0.306438,5817.74,-430.951,0,3.05e-09,0,-1.54e-08,48.5,0.0276004,48.5,0,-1.30324,999.0,999.0,999.0,3936.9900517013043,3136.369002821677,541.3900605067676,55.072256129939106
511.825,0.269773,0.0530283,1338.4,7.71734,0.0284989,-0.456325,-179.917,15180.5,-2.85e-05,-0.456238,-0.495332,0.00290929,0.0284989,0.705849,-0.00804412,-0.00290265,54.648,0.00277362,0.269773,0.0530139,54.6497,-179.917,0.754344,0.195431,0.0,0.227008,0.9,6,-1.0,-0.442087,-1.3437,0.0,2385.92,84.8286,0,-6.05e-13,0,3.57e-05,50.6044,-1.4e-11,50.6044,0,0.0,-1.29671,0.0,1272.39,62.2576,0,0.0,0,0.0,23.7261,-6.05e-12,23.7261,0,0.0,1.8e-05,0.377644,5768.77,-352.216,0,-1.85e-09,0,-1.33e-08,53.9999,-0.0340254,53.9999,0,1.4425,-3.65e-10,-0.306438,5817.6,-430.749,0,2.38e-09,0,-1.54e-08,48.5,0.0276083,48.5,0,-1.30325,999.0,999.0,999.0,3938.2300514099725,3137.6090027489395,542.6300611730569,53.832296837452645
511.959,0.24496,0.0540884,1336.36,7.71382,0.0276528,-0.456763,-179.891,15214.5,-6.63e-05,-0.456675,0.118629,-0.00537645,0.0276528,0.578677,-0.00335226,-0.00290341,54.7706,0.00279118,0.24497,0.0540759,54.7723,-179.891,0.351049,0.193396,0.0,0.230299,0.891,0,-1.0,-0.441338,-1.33204,0.0,2385.91,84.5883,0,-5.77e-13,0,3.4e-05,50.5233,-1.33e-11,50.5233,0,0.0,-1.29236,0.0,1272.39,62.1454,0,0.0,0,0.0,23.6467,-2.43e-12,23.6467,0,0.0,1.78e-05,0.377643,5768.88,-352.449,0,-4.43e-10,0,-1.33e-08,53.9999,-0.0339915,53.9999,0,1.44249,7.13e-10,-0.306438,5817.47,-430.558,0,1.53e-09,0,-1.54e-08,48.5,0.0275829,48.5,0,-1.30325,999.0,999.0,999.0,3940.270050816461,3139.649002601876,544.6700626204753,51.792373432315244
512.009,0.250066,0.0496417,1335.6,7.71226,0.0274871,-0.456998,-179.881,15227.2,-2.09e-05,-0.45691,0.142986,-0.00408844,0.0274871,-0.221765,-0.002738,-0.00290441,54.8161,0.00278003,0.250102,0.0496305,54.8178,-179.881,-0.145831,0.193404,0.0,0.230299,0.891,0,-1.0,-0.440819,-1.32038,0.0,2385.91,84.348,0,-5.48e-13,0,3.24e-05,50.4422,-1.27e-11,50.4422,0,0.0,-1.288,0.0,1272.39,62.0333,0,0.0,0,0.0,23.5673,1.19e-12,23.5673,0,0.0,1.77e-05,0.377642,5768.99,-352.682,0,9.64e-10,0,-1.33e-08,53.9999,-0.0339577,53.9999,0,1.44249,1.79e-09,-0.306438,5817.34,-430.366,0,6.75e-10,0,-1.54e-08,48.5,0.0275576,48.5,0,-1.30324,999.0,999.0,999.0,3941.0300505564774,3140.4090025381392,545.4300632824594,51.03240543995154
512.061,0.251468,0.0491354,1334.81,7.71051,0.0274393,-0.457267,-179.871,15240.5,-2.44e-06,-0.45718,0.0753939,-0.00571602,0.0274393,0.175456,0.000710337,-0.00290518,54.8641,0.00273332,0.251467,0.0491222,54.8658,-179.871,0.271048,0.193288,0.0,0.230299,0.891,0,-1.0,-0.440142,-1.30868,0.0,2385.91,84.1051,0,-5.2e-13,0,3.07e-05,50.3607,-1.17e-11,50.3607,0,0.0,-1.28361,0.0,1272.39,61.9201,0,0.0,0,0.0,23.4871,3.47e-12,23.4871,0,0.0,1.75e-05,0.377642,5769.1,-352.917,0,2.02e-09,0,-1.33e-08,53.9999,-0.0339402,53.9999,0,1.44249,2.03e-09,-0.306437,5817.21,-430.173,0,-5.13e-10,0,-1.54e-08,48.5,0.0275451,48.5,0,-1.30324,999.0,999.0,999.0,3941.820050266481,3141.199002467647,546.2200640355131,50.2424407611742
512.111,0.277256,0.0531756,1334.05,7.70869,0.0274608,-0.457588,-179.862,15253.4,-2.38e-05,-0.457501,-0.311948,-0.00713118,0.0274608,0.0775056,0.000194954,-0.00290628,54.9104,0.00269988,0.277285,0.0531631,54.9122,-179.862,0.415306,0.193832,0.0,0.230299,0.891,0,-1.0,-0.439358,-1.29686,0.0,2385.9,83.8558,0,-4.95e-13,0,2.92e-05,50.2783,-9.75e-12,50.2783,0,0.0,-1.27914,0.0,1272.39,61.8044,0,0.0,0,0.0,23.4051,2.26e-12,23.4051,0,0.0,1.73e-05,0.377644,5769.22,-353.16,0,2.15e-09,0,-1.33e-08,53.9999,-0.0339655,53.9999,0,1.4425,9.25e-11,-0.306437,5817.08,-429.973,0,-2.58e-09,0,-1.54e-08,48.5,0.0275661,48.5,0,-1.30324,999.0,999.0,999.0,3942.580049966612,3141.959002395454,546.9800648296208,49.48247691795652
512.205,0.229906,0.0490765,1332.61,7.70492,0.0273399,-0.458475,-179.843,15277.9,-2.2e-05,-0.458387,0.468075,-0.00998595,0.0273399,0.0185714,-0.000382843,-0.00290919,54.9988,0.00259127,0.229903,0.0490649,55.0005,-179.843,0.0676464,0.192441,0.0,0.230299,0.882,0,-1.0,-0.437537,-1.28505,0.0,2385.9,83.6064,0,-4.69e-13,0,2.77e-05,50.1959,-7.81e-12,50.1959,0,0.0,-1.27467,0.0,1272.39,61.6886,0,0.0,0,0.0,23.3231,1.05e-12,23.3231,0,0.0,1.72e-05,0.377646,5769.33,-353.403,0,2.28e-09,0,-1.33e-08,53.9999,-0.0339909,53.9999,0,1.4425,-1.85e-09,-0.306436,5816.94,-429.773,0,-4.65e-09,0,-1.54e-08,48.5,0.0275872,48.5,0,-1.30323,999.0,999.0,999.0,3944.0200493501766,3143.3990022494704,548.420066503047,48.04255133489888
512.255,0.242144,0.0487828,1331.85,7.70273,0.0272924,-0.458947,-179.834,15291.0,-3.02e-05,-0.45886,0.375873,-0.00819635,0.0272924,-0.62483,-0.000744782,-0.00291194,55.0458,0.00249848,0.242139,0.0487709,55.0476,-179.834,-0.738398,0.191213,0.0,0.227008,0.873,0,-1.0,-0.436381,-1.27327,0.0,2385.9,83.3553,0,-4.45e-13,0,2.63e-05,50.1137,-7.8e-12,50.1137,0,0.0,-1.27017,0.0,1272.39,61.5723,0,0.0,0,0.0,23.2408,1.93e-13,23.2408,0,0.0,1.7e-05,0.377647,5769.45,-353.648,0,2.23e-09,0,-1.33e-08,53.9999,-0.0339997,53.9999,0,1.44251,-2.22e-09,-0.306434,5816.81,-429.571,0,-5.99e-09,0,-1.54e-08,48.5,0.0275939,48.5,0,-1.30323,999.0,999.0,999.0,3944.7800489948986,3144.1590021668585,549.1800674923963,47.282594203288966
512.343,0.269583,0.049617,1330.5,7.69856,0.0270872,-0.459429,-179.817,15313.6,1.14e-05,-0.459342,-0.185275,-0.00285782,0.0270872,-0.309823,-0.00496624,-0.0029133,55.1274,0.00236978,0.269596,0.0496055,55.1291,-179.817,-0.588067,0.188693,0.0,0.227008,0.855,0,-1.0,-0.434035,-1.26151,0.0,2385.89,83.1022,0,-4.22e-13,0,2.49e-05,50.0318,-9.89e-12,50.0318,0,0.0,-1.26564,0.0,1272.39,61.4555,0,0.0,0,0.0,23.158,-2.81e-13,23.158,0,0.0,1.69e-05,0.377648,5769.57,-353.895,0,2.01e-09,0,-1.33e-08,53.9999,-0.0339907,53.9999,0,1.44251,-9.02e-10,-0.306432,5816.67,-429.368,0,-6.54e-09,0,-1.54e-08,48.5,0.0275853,48.5,0,-1.30322,999.0,999.0,999.0,3946.1300483233385,3145.5090020139432,550.5300694049995,45.93267649673382
512.405,0.23206,0.0486583,1329.55,7.69539,0.0267489,-0.459537,-179.806,15329.7,-2.6e-05,-0.459449,0.451754,-0.00160571,0.0267489,0.154912,-0.00456416,-0.00291349,55.185,0.00228933,0.232054,0.0486478,55.1868,-179.806,-0.0619844,0.186232,0.0,0.230299,0.837,0,-1.0,-0.432143,-1.24976,0.0,2385.89,82.8492,0,-4e-13,0,2.36e-05,49.9499,-1.2e-11,49.9499,0,0.0,-1.26111,0.0,1272.39,61.3386,0,0.0,0,0.0,23.0752,-7.55e-13,23.0752,0,0.0,1.67e-05,0.377649,5769.68,-354.142,0,1.78e-09,0,-1.33e-08,53.9999,-0.0339817,53.9999,0,1.44251,4.17e-10,-0.30643,5816.53,-429.164,0,-7.09e-09,0,-1.53e-08,48.5,0.0275766,48.5,0,-1.30321,999.0,999.0,999.0,3947.0800478170027,3146.45900190153,551.4800708835743,44.98273967059031
512.477,0.268221,0.0492521,1328.45,7.69146,0.0264504,-0.459527,-179.792,15348.1,-2.77e-05,-0.459439,-0.194211,0.00135207,0.0264504,-0.152703,-0.000404801,-0.00291373,55.2515,0.00216412,0.268238,0.049242,55.2532,-179.792,-0.471456,0.182873,0.0,0.230299,0.828,0,-1.0,-0.429698,-1.23823,0.0,2385.89,82.5969,0,-3.8e-13,0,2.24e-05,49.8695,-1.17e-11,49.8695,0,0.0,-1.25662,0.0,1272.39,61.2226,0,0.0,0,0.0,22.9931,-2.72e-13,22.9931,0,0.0,1.66e-05,0.377649,5769.8,-354.389,0,7.63e-10,0,-1.34e-08,53.9999,-0.0339876,53.9999,0,1.44251,4.34e-10,-0.306428,5816.39,-428.96,0,-8.12e-09,0,-1.53e-08,48.5,0.0275809,48.5,0,-1.3032,999.0,999.0,999.0,3948.1800471940755,3147.5590017667364,552.5800727450561,43.8828188840645
512.531,0.248541,0.0512848,1327.62,7.68835,0.0262688,-0.459917,-179.782,15363.0,-3.47e-05,-0.459829,0.235985,-0.0115176,0.0262688,0.475686,-0.00405315,-0.0029138,55.3049,0.0021184,0.24856,0.0512758,55.3067,-179.782,0.231739,0.180962,0.0,0.230299,0.819,0,-1.0,-0.427693,-1.22677,0.0,2385.88,82.3449,0,-3.6e-13,0,2.13e-05,49.7897,-1.06e-11,49.7897,0,0.0,-1.25214,0.0,1272.39,61.1069,0,0.0,0,0.0,22.9111,5.45e-13,22.9111,0,0.0,1.64e-05,0.377649,5769.92,-354.636,0,-5.3e-10,0,-1.34e-08,53.9999,-0.0339987,53.9999,0,1.44251,-3.73e-13,-0.306427,5816.26,-428.756,0,-9.33e-09,0,-1.53e-08,48.5,0.0275896,48.5,0,-1.3032,999.0,999.0,999.0,3949.01004670462,3148.3890016636324,553.410074238103,43.052882923475565
512.565,0.251398,0.0477913,1327.09,7.68631,0.0261145,-0.460276,-179.776,15371.8,-7.52e-06,-0.460188,0.36219,-0.00859755,0.0261145,-0.0847952,-0.00580811,-0.00291527,55.3368,0.00208017,0.251445,0.047784,55.3385,-179.776,-0.349611,0.179718,0.0,0.230299,0.801,-6,-1.0,-0.426355,-1.21532,0.0,2385.88,82.0929,0,-3.4e-13,0,2.01e-05,49.7098,-9.51e-12,49.7098,0,0.0,-1.24766,0.0,1272.39,60.9911,0,0.0,0,0.0,22.8291,1.36e-12,22.8291,0,0.0,1.63e-05,0.377648,5770.04,-354.883,0,-1.82e-09,0,-1.34e-08,53.9999,-0.0340097,53.9999,0,1.44251,-4.33e-10,-0.306426,5816.12,-428.552,0,-1.05e-08,0,-1.53e-08,48.5,0.0275984,48.5,0,-1.30319,999.0,999.0,999.0,3949.540046385173,3148.9190015977065,553.940075226478,42.52292575771447
512.625,0.242723,0.0456138,1326.17,7.68258,0.0257336,-0.460597,-179.766,15387.5,-1.03e-05,-0.460509,0.330517,-0.00273458,0.0257336,-0.36268,-0.00509808,-0.00291725,55.3931,0.00196474,0.242733,0.0456052,55.3949,-179.766,-0.638881,0.176151,0.0,0.227008,0.783,0,-1.0,-0.423856,-1.2048,0.0,2385.88,81.8565,0,-3.25e-13,0,1.92e-05,49.6365,-4.25e-12,49.6365,0,0.0,-1.24348,0.0,1272.38,60.8832,0,0.0,0,0.0,22.7526,1.74e-12,22.7526,0,0.0,1.61e-05,0.377646,5770.15,-355.116,0,-8.85e-10,0,-1.34e-08,53.9999,-0.0339978,53.9999,0,1.44251,1.22e-10,-0.306425,5815.99,-428.36,0,-7.87e-09,0,-1.53e-08,48.5,0.0275869,48.5,0,-1.30319,999.0,999.0,999.0,3950.460045804602,3149.8390014806623,554.8600770549781,41.603004794082
512.645,0.293122,0.0481988,1325.86,7.6813,0.0256131,-0.460653,-179.762,15392.8,-3.55e-06,-0.460565,-0.393512,-0.00310682,0.0256131,0.0604452,-0.00718899,-0.00291712,55.4122,0.00193919,0.293146,0.0481892,55.414,-179.762,-0.11756,0.175035,0.0,0.230299,0.774,0,-1.0,-0.422983,-1.19427,0.0,2385.88,81.6201,0,-3.09e-13,0,1.82e-05,49.5632,1.01e-12,49.5632,0,0.0,-1.23929,0.0,1272.38,60.7752,0,0.0,0,0.0,22.6762,2.13e-12,22.6762,0,0.0,1.6e-05,0.377645,5770.26,-355.348,0,5.03e-11,0,-1.34e-08,53.9999,-0.0339859,53.9999,0,1.4425,6.78e-10,-0.306423,5815.86,-428.168,0,-5.2e-09,0,-1.53e-08,48.5,0.0275753,48.5,0,-1.30318,999.0,999.0,999.0,3950.770045606311,3150.149001441534,555.1700776876309,41.2930325247492
512.683,0.215587,0.045306,1325.28,7.67882,0.0253663,-0.460757,-179.756,15402.7,2.27e-05,-0.460669,0.669342,-0.00210027,0.0253663,-0.0511948,-0.00601288,-0.00291706,55.4479,0.00184873,0.215543,0.0452959,55.4497,-179.756,-0.15718,0.172635,0.0,0.230299,0.765,0,-1.0,-0.421271,-1.18372,0.0,2385.87,81.3829,0,-2.93e-13,0,1.73e-05,49.4897,5.19e-12,49.4897,0,0.0,-1.23494,0.0,1272.38,60.6669,0,0.0,0,0.0,22.5995,2.25e-12,22.5995,0,0.0,1.58e-05,0.377643,5770.37,-355.582,0,8.05e-10,0,-1.34e-08,53.9999,-0.0339757,53.9999,0,1.44249,1.11e-09,-0.306421,5815.73,-427.975,0,-2.79e-09,0,-1.53e-08,48.5,0.0275653,48.5,0,-1.30317,999.0,999.0,999.0,3951.3500452236267,3150.729001367232,555.7500789227046,40.713086512230944
512.737,0.236095,0.0430185,1324.45,7.67517,0.0249978,-0.460816,-179.746,15416.8,-3.41e-05,-0.460728,0.426356,-0.000381079,0.0249978,-0.722819,-0.00818525,-0.00291731,55.4987,0.00169954,0.236078,0.0430099,55.5005,-179.746,-0.936275,0.16819,0.0,0.227008,0.747,0,-1.0,-0.418719,-1.17305,0.0,2385.87,81.138,0,-2.79e-13,0,1.65e-05,49.4154,-9.71e-13,49.4154,0,0.0,-1.22904,0.0,1272.38,60.5557,0,0.0,0,0.0,22.521,-9.26e-14,22.521,0,0.0,1.57e-05,0.377644,5770.49,-355.824,0,-1.7e-10,0,-1.34e-08,53.9999,-0.0339811,53.9999,0,1.4425,3.12e-10,-0.306423,5815.6,-427.774,0,-2.81e-09,0,-1.53e-08,48.5,0.0275704,48.5,0,-1.30318,999.0,999.0,999.0,3952.180044663703,3151.5590012614853,556.5800807592999,39.88316782289124
512.793,0.262994,0.0446404,1323.58,7.67125,0.0244656,-0.460923,-179.737,15431.6,-3.01e-05,-0.460835,0.0695707,-0.00282854,0.0244656,-0.071981,-0.0104368,-0.00291651,55.5521,0.00163391,0.263026,0.0446338,55.5539,-179.737,-0.326434,0.164044,0.0,0.230299,0.729,0,-1.0,-0.415926,-1.16238,0.0,2385.87,80.8931,0,-2.64e-13,0,1.56e-05,49.341,-7.13e-12,49.341,0,0.0,-1.22314,0.0,1272.38,60.4444,0,0.0,0,0.0,22.4425,-2.44e-12,22.4425,0,0.0,1.55e-05,0.377646,5770.6,-356.066,0,-1.14e-09,0,-1.34e-08,53.9999,-0.0339865,53.9999,0,1.4425,-4.83e-10,-0.306425,5815.46,-427.574,0,-2.82e-09,0,-1.53e-08,48.5,0.0275755,48.5,0,-1.30319,999.0,999.0,999.0,3953.0500440666146,3152.4290011526928,557.450082755454,39.013258144667915
512.859,0.233073,0.0411943,1322.56,7.66644,0.0237763,-0.461069,-179.726,15448.9,-1.79e-05,-0.460982,0.456601,-0.00109894,0.0237763,0.0158522,-0.0106826,-0.00291678,55.6143,0.00155347,0.233076,0.0411875,55.6161,-179.726,0.0458988,0.159015,0.0,0.227008,0.702,0,-1.0,-0.412446,-1.15179,0.0,2385.86,80.6486,0,-2.51e-13,0,1.48e-05,49.2672,-1.14e-11,49.2672,0,0.0,-1.21822,0.0,1272.38,60.3335,0,0.0,0,0.0,22.3641,-3.94e-12,22.3641,0,0.0,1.54e-05,0.377646,5770.72,-356.307,0,-1.98e-09,0,-1.34e-08,53.9999,-0.0339889,53.9999,0,1.44251,-9.76e-10,-0.306427,5815.33,-427.374,0,-2.52e-09,0,-1.53e-08,48.5,0.0275777,48.5,0,-1.3032,999.0,999.0,999.0,3954.0700433401526,3153.4490010259547,558.4700852411646,37.993372214027
512.929,0.252408,0.0415509,1321.48,7.66113,0.0230289,-0.461157,-179.715,15467.3,-3.34e-06,-0.46107,0.181516,-0.000571551,0.0230289,0.434282,-0.010161,-0.00291596,55.6804,0.00149258,0.252414,0.0415439,55.6822,-179.715,0.0101341,0.15369,0.0,0.227008,0.684,0,-1.0,-0.408538,-1.1414,0.0,2385.86,80.4049,0,-2.38e-13,0,1.41e-05,49.1947,-1.13e-11,49.1947,0,0.0,-1.21558,0.0,1272.38,60.2235,0,0.0,0,0.0,22.2862,-3.45e-12,22.2862,0,0.0,1.53e-05,0.377645,5770.84,-356.549,0,-2.47e-09,0,-1.35e-08,53.9999,-0.0339843,53.9999,0,1.4425,-7.64e-10,-0.306427,5815.19,-427.174,0,-1.45e-09,0,-1.53e-08,48.5,0.0275731,48.5,0,-1.3032,999.0,999.0,999.0,3955.150042545898,3154.5290008946686,559.5500880299966,36.91350307430743
512.971,0.233432,0.0426357,1320.83,7.65785,0.0227277,-0.461188,-179.709,15478.3,-1.22e-05,-0.4611,0.484813,-0.000770427,0.0227277,0.0144869,-0.00681034,-0.00291609,55.7201,0.001524,0.233439,0.0426292,55.7219,-179.709,-0.163182,0.152344,0.0,0.230299,0.684,0,-1.0,-0.406088,-1.131,0.0,2385.86,80.1612,0,-2.26e-13,0,1.33e-05,49.1223,-1.11e-11,49.1223,0,0.0,-1.21295,0.0,1272.38,60.1134,0,0.0,0,0.0,22.2082,-2.96e-12,22.2082,0,0.0,1.51e-05,0.377643,5770.95,-356.791,0,-2.97e-09,0,-1.35e-08,53.9999,-0.0339797,53.9999,0,1.44249,-5.52e-10,-0.306426,5815.06,-426.974,0,-3.83e-10,0,-1.53e-08,48.5,0.0275685,48.5,0,-1.30319,999.0,999.0,999.0,3955.800042059245,3155.179000818087,560.2000897751825,36.26358696988616
513.021,0.267479,0.0388483,1320.06,7.65384,0.0223429,-0.461226,-179.701,15491.5,-3.11e-05,-0.461139,-0.0754566,-0.00213855,0.0223429,0.292291,-0.00904394,-0.00291549,55.7676,0.00153488,0.26747,0.03884,55.7694,-179.701,0.468591,0.150422,0.0,0.230299,0.675,0,-1.0,-0.403072,-1.12073,0.0,2385.86,79.9178,0,-2.14e-13,0,1.27e-05,49.0507,-8.64e-12,49.0507,0,0.0,-1.20891,0.0,1272.38,60.0038,0,0.0,0,0.0,22.1307,-3.66e-12,22.1307,0,0.0,1.5e-05,0.377642,5771.07,-357.032,0,-2.86e-09,0,-1.35e-08,53.9999,-0.0339864,53.9999,0,1.44249,-6e-10,-0.306426,5814.93,-426.773,0,-4.24e-10,0,-1.53e-08,48.5,0.027575,48.5,0,-1.3032,999.0,999.0,999.0,3956.570041468452,3155.9490007291415,560.9700919333808,35.49369225461897
513.055,0.260877,0.040331,1319.53,7.65106,0.0221214,-0.461303,-179.696,15500.4,-1.42e-05,-0.461215,0.217793,-0.00136921,0.0221214,0.0612577,-0.00387928,-0.00291633,55.7998,0.00155759,0.260924,0.0403255,55.8016,-179.696,-0.0112738,0.149843,0.0,0.227008,0.675,0,-1.0,-0.400959,-1.11059,0.0,2385.85,79.6746,0,-2.04e-13,0,1.2e-05,48.98,-3.83e-12,48.98,0,0.0,-1.20346,0.0,1272.38,59.8945,0,0.0,0,0.0,22.0535,-5.56e-12,22.0535,0,0.0,1.49e-05,0.37764,5771.19,-357.274,0,-2.15e-09,0,-1.35e-08,53.9999,-0.0340041,53.9999,0,1.44248,-9.05e-10,-0.306427,5814.79,-426.572,0,-1.56e-09,0,-1.53e-08,48.5,0.0275924,48.5,0,-1.3032,999.0,999.0,999.0,3957.1000410614342,3156.4790006704948,561.5000934435573,34.96376793487225
513.201,0.275482,0.0397539,1317.26,7.63854,0.0215265,-0.46157,-179.675,15539.0,-5.72e-05,-0.461482,-0.0568541,-0.000916631,0.0215265,0.113674,-0.00414448,-0.00291692,55.9385,0.00156594,0.275518,0.0397474,55.9403,-179.675,0.0216991,0.148098,0.0,0.227008,0.666,0,-1.0,-0.391332,-1.10045,0.0,2385.85,79.4314,0,-1.93e-13,0,1.14e-05,48.9092,9.74e-13,48.9092,0,0.0,-1.19802,0.0,1272.38,59.7853,0,0.0,0,0.0,21.9764,-7.45e-12,21.9764,0,0.0,1.47e-05,0.377639,5771.3,-357.516,0,-1.44e-09,0,-1.35e-08,53.9999,-0.0340217,53.9999,0,1.44248,-1.21e-09,-0.306428,5814.66,-426.372,0,-2.7e-09,0,-1.52e-08,48.5,0.0276098,48.5,0,-1.3032,999.0,999.0,999.0,3959.3700392550895,3158.7490004369533,563.770100400271,32.69413098786389
513.27,0.262022,0.0380946,1316.2,7.63237,0.0213043,-0.461665,-179.664,15557.1,-5e-05,-0.461578,0.053703,-0.00181099,0.0213043,0.229665,0.000148392,-0.00291684,56.0038,0.00153615,0.262046,0.0380881,56.0056,-179.664,0.207793,0.147475,0.0,0.227008,0.666,0,-1.0,-0.386543,-1.09048,0.0,2385.85,79.1889,0,-1.83e-13,0,1.08e-05,48.8397,4.85e-12,48.8397,0,0.0,-1.19347,0.0,1272.38,59.6769,0,0.0,0,0.0,21.8998,-7.84e-12,21.8998,0,0.0,1.46e-05,0.37764,5771.42,-357.758,0,-1.22e-09,0,-1.35e-08,53.9999,-0.0340232,53.9999,0,1.44248,-3.69e-10,-0.306427,5814.53,-426.171,0,-2.01e-09,0,-1.52e-08,48.5,0.0276097,48.5,0,-1.3032,999.0,999.0,999.0,3960.4300383807918,3159.8090003402385,564.8301039209196,31.634324751397894
513.309,0.277855,0.0406553,1315.59,7.62872,0.021284,-0.461681,-179.659,15567.4,-1.43e-05,-0.461593,-0.195657,0.00134544,0.021284,0.496996,0.000159252,-0.00291742,56.0409,0.00151595,0.277859,0.0406475,56.0427,-179.659,0.403397,0.14752,0.0,0.243463,0.666,0,-1.0,-0.3836,-1.08059,0.0,2385.84,78.9468,0,-1.74e-13,0,1.03e-05,48.7708,8.33e-12,48.7708,0,0.0,-1.18929,0.0,1272.38,59.5688,0,0.0,0,0.0,21.8234,-7.62e-12,21.8234,0,0.0,1.45e-05,0.377641,5771.54,-357.999,0,-1.21e-09,0,-1.35e-08,53.9999,-0.0340179,53.9999,0,1.44248,9.45e-10,-0.306426,5814.39,-425.97,0,-5.69e-10,0,-1.52e-08,48.5,0.0276025,48.5,0,-1.30319,999.0,999.0,999.0,3961.040037868489,3160.4190002887276,565.4401060323175,31.024444294755668
513.328,0.256767,0.0368822,1315.3,7.62698,0.0212999,-0.461674,-179.656,15572.4,1.93e-05,-0.461586,0.144154,-0.000389214,0.0212999,-0.294001,0.00136471,-0.00291708,56.0587,0.00149796,0.256782,0.0368756,56.0606,-179.656,0.149542,0.147537,0.0,0.227008,0.666,0,-1.0,-0.382269,-1.07069,0.0,2385.84,78.7046,0,-1.65e-13,0,9.74e-06,48.7018,1.18e-11,48.7018,0,0.0,-1.1851,0.0,1272.38,59.4607,0,0.0,0,0.0,21.7471,-7.39e-12,21.7471,0,0.0,1.43e-05,0.377642,5771.65,-358.241,0,-1.2e-09,0,-1.35e-08,53.9999,-0.0340126,53.9999,0,1.44249,2.26e-09,-0.306425,5814.26,-425.769,0,8.71e-10,0,-1.52e-08,48.5,0.0275954,48.5,0,-1.30319,999.0,999.0,999.0,3961.3300376255147,3160.709000265662,565.7301070456834,30.734503014696685
513.367,0.237398,0.0398034,1314.68,7.62324,0.0213932,-0.461665,-179.65,15582.7,-1.51e-05,-0.461577,0.384508,0.00178875,0.0213932,-0.083859,0.00204524,-0.00291728,56.0958,0.00145503,0.237396,0.0397967,56.0976,-179.65,-0.0526997,0.14744,0.0,0.230299,0.666,0,-1.0,-0.379303,-1.06103,0.0,2385.84,78.4637,0,-1.57e-13,0,9.26e-06,48.6345,1.15e-11,48.6345,0,0.0,-1.18123,0.0,1272.38,59.3536,0,0.0,0,0.0,21.6715,-2.83e-12,21.6715,0,0.0,1.42e-05,0.377641,5771.77,-358.482,0,-3.81e-10,0,-1.35e-08,53.9999,-0.0339959,53.9999,0,1.44249,2.11e-09,-0.306426,5814.13,-425.568,0,4.18e-11,0,-1.52e-08,48.5,0.0275844,48.5,0,-1.30319,999.0,999.0,999.0,3961.9500371059976,3161.3290002193407,566.350109239062,30.114632994901438
513.412,0.243045,0.0376024,1313.99,7.61894,0.0214821,-0.461635,-179.644,15594.4,-1.81e-05,-0.461548,0.387134,0.000249219,0.0214821,-0.142075,0.00284108,-0.00291685,56.1382,0.00142124,0.243057,0.0375963,56.14,-179.644,0.164137,0.147517,0.0,0.230299,0.666,0,-1.0,-0.375923,-1.05139,0.0,2385.83,78.2228,0,-1.49e-13,0,8.79e-06,48.5674,1.08e-11,48.5674,0,0.0,-1.17739,0.0,1272.38,59.2468,0,0.0,0,0.0,21.5959,2.15e-12,21.5959,0,0.0,1.41e-05,0.377641,5771.89,-358.723,0,5.12e-10,0,-1.35e-08,53.9999,-0.0339783,53.9999,0,1.44249,1.83e-09,-0.306427,5813.99,-425.368,0,-1e-09,0,-1.52e-08,48.5,0.0275732,48.5,0,-1.3032,999.0,999.0,999.0,3962.6400365134664,3162.0190001715746,567.0401117899188,29.42478685808281
513.432,0.267937,0.0415717,1313.68,7.61698,0.0215248,-0.461648,-179.641,15599.8,2.5e-05,-0.461561,-0.13901,-0.00141421,0.0215248,-0.449765,0.0020485,-0.00291634,56.1574,0.0013737,0.267926,0.0415641,56.1593,-179.641,-0.38835,0.147307,0.0,0.230299,0.657,0,-1.0,-0.374321,-1.04178,0.0,2385.83,77.9821,0,-1.41e-13,0,8.33e-06,48.5005,9.41e-12,48.5005,0,0.0,-1.17356,0.0,1272.38,59.14,0,0.0,0,0.0,21.5204,6.36e-12,21.5204,0,0.0,1.39e-05,0.377641,5772.01,-358.964,0,1.37e-09,0,-1.36e-08,53.9999,-0.0339645,53.9999,0,1.44249,1.46e-09,-0.306428,5813.86,-425.167,0,-1.9e-09,0,-1.52e-08,48.5,0.0275646,48.5,0,-1.3032,999.0,999.0,999.0,3962.9500362450394,3162.3290001517485,567.3501129622874,29.11485902353652
513.472,0.269814,0.0437391,1313.05,7.61302,0.0214703,-0.461696,-179.635,15610.3,-3.48e-05,-0.461608,-0.159362,-0.000421748,0.0214703,0.679817,-0.00225279,-0.00291628,56.1952,0.00129537,0.269813,0.0437324,56.197,-179.635,0.803549,0.146019,0.0,0.230299,0.648,0,-1.0,-0.371146,-1.03239,0.0,2385.83,77.7419,0,-1.34e-13,0,7.92e-06,48.435,2.45e-12,48.435,0,0.0,-1.16976,0.0,1272.37,59.034,0,0.0,0,0.0,21.4455,4.89e-12,21.4455,0,0.0,1.38e-05,0.377643,5772.12,-359.206,0,1.94e-09,0,-1.36e-08,53.9999,-0.0339804,53.9999,0,1.44249,4.26e-10,-0.306427,5813.73,-424.966,0,-1.71e-09,0,-1.52e-08,48.5,0.0275764,48.5,0,-1.3032,999.0,999.0,999.0,3963.5800357057606,3162.959000115411,567.9801153469375,28.48501054731066
513.518,0.251485,0.034968,1312.33,7.60838,0.0213149,-0.461675,-179.628,15622.4,-1.93e-06,-0.461588,0.0481115,-0.000203364,0.0213149,-0.163696,-0.00453243,-0.00291619,56.2389,0.00118439,0.251458,0.034961,56.2407,-179.628,-0.252845,0.143448,0.0,0.23359,0.63,0,-1.0,-0.367413,-1.023,0.0,2385.83,77.5017,0,-1.27e-13,0,7.51e-06,48.3695,-4.5e-12,48.3695,0,0.0,-1.16596,0.0,1272.37,58.9281,0,0.0,0,0.0,21.3706,3.41e-12,21.3706,0,0.0,1.37e-05,0.377644,5772.24,-359.447,0,2.52e-09,0,-1.36e-08,53.9999,-0.0339963,53.9999,0,1.4425,-6.09e-10,-0.306426,5813.59,-424.765,0,-1.51e-09,0,-1.52e-08,48.5,0.0275881,48.5,0,-1.30319,999.0,999.0,999.0,3964.300035079291,3163.679000079159,568.7001181732113,27.765194814090503
513.576,0.276338,0.0401318,1311.43,7.60241,0.0210625,-0.461709,-179.62,15637.7,1.29e-05,-0.461621,-0.135563,-0.00118227,0.0210625,0.00755521,-0.00761395,-0.00291535,56.2939,0.00107735,0.27637,0.0401275,56.2957,-179.62,0.173398,0.140586,0.0,0.230299,0.612,0,-1.0,-0.362582,-1.01363,0.0,2385.82,77.2605,0,-1.21e-13,0,7.12e-06,48.3042,-9.37e-12,48.3042,0,0.0,-1.16212,0.0,1272.37,58.8218,0,0.0,0,0.0,21.2954,1.76e-12,21.2954,0,0.0,1.36e-05,0.377645,5772.36,-359.689,0,2.69e-09,0,-1.36e-08,53.9999,-0.0340001,53.9999,0,1.4425,-1.06e-09,-0.306425,5813.46,-424.563,0,-1.12e-09,0,-1.52e-08,48.5,0.0275899,48.5,0,-1.30319,999.0,999.0,999.0,3965.2000342817996,3164.579000042547,569.6001218603346,26.86544325314782
513.616,0.269908,0.037266,1310.8,7.59821,0.0207449,-0.461747,-179.614,15648.3,-7.08e-06,-0.46166,-0.117689,-0.00112369,0.0207449,0.369896,-0.00634923,-0.00291578,56.332,0.00101641,0.269913,0.0372609,56.3339,-179.614,0.058662,0.137723,0.0,0.230299,0.603,0,-1.0,-0.359172,-1.00429,0.0,2385.82,77.0168,0,-1.15e-13,0,6.76e-06,48.2392,-9.84e-12,48.2392,0,0.0,-1.1582,0.0,1272.37,58.7149,0,0.0,0,0.0,21.2198,-2.62e-13,21.2198,0,0.0,1.34e-05,0.377646,5772.48,-359.935,0,2e-09,0,-1.36e-08,53.9999,-0.0339787,53.9999,0,1.44251,-2.72e-10,-0.306425,5813.32,-424.358,0,-3.14e-10,0,-1.52e-08,48.5,0.0275709,48.5,0,-1.30319,999.0,999.0,999.0,3965.8300337263804,3165.2090000235503,570.2301244854608,26.23562850369893
513.668,0.287645,0.0365611,1309.99,7.59266,0.0203284,-0.461919,-179.607,15662.3,-3.88e-05,-0.461831,-0.264039,-0.00459774,0.0203284,-0.0150167,-0.00987899,-0.0029154,56.3823,0.00091776,0.287676,0.0365573,56.3841,-179.607,-0.488733,0.133709,0.0,0.230299,0.576,0,-1.0,-0.354685,-0.994946,0.0,2385.82,76.7731,0,-1.09e-13,0,6.41e-06,48.1742,-1.03e-11,48.1742,0,0.0,-1.15428,0.0,1272.37,58.6081,0,0.0,0,0.0,21.1442,-2.28e-12,21.1442,0,0.0,1.33e-05,0.377648,5772.6,-360.18,0,1.32e-09,0,-1.36e-08,53.9999,-0.0339572,53.9999,0,1.44251,5.14e-10,-0.306425,5813.19,-424.153,0,4.94e-10,0,-1.52e-08,48.5,0.0275518,48.5,0,-1.30319,999.0,999.0,999.0,3966.6400329997123,3166.019000007005,571.0401279979154,25.42588412928059
513.69,0.258852,0.034107,1309.64,7.59029,0.0201646,-0.462023,-179.604,15668.1,3.85e-05,-0.461935,0.266078,-0.00440024,0.0201646,0.0601089,-0.00618269,-0.00291623,56.4035,0.000863677,0.258883,0.034104,56.4053,-179.604,0.322348,0.132181,0.0,0.227008,0.567,0,-1.0,-0.352691,-0.985948,0.0,2385.81,76.535,0,-1.03e-13,0,6.08e-06,48.1115,-9.64e-12,48.1115,0,0.0,-1.15044,0.0,1272.37,58.504,0,0.0,0,0.0,21.0706,-2.04e-12,21.0706,0,0.0,1.32e-05,0.377648,5772.72,-360.421,0,5.17e-10,0,-1.36e-08,53.9999,-0.033964,53.9999,0,1.44251,7.22e-11,-0.306425,5813.06,-423.952,0,6.8e-10,0,-1.52e-08,48.5,0.0275569,48.5,0,-1.30319,999.0,999.0,999.0,3966.990032691827,3166.369000002906,571.3901295102883,25.07599951156697
513.754,0.270912,0.0359791,1308.64,7.58327,0.0195464,-0.461864,-179.596,15684.4,1.7e-05,-0.461777,-0.218705,0.00486983,0.0195464,0.320594,-0.0139389,-0.002915,56.4621,0.00072448,0.270918,0.0359755,56.4639,-179.596,0.986234,0.126427,0.0,0.230299,0.54,0,-1.0,-0.346914,-0.977195,0.0,2385.81,76.3009,0,-9.8e-14,0,5.78e-06,48.0504,-8.16e-12,48.0504,0,0.0,-1.14666,0.0,1272.37,58.402,0,0.0,0,0.0,20.9983,-1.77e-13,20.9983,0,0.0,1.31e-05,0.377647,5772.83,-360.657,0,-3.71e-10,0,-1.36e-08,53.9999,-0.033991,53.9999,0,1.44251,-1.26e-09,-0.306426,5812.93,-423.755,0,4.17e-10,0,-1.52e-08,48.5,0.0275793,48.5,0,-1.30319,999.0,999.0,999.0,3967.9900317887837,3167.369000001176,572.3901340452967,24.076354183158767
513.774,0.275596,0.0341818,1308.33,7.58104,0.0192643,-0.461793,-179.594,15689.8,1.49e-05,-0.461705,-0.167615,0.00235367,0.0192643,-0.0595866,-0.0129228,-0.0029145,56.4815,0.000718872,0.275619,0.0341789,56.4833,-179.594,-0.179018,0.124452,0.0,0.230299,0.531,0,-1.0,-0.345076,-0.968442,0.0,2385.81,76.0669,0,-9.29e-14,0,5.49e-06,47.9893,-6.69e-12,47.9893,0,0.0,-1.14288,0.0,1272.37,58.3,0,0.0,0,0.0,20.9261,1.69e-12,20.9261,0,0.0,1.29e-05,0.377646,5772.95,-360.894,0,-1.26e-09,0,-1.36e-08,53.9999,-0.034018,53.9999,0,1.4425,-2.58e-09,-0.306426,5812.8,-423.557,0,1.55e-10,0,-1.51e-08,48.5,0.0276018,48.5,0,-1.30319,999.0,999.0,999.0,3968.3000315046747,3167.679000003883,572.7001355024125,23.766471765947895
513.836,0.267095,0.0324623,1307.35,7.57406,0.0185288,-0.461937,-179.586,15706.5,2.53e-05,-0.461849,0.113854,-0.00478868,0.0185288,-0.131683,-0.0118939,-0.00291383,56.5416,0.00064277,0.267132,0.0324604,56.5434,-179.586,-0.106312,0.118784,0.0,0.230299,0.504,0,-1.0,-0.339285,-0.959459,0.0,2385.81,75.8231,0,-8.82e-14,0,5.21e-06,47.9267,-2.58e-12,47.9267,0,0.0,-1.1389,0.0,1272.37,58.1943,0,0.0,0,0.0,20.8513,-6.21e-13,20.8513,0,0.0,1.28e-05,0.377644,5773.07,-361.14,0,-3.63e-10,0,-1.36e-08,53.9999,-0.0340088,53.9999,0,1.4425,-1.73e-09,-0.306426,5812.66,-423.351,0,1.09e-09,0,-1.51e-08,48.5,0.0275948,48.5,0,-1.30319,999.0,999.0,999.0,3969.280030623711,3168.659000022496,573.6801401067355,22.78686437322164
513.968,0.256395,0.0278084,1305.28,7.55875,0.0170542,-0.46279,-179.571,15742.2,-3.35e-05,-0.462702,0.245748,-0.00697975,0.0170542,0.0775228,-0.00842094,-0.00291695,56.67,0.000791909,0.256399,0.0278047,56.6718,-179.571,-0.0840755,0.11167,0.0,0.23359,0.495,0,-1.0,-0.326494,-0.950391,0.0,2385.8,75.5759,0,-8.36e-14,0,4.93e-06,47.8636,2.48e-12,47.8636,0,0.0,-1.13486,0.0,1272.37,58.0872,0,0.0,0,0.0,20.7755,-4.46e-12,20.7755,0,0.0,1.27e-05,0.377643,5773.2,-361.391,0,1.19e-09,0,-1.37e-08,53.9999,-0.0339863,53.9999,0,1.44249,-7.6e-11,-0.306426,5812.52,-423.141,0,2.47e-09,0,-1.51e-08,48.5,0.027577,48.5,0,-1.30319,999.0,999.0,999.0,3971.350028736458,3170.729000117097,575.7501504681197,20.717837991993772
514.11,0.256738,0.0306061,1303.04,7.54165,0.0162148,-0.463618,-179.555,15780.5,-2.73e-06,-0.46353,0.253006,-0.00137224,0.0162148,-0.408495,-0.00330411,-0.00292004,56.8079,0.000772661,0.256737,0.0306023,56.8098,-179.555,-0.822961,0.108233,0.0,0.230299,0.477,0,-1.0,-0.312073,-0.941367,0.0,2385.8,75.3296,0,-7.9e-14,0,4.66e-06,47.8007,7.11e-12,47.8007,0,0.0,-1.13083,0.0,1272.37,57.9805,0,0.0,0,0.0,20.7,-8.11e-12,20.7,0,0.0,1.26e-05,0.377642,5773.32,-361.641,0,2.67e-09,0,-1.37e-08,53.9999,-0.0339658,53.9999,0,1.44249,1.45e-09,-0.306426,5812.39,-422.932,0,3.74e-09,0,-1.51e-08,48.5,0.0275609,48.5,0,-1.30319,999.0,999.0,999.0,3973.590026701097,3172.96900030995,577.9901624528072,18.479167362803448
514.162,0.236503,0.0304613,1302.22,7.53522,0.0159638,-0.463656,-179.55,15794.4,6.75e-06,-0.463569,0.548309,-0.000437912,0.0159638,0.111363,-0.00820825,-0.00291925,56.858,0.000608467,0.236511,0.0304588,56.8598,-179.55,-0.295692,0.105161,0.0,0.223717,0.441,0,-1.0,-0.306629,-0.933213,0.0,2385.8,75.1018,0,-7.53e-14,0,4.44e-06,47.7438,3.28e-12,47.7438,0,0.0,-1.12711,0.0,1272.37,57.8825,0,0.0,0,0.0,20.6305,-8.04e-12,20.6305,0,0.0,1.25e-05,0.377644,5773.43,-361.872,0,2.86e-09,0,-1.37e-08,53.9999,-0.0339825,53.9999,0,1.4425,4.57e-10,-0.306427,5812.26,-422.738,0,3.02e-09,0,-1.51e-08,48.5,0.0275754,48.5,0,-1.3032,999.0,999.0,999.0,3974.410025955526,3173.789000406235,578.8101670724594,17.659747801381602
514.196,0.260352,0.0259026,1301.68,7.53098,0.015601,-0.463683,-179.546,15803.5,1.79e-05,-0.463595,0.00242002,-0.000907938,0.015601,0.37877,-0.0131536,-0.00291837,56.8909,0.00038356,0.260348,0.0259004,56.8927,-179.546,-0.0775808,0.100388,0.0,0.223717,0.396,0,-1.0,-0.303024,-0.925059,0.0,2385.79,74.8741,0,-7.16e-14,0,4.23e-06,47.687,-5.51e-13,47.687,0,0.0,-1.12339,0.0,1272.37,57.7845,0,0.0,0,0.0,20.5611,-7.97e-12,20.5611,0,0.0,1.24e-05,0.377646,5773.55,-362.104,0,3.04e-09,0,-1.37e-08,53.9999,-0.0339993,53.9999,0,1.4425,-5.34e-10,-0.306428,5812.13,-422.544,0,2.29e-09,0,-1.51e-08,48.5,0.0275899,48.5,0,-1.3032,999.0,999.0,999.0,3974.950025469754,3174.329000476825,579.3501701507995,17.120161897610767
514.24,0.25882,0.01924,1300.99,7.52544,0.0148054,-0.463732,-179.542,15815.7,6.53e-05,-0.463645,0.228466,-0.00562094,0.0148054,-0.476966,-0.0210945,-0.00291801,56.9347,-0.000204777,0.258837,0.0192412,56.9365,-179.542,-0.746142,0.0889385,0.0,0.227008,0.288,0,-1.0,-0.298307,-0.916889,0.0,2385.79,74.6453,0,-6.79e-14,0,4.01e-06,47.63,-3.05e-12,47.63,0,0.0,-1.11966,0.0,1272.37,57.6861,0,0.0,0,0.0,20.4915,-7.2e-12,20.4915,0,0.0,1.23e-05,0.377648,5773.66,-362.336,0,3.25e-09,0,-1.37e-08,53.9999,-0.0340107,53.9999,0,1.44251,-1.25e-09,-0.306429,5812.0,-422.349,0,1.52e-09,0,-1.51e-08,48.5,0.0276002,48.5,0,-1.30321,999.0,999.0,999.0,3975.6400248421533,3175.019000577558,580.0401742157121,16.430736414220807
514.296,0.266569,0.0134276,1300.1,7.51834,0.0128515,-0.464038,-179.538,15830.7,0.000129376,-0.46395,0.207845,-0.00301094,0.0128515,-0.260097,-0.0419665,-0.00291679,56.9885,-0.00133111,0.266614,0.0134349,56.9904,-179.538,-0.596819,0.0620929,0.0,0.227008,0.099,0,-1.0,-0.292225,-0.90862,0.0,2385.79,74.4097,0,-6.46e-14,0,3.81e-06,47.5724,2.61e-12,47.5724,0,0.0,-1.11579,0.0,1272.37,57.5854,0,0.0,0,0.0,20.4201,-2.25e-12,20.4201,0,0.0,1.22e-05,0.377649,5773.78,-362.576,0,3.53e-09,0,-1.37e-08,53.9999,-0.0339902,53.9999,0,1.44252,-2.52e-10,-0.306428,5811.87,-422.148,0,4.68e-10,0,-1.51e-08,48.5,0.0275841,48.5,0,-1.3032,999.0,999.0,999.0,3976.5300240493943,3175.9090007207187,580.9301794866193,15.541553991657283
514.376,0.303212,-0.00124392,1298.83,7.50814,0.00746015,-0.463923,-179.536,15851.6,-0.000216102,-0.463835,-0.672024,0.00515075,0.00746015,-0.0937168,-0.0764078,-0.00291782,57.0638,-0.00310873,0.30323,-0.00122727,57.0656,-179.536,-0.872039,0.00105155,0.0,0.227008,-0.243,0,-1.0,-0.283407,-0.900351,0.0,2385.79,74.1741,0,-6.13e-14,0,3.62e-06,47.5149,8.27e-12,47.5149,0,0.0,-1.11193,0.0,1272.37,57.4846,0,0.0,0,0.0,20.3488,2.71e-12,20.3488,0,0.0,1.2e-05,0.37765,5773.9,-362.816,0,3.82e-09,0,-1.37e-08,53.9999,-0.0339696,53.9999,0,1.44252,7.42e-10,-0.306428,5811.74,-421.946,0,-5.82e-10,0,-1.51e-08,48.5,0.0275681,48.5,0,-1.3032,999.0,999.0,999.0,3977.8000229333525,3177.1790009540196,582.2001871850091,14.272906038351092
514.436,0.282372,-0.020912,1297.88,7.5005,0.00197548,-0.463696,-179.537,15867.4,-0.000299606,-0.463608,-0.249065,0.0018502,0.00197548,-0.611052,-0.0972931,-0.00291829,57.1206,-0.00424541,0.282404,-0.0208909,57.1225,-179.537,-0.197913,-0.0527795,0.0,0.223717,-0.531,-6,-1.0,-0.276721,-0.892155,0.0,2385.78,73.9386,0,-5.81e-14,0,3.43e-06,47.4578,1.21e-11,47.4578,0,0.0,-1.10808,0.0,1272.37,57.3841,0,0.0,0,0.0,20.2776,5.57e-12,20.2776,0,0.0,1.19e-05,0.377651,5774.02,-363.057,0,3.99e-09,0,-1.37e-08,53.9999,-0.0339636,53.9999,0,1.44252,1e-09,-0.306427,5811.61,-421.745,0,-8.76e-10,0,-1.51e-08,48.5,0.0275628,48.5,0,-1.3032,999.0,999.0,999.0,3978.750022115017,3178.129001150087,583.1501930465683,13.324091385531847
514.575,0.243479,-0.0529885,1295.66,7.48315,-0.0159252,-0.461589,-179.557,15900.6,-0.000175733,-0.461501,-0.0824663,0.025448,-0.0159252,-0.0160925,-0.110325,-0.0029181,57.2401,-0.00514719,0.243508,-0.0529672,57.242,-179.557,-0.930698,-0.196646,0.0,0.203971,-1.098,-6,5.0,-0.276498,-0.884097,0.0,2385.78,73.7033,0,-5.53e-14,0,3.26e-06,47.4015,1.27e-11,47.4015,0,0.0,-1.10426,0.0,1272.37,57.2842,0,0.0,0,0.0,20.2068,4.45e-12,20.2068,0,0.0,1.18e-05,0.377652,5774.14,-363.297,0,3.97e-09,0,-1.37e-08,53.9999,-0.0339852,53.9999,0,1.44253,-1.22e-10,-0.306426,5811.48,-421.543,0,2.66e-10,0,-1.51e-08,48.5,0.0275782,48.5,0,-1.30319,999.0,999.0,999.0,3980.9700203122134,3180.3490016630444,585.370206635444,11.107644332733322
514.627,0.239307,-0.0651423,1294.84,7.47692,-0.0218367,-0.459941,-179.568,15911.9,-0.000178744,-0.459854,-0.186782,0.0366658,-0.0218367,0.144122,-0.111987,-0.00291537,57.2809,-0.00508184,0.239331,-0.0651216,57.2827,-179.568,-0.752587,-0.236417,0.0,0.194097,-1.287,-6,5.0,-0.276498,-0.876039,0.0,2385.78,73.468,0,-5.24e-14,0,3.09e-06,47.3453,1.32e-11,47.3453,0,0.0,-1.10043,0.0,1272.36,57.1842,0,0.0,0,0.0,20.136,3.32e-12,20.136,0,0.0,1.17e-05,0.377652,5774.26,-363.538,0,3.94e-09,0,-1.37e-08,53.9999,-0.0340069,53.9999,0,1.44253,-1.25e-09,-0.306425,5811.34,-421.341,0,1.41e-09,0,-1.51e-08,48.5,0.0275935,48.5,0,-1.30319,999.0,999.0,999.0,3981.790019683691,3181.1690018701374,586.1902116068525,10.289340855778816
514.765,0.187301,-0.0952742,1292.65,7.46142,-0.0393814,-0.453339,-179.611,15939.2,-0.000174188,-0.453252,0.0799709,0.0500672,-0.0393814,0.622174,-0.104754,-0.00290321,57.3792,-0.00536375,0.18732,-0.095257,57.381,-179.611,0.0727266,-0.35735,0.0,0.180933,-1.773,0,5.0,-0.276498,-0.867917,0.0,2385.77,73.2281,0,-4.97e-14,0,2.93e-06,47.2887,1.21e-11,47.2887,0,0.0,-1.09652,0.0,1272.36,57.0826,0,0.0,0,0.0,20.064,3.9e-12,20.064,0,0.0,1.16e-05,0.377653,5774.38,-363.783,0,3.49e-09,0,-1.38e-08,53.9999,-0.0340078,53.9999,0,1.44253,-1.14e-09,-0.306425,5811.21,-421.134,0,1.38e-09,0,-1.51e-08,48.5,0.0275939,48.5,0,-1.30319,999.0,999.0,999.0,3983.980018162664,3183.359002437704,588.3802241445716,8.10548776918466
514.785,0.191417,-0.10378,1292.33,7.4593,-0.0414535,-0.452333,-179.618,15942.9,-0.000197948,-0.452246,0.00500597,0.0504929,-0.0414535,-0.320078,-0.102248,-0.00290121,57.3928,-0.005259,0.191434,-0.103763,57.3946,-179.618,-1.76296,-0.369829,0.0,0.180933,-1.845,0,5.0,-0.276498,-0.859742,0.0,2385.77,72.9845,0,-4.71e-14,0,2.78e-06,47.2318,9.72e-12,47.2318,0,0.0,-1.09256,0.0,1272.36,56.9798,0,0.0,0,0.0,19.9912,5.86e-12,19.9912,0,0.0,1.15e-05,0.377654,5774.51,-364.033,0,2.69e-09,0,-1.38e-08,53.9999,-0.0339917,53.9999,0,1.44253,-2.71e-11,-0.306426,5811.07,-420.924,0,3.83e-10,0,-1.5e-08,48.5,0.0275822,48.5,0,-1.30319,999.0,999.0,999.0,3984.300017959352,3183.6790025211226,588.7002258760311,7.786665903324701
514.873,0.129258,-0.124277,1290.93,7.45053,-0.0514774,-0.446392,-179.654,15956.0,-0.000268528,-0.446306,0.3732,0.0809611,-0.0514774,-0.37853,-0.108857,-0.00289009,57.4399,-0.00565054,0.129286,-0.124266,57.4416,-179.654,-0.801687,-0.437145,0.0,0.151314,-2.16,-6,5.0,-0.276498,-0.851567,0.0,2385.77,72.741,0,-4.45e-14,0,2.63e-06,47.1749,7.35e-12,47.1749,0,0.0,-1.08859,0.0,1272.36,56.877,0,0.0,0,0.0,19.9184,7.83e-12,19.9184,0,0.0,1.14e-05,0.377655,5774.63,-364.282,0,1.9e-09,0,-1.38e-08,53.9999,-0.0339756,53.9999,0,1.44254,1.09e-09,-0.306427,5810.94,-420.714,0,-6.1e-10,0,-1.5e-08,48.5,0.0275705,48.5,0,-1.3032,999.0,999.0,999.0,3985.7000171302934,3185.079002880952,590.1002330695869,6.393162192600882
514.933,0.101261,-0.133204,1289.97,7.44508,-0.0583309,-0.440837,-179.681,15962.6,-0.000194219,-0.44075,0.365027,0.100555,-0.0583309,0.111171,-0.111024,-0.00287739,57.4638,-0.00594041,0.101289,-0.133195,57.4655,-179.681,-1.15001,-0.483508,0.0,0.131567,-2.367,0,5.0,-0.276498,-0.843954,0.0,2385.77,72.5094,0,-4.23e-14,0,2.5e-06,47.1218,6.67e-12,47.1218,0,0.0,-1.08485,0.0,1272.36,56.7798,0,0.0,0,0.0,19.8496,5.78e-12,19.8496,0,0.0,1.13e-05,0.377654,5774.75,-364.52,0,1.67e-09,0,-1.38e-08,53.9999,-0.0339847,53.9999,0,1.44253,6.12e-10,-0.306427,5810.81,-420.514,0,3.56e-10,0,-1.5e-08,48.5,0.0275766,48.5,0,-1.3032,999.0,999.0,999.0,3986.660016624724,3186.0390031164784,591.060237552152,5.439486524149198
514.999,0.36552,-0.143255,1288.91,7.43965,-0.0659147,-0.442909,-179.715,15987.7,-0.000236441,-0.442822,-2.33123,-0.152038,-0.0659147,-0.229049,-0.113148,-0.00289025,57.5542,-0.00571909,0.36555,-0.143219,57.5559,-179.715,-0.597606,-0.528742,0.0,0.105239,-2.493,0,5.0,-0.276498,-0.836431,0.0,2385.76,72.2798,0,-4.02e-14,0,2.38e-06,47.0693,6.26e-12,47.0693,0,0.0,-1.08114,0.0,1272.36,56.6835,0,0.0,0,0.0,19.7814,3.1e-12,19.7814,0,0.0,1.12e-05,0.377653,5774.87,-364.756,0,1.53e-09,0,-1.38e-08,53.9999,-0.0339978,53.9999,0,1.44253,-1.2e-10,-0.306426,5810.68,-420.315,0,1.64e-09,0,-1.5e-08,48.5,0.0275856,48.5,0,-1.30319,999.0,999.0,999.0,3987.7200161282417,3187.0990033601597,592.120242011386,4.389594266273485
515.019,0.330895,-0.144225,1288.59,7.43812,-0.0681612,-0.446368,-179.726,15994.8,-0.00016731,-0.446281,-1.17255,-0.187732,-0.0681612,0.202395,-0.111215,-0.00290574,57.5796,-0.00532317,0.330908,-0.144193,57.5814,-179.726,-0.347879,-0.537842,0.0,0.0953657,-2.493,0,5.0,-0.276498,-0.828909,0.0,2385.76,72.0502,0,-3.81e-14,0,2.25e-06,47.0168,5.89e-12,47.0168,0,0.0,-1.07743,0.0,1272.36,56.5873,0,0.0,0,0.0,19.7132,4.62e-13,19.7132,0,0.0,1.11e-05,0.377652,5774.98,-364.992,0,1.39e-09,0,-1.38e-08,53.9999,-0.0340107,53.9999,0,1.44253,-8.3e-10,-0.306425,5810.55,-420.117,0,2.93e-09,0,-1.5e-08,48.5,0.0275944,48.5,0,-1.30319,999.0,999.0,999.0,3988.040015989646,3187.4190034304393,592.4402432652043,4.073658465605538
515.065,0.245195,-0.144871,1287.86,7.43483,-0.0730868,-0.455187,-179.751,16008.4,-0.00015241,-0.455098,1.20881,-0.182802,-0.0730868,0.469366,-0.1016,-0.00295356,57.6283,-0.00405168,0.245237,-0.144857,57.6301,-179.751,-0.0061113,-0.549712,0.0,0.0789104,-2.475,0,5.0,-0.276498,-0.821441,0.0,2385.76,71.8173,0,-3.63e-14,0,2.14e-06,46.9648,7.82e-12,46.9648,0,0.0,-1.07368,0.0,1272.36,56.4903,0,0.0,0,0.0,19.6445,1.06e-12,19.6445,0,0.0,1.1e-05,0.377652,5775.11,-365.231,0,1.38e-09,0,-1.38e-08,53.9999,-0.0340062,53.9999,0,1.44253,-1.85e-10,-0.306426,5810.42,-419.914,0,4.93e-09,0,-1.5e-08,48.5,0.0275898,48.5,0,-1.30319,999.0,999.0,999.0,3988.7700156935184,3188.149003583956,593.1702459527357,3.355777118477865
515.085,0.268857,-0.148095,1287.54,7.43349,-0.0750275,-0.458624,-179.762,16013.5,-0.000156131,-0.458535,1.00055,-0.160398,-0.0750275,0.2725,-0.0923232,-0.00297377,57.6468,-0.00350898,0.268911,-0.148084,57.6486,-179.762,0.00973209,-0.552309,0.0,0.0690372,-2.457,6,5.0,-0.276498,-0.813974,0.0,2385.75,71.5844,0,-3.44e-14,0,2.03e-06,46.9128,9.75e-12,46.9128,0,0.0,-1.06993,0.0,1272.36,56.3933,0,0.0,0,0.0,19.5757,1.66e-12,19.5757,0,0.0,1.09e-05,0.377652,5775.23,-365.471,0,1.37e-09,0,-1.38e-08,53.9999,-0.0340016,53.9999,0,1.44253,4.59e-10,-0.306427,5810.29,-419.712,0,6.93e-09,0,-1.5e-08,48.5,0.0275852,48.5,0,-1.3032,999.0,999.0,999.0,3989.090015573627,3188.469003647409,593.4902470412468,3.042886852990104
515.105,0.222994,-0.148925,1287.22,7.43221,-0.0767661,-0.461522,-179.773,16018.1,-6.51e-05,-0.461432,1.55786,-0.130087,-0.0767661,0.859406,-0.0810791,-0.00299106,57.6633,-0.00298402,0.223028,-0.148917,57.6652,-179.773,0.124755,-0.55373,0.0,0.0624551,-2.448,0,5.0,-0.276498,-0.806515,0.0,2385.75,71.3507,0,-3.26e-14,0,1.93e-06,46.8608,1.01e-11,46.8608,0,0.0,-1.06617,0.0,1272.36,56.2961,0,0.0,0,0.0,19.5069,2.12e-12,19.5069,0,0.0,1.08e-05,0.377653,5775.35,-365.712,0,1.32e-09,0,-1.38e-08,53.9999,-0.033995,53.9999,0,1.44253,9.16e-10,-0.306429,5810.16,-419.509,0,8.47e-09,0,-1.5e-08,48.5,0.0275795,48.5,0,-1.30321,999.0,999.0,999.0,3989.4100154594867,3188.789003708518,593.8102480767607,2.731630513832417
515.171,0.172537,-0.14893,1286.16,7.42841,-0.0804921,-0.465747,-179.809,16029.9,1.14e-05,-0.465656,1.51824,-0.000743788,-0.0804921,0.169258,-0.0350891,-0.00302247,57.7057,-0.00134314,0.172567,-0.148929,57.7076,-179.809,-0.301763,-0.54415,0.0,0.0394177,-2.322,6,5.0,-0.276498,-0.799086,0.0,2385.75,71.114,0,-3.1e-14,0,1.83e-06,46.8091,4.6e-12,46.8091,0,0.0,-1.06239,0.0,1272.36,56.1981,0,0.0,0,0.0,19.4375,2.05e-12,19.4375,0,0.0,1.07e-05,0.377653,5775.47,-365.956,0,1.13e-09,0,-1.39e-08,53.9999,-0.0339811,53.9999,0,1.44253,7.02e-10,-0.306431,5810.02,-419.302,0,8.38e-09,0,-1.5e-08,48.5,0.0275697,48.5,0,-1.30321,999.0,999.0,999.0,3990.470015122744,3189.8490038927566,594.8702511141635,1.7234577186865903
515.191,0.121085,-0.144178,1285.84,7.42739,-0.0810525,-0.465384,-179.82,16032.8,-1.55e-05,-0.465293,2.0554,0.0348284,-0.0810525,0.944802,-0.0207746,-0.00302346,57.7163,-0.0009502,0.121102,-0.144178,57.7182,-179.82,0.562645,-0.538651,0.0,0.0328356,-2.277,0,5.0,-0.276498,-0.791657,0.0,2385.75,70.8773,0,-2.94e-14,0,1.73e-06,46.7573,-8.57e-13,46.7573,0,0.0,-1.0586,0.0,1272.36,56.1002,0,0.0,0,0.0,19.3681,1.98e-12,19.3681,0,0.0,1.06e-05,0.377653,5775.59,-366.201,0,9.44e-10,0,-1.39e-08,53.9999,-0.0339671,53.9999,0,1.44253,4.89e-10,-0.306433,5809.89,-419.096,0,8.28e-09,0,-1.5e-08,48.5,0.02756,48.5,0,-1.30322,999.0,999.0,999.0,3990.790015032867,3190.169003942915,595.1902519167397,1.4338128302187467
515.243,0.0755743,-0.139966,1285.0,7.42498,-0.0807767,-0.461479,-179.847,16039.0,2.91e-05,-0.461388,1.48027,0.106887,-0.0807767,0.658467,0.0239971,-0.00300795,57.7387,0.000146493,0.0755173,-0.139956,57.7406,-179.847,0.99786,-0.5142,0.0,0.0130893,-2.097,0,5.0,-0.276498,-0.784388,0.0,2385.74,70.643,0,-2.78e-14,0,1.64e-06,46.7067,-6.54e-13,46.7067,0,0.0,-1.05486,0.0,1272.36,56.0036,0,0.0,0,0.0,19.2997,1.15e-12,19.2997,0,0.0,1.05e-05,0.377653,5775.71,-366.443,0,4.74e-10,0,-1.39e-08,53.9999,-0.0339688,53.9999,0,1.44253,-2.48e-11,-0.306435,5809.76,-418.891,0,8.35e-09,0,-1.5e-08,48.5,0.0275617,48.5,0,-1.30323,999.0,999.0,999.0,3991.6300148212936,3191.0090040625773,596.0302537807962,0.7933118178875403
515.263,0.068802,-0.136536,1284.68,7.42416,-0.0801744,-0.459114,-179.857,16040.8,9.56e-05,-0.459024,0.811004,0.127294,-0.0801744,0.774445,0.0361039,-0.00299659,57.745,0.000490316,0.0686931,-0.136517,57.7468,-179.857,0.79216,-0.503352,0.0,0.00321611,-2.007,0,5.0,-0.276498,-0.777293,0.0,2385.74,70.4113,0,-2.65e-14,0,1.56e-06,46.6572,5.67e-12,46.6572,0,0.0,-1.05119,0.0,1272.36,55.9084,0,0.0,0,0.0,19.2323,-5.16e-13,19.2323,0,0.0,1.04e-05,0.377653,5775.84,-366.682,0,-3.05e-10,0,-1.39e-08,53.9999,-0.0339874,53.9999,0,1.44253,-8.63e-10,-0.306435,5809.63,-418.689,0,8.6e-09,0,-1.5e-08,48.5,0.0275758,48.5,0,-1.30323,999.0,999.0,999.0,3991.9500147495314,3191.3290041036485,596.3502544014763,0.67601522586405
