Type,Timestamp,Data Gaze2D X,Data Gaze2D Y,Data Gaze3D X,Data Gaze3D Y,Data Gaze3D Z,Data Eyeleft Gazeorigin X,Data Eyeleft Gazeorigin Y,Data Eyeleft Gazeorigin Z,Data Eyeleft Gazedirection X,Data Eyeleft Gazedirection Y,Data Eyeleft Gazedirection Z,Data Eyeleft Pupildiameter,Data Eyeright Gazeorigin X,Data Eyeright Gazeorigin Y,Data Eyeright Gazeorigin Z,Data Eyeright Gazedirection X,Data Eyeright Gazedirection Y,Data Eyeright Gazedirection Z,Data Eyeright Pupildiameter
gaze,286.531006,0.48153298970986,0.4497547846757497,61.19539209188167,119.6384464467737,1480.682457788233,33.40955367523149,-7.402056117728012,-31.23620646037541,0.02698709336319013,0.09493526737637348,0.9951175768721922,4.191235542297363,-35.25156407456003,-8.840021292410231,-28.83497948870504,0.05486833023411845,0.07343701838469738,0.9957893706342148,4.130837917327881
gaze,286.550989,0.4813660890475156,0.4503311379301309,62.53404497165096,120.2034146619631,1500.521016763263,33.41223042924383,-7.405833386449377,-31.23697280010577,0.02702551726576855,0.09395474734863747,0.9952095894168079,4.189334392547607,-35.24849726300012,-8.84305159294336,-28.83506257864202,0.05550987095117689,0.07298202140493747,0.9957872658247006,4.136744976043701
gaze,286.571079,0.481231501831885,0.4509841243336326,63.34245879585627,119.7739318802247,1509.911110479345,33.41448348570634,-7.409588553873183,-31.23715042305268,0.02701703242800007,0.09300178661917577,0.9952993256525526,4.186934471130371,-35.24600191725914,-8.84713342814194,-28.8346218364917,0.05606125984635903,0.0723754713128924,0.9958006458607445,4.139214515686035
gaze,286.591062,0.4811119673533746,0.4514199070237418,63.68590229894235,118.9286903765856,1509.20273472081,33.41523133095837,-7.411671858744952,-31.23718411140314,0.02670313262089932,0.09231005892403908,0.9953721895500554,4.186214923858643,-35.24236563932315,-8.849888756433852,-28.83391506869179,0.05685662062818778,0.07205732457532019,0.9957786233223676,4.137959003448486
gaze,286.611151,0.481058953908174,0.4517566723631937,63.25829431137574,117.2263826141115,1495.252383330209,33.41550661634878,-7.412181822945958,-31.23726911457827,0.02621227365009061,0.09186082040283586,0.9954267960955294,4.186302661895752,-35.23921321190236,-8.85278476405526,-28.83240073954892,0.05755245009402869,0.07179270635286104,0.9957577631144566,4.135046005249023
gaze,286.631134,0.4810880459755097,0.4521644664653566,62.43266019277772,115.1609709818817,1478.080425651064,33.41545894096769,-7.413450733929762,-31.23706733087579,0.02563173101725914,0.09139666617364148,0.9954846376400807,4.185684204101562,-35.23728253881406,-8.856793042553694,-28.83002909237418,0.05799790076816736,0.0714017626055047,0.9957600272170566,4.131299018859863
gaze,286.651223,0.4810687491988359,0.4526464670897172,61.86958014699721,113.1864402721054,1463.558475626509,33.41682384234443,-7.415384020404089,-31.23668101551951,0.02526566657326011,0.09085827421896213,0.9955432788676547,4.184514999389648,-35.2353699507403,-8.861928922692801,-28.82692996723006,0.05842707041232835,0.07090110556459503,0.9957707118974483,4.125333786010742
gaze,286.671207,0.4810384453276695,0.4528909354006172,61.69872338834095,112.2852015724256,1457.418046292858,33.41864916506388,-7.416254833698165,-31.23646561921696,0.02494522953840929,0.09047241441652043,0.9955864993826109,4.184099197387695,-35.23358578085639,-8.865551040376516,-28.82375468756627,0.05886297101810345,0.07075362490429857,0.9957555298394399,4.123239994049072
gaze,286.691296,0.4809683314901942,0.4532140989814024,61.96920646304035,111.8299090851599,1458.841520113628,33.42061742384757,-7.418344531599405,-31.23590920125706,0.02466288828662081,0.08983698401800604,0.9956510725369156,4.183398723602295,-35.2311917580685,-8.869112992306158,-28.82063096717566,0.05942557143202805,0.07063308163128193,0.995730671034716,4.121804714202881
gaze,286.711279,0.4810116635137955,0.4538869491353333,60.51625904741195,108.3213845506621,1428.025489119688,33.41902254018625,-7.4252704833631,-31.23420617308337,0.02418258947077849,0.08934244640500914,0.9957073514024369,4.180480003356934,-35.22902259701382,-8.87797401112136,-28.81748951774195,0.0597026886328608,0.06974651100826246,0.9957765879815522,4.115626335144043
gaze,286.731368,0.4835082744759128,0.5049892886607543,31.70282019311525,13.117642680612,870.2273217241061,33.36876554299207,-7.811474988921596,-31.42592495969627,0.007708079594170995,0.04013878126011958,0.9991643827458634,4.175215244293213,-35.08501607138582,-9.374047969285499,-28.81705442325349,0.06451782169350863,0.008015007409881172,0.9978843672190403,4.0523681640625
gaze,286.751352,0.4939590734959204,0.5918268023203692,6.69899364688051,-43.73372297478328,500.6472069392292,33.33872421823616,-8.308673221926293,-32.19954689965132,-0.04326704489719548,-0.04612105327149949,0.997998402439098,4.335392951965332,-34.89533555343244,-10.17454985050439,-28.89443173890587,0.0715710309508687,-0.08330867287852048,0.9939503270042471,4.073318004608154
gaze,286.77144,0.4979336437461853,0.6491583138085785,1.735384140666675,-61.05363263485334,394.7266594158205,33.26682159990945,-8.7942372044465,-32.58858834934281,-0.06312308621194504,-0.0942040696716135,0.9935497316412427,4.405325412750244,-34.80246843147858,-10.7678375288645,-29.01125982922543,0.07531633984643335,-0.1445923216295764,0.9866207526085724,4.12306547164917
gaze,286.791423,0.5009807498022583,0.6739066415437485,-0.8173581936073955,-66.42780999336276,361.7230709223199,33.27573978872189,-8.945629605055244,-32.73496000314512,-0.0745893177149855,-0.1148995922526189,0.9905728228570553,4.424190044403076,-34.8078428390234,-10.99999613047927,-29.05790467372965,0.07507016328132744,-0.1691164268955805,0.9827329773336126,4.127907752990723
gaze,286.811513,0.5018228836276746,0.6855536912941295,-1.451345888889881,-69.00197001827655,349.7744441066585,33.28596639860606,-9.024614646915744,-32.79394339102143,-0.0792029858774028,-0.1256353758003582,0.988909823682426,4.421869277954102,-34.82290330820184,-11.09022340538451,-29.0726231635106,0.07649565082748704,-0.1796190169613729,0.9807575766469047,4.119412422180176
gaze,286.831496,0.5022366730205192,0.692069502636385,-1.76112693663636,-70.94984819339831,346.2652307348494,33.31146432469139,-9.049764019711219,-32.81995664417749,-0.08203645762473102,-0.1333097578350598,0.987673290155375,4.430905342102051,-34.83871272167028,-11.12972586115564,-29.0738536818909,0.0777069376994126,-0.1844080038962861,0.9797730961464328,4.120657444000244
gaze,286.851585,0.5013874503108586,0.6952221055159018,-1.13593921505386,-70.89297754925526,339.8386600878927,33.33075117812272,-9.056463621802266,-32.81947752189315,-0.08179566929765736,-0.1353530368797826,0.9874153249223796,4.429738998413086,-34.84839914696449,-11.15350168701259,-29.06619075909045,0.08067810987479469,-0.1873186646867272,0.9789804699007086,4.124922275543213
gaze,286.871569,0.5003397731093275,0.6960589856554181,-0.3916680583850312,-70.84391364503557,337.9845893524586,33.33865048667494,-9.073121887818314,-32.79289222860029,-0.08131054236510092,-0.1372959608286579,0.9871871225053681,4.42830228805542,-34.85664751035249,-11.15784454793186,-29.06602931383845,0.08413537102351173,-0.1866030741838076,0.9788260989817795,4.128233909606934
gaze,286.891658,0.4996546888062002,0.6965941515694727,0.09230166350907254,-72.0882149294149,342.8752120131059,33.35386677186185,-9.131955282018758,-32.67534537771007,-0.07983688215951613,-0.139831312783965,0.9869515065149658,4.402554035186768,-34.86637918043005,-11.159794474357,-29.06379117443031,0.08510865961481963,-0.1861982464769688,0.9788190481735993,4.128788948059082
gaze,286.911641,0.4999025071583197,0.6970915230997548,-0.08747307773234247,-72.33852967872788,343.1228179579035,33.35499180221171,-9.155501126587268,-32.62671628927084,-0.08067309653542257,-0.1409889438388529,0.986718789326823,4.403086185455322,-34.8706561738853,-11.15927092207306,-29.06292728908678,0.08500420169052149,-0.1860610832386231,0.9788542072234391,4.127531051635742
gaze,286.931731,0.4990304873852714,0.6963757005961595,0.5454864635380492,-72.59153593343297,345.6707217134845,33.37847301389512,-9.141326525165534,-32.66590345422104,-0.0785019617883762,-0.1406553702008875,0.9869414921002296,4.404866218566895,-34.84667885856307,-11.15914800623978,-29.06363649750999,0.08596429986262925,-0.1855564867536731,0.9788661447678951,4.129534721374512
gaze,286.951713,0.4914397685103775,0.695175383686457,6.428521746542902,-76.77091646341162,367.7816428045639,33.62576468364644,-9.072599652377118,-32.82499368847034,-0.06036858555852102,-0.1433442086889315,0.9878299811774329,4.397452354431152,-34.71733831389854,-11.1614940827058,-29.06557246434548,0.09530426701685665,-0.1854354755955437,0.9780239164146419,4.135092735290527
gaze,286.971803,0.4861871636885036,0.6994739726352253,9.920085702840144,-74.64758746290656,349.0211112486882,33.71511834508332,-9.054484644290438,-32.86992747978422,-0.05426938027351951,-0.1444703840753061,0.988019808753783,4.396665096282959,-34.61969477865838,-11.18304050848671,-29.05804919763455,0.1083565426772658,-0.1891857269600504,0.9759444760710659,4.127010345458984
gaze,286.991786,0.4835883267367373,0.7009230295678103,11.61327945572284,-73.98933979081178,343.1377548819057,33.75583155421687,-9.0538900616527,-32.87201057220474,-0.05064545730814879,-0.1447810798743617,0.9881667250846198,4.398383617401123,-34.57529014840544,-11.18994523696444,-29.05353177754247,0.1141622485328957,-0.1905030613819483,0.9750259302264833,4.119873046875
gaze,287.011875,0.4823786873664136,0.7013413184115943,12.37232975128485,-73.5244999895204,340.1706368803151,33.77161840551098,-9.058529544431181,-32.86007522484574,-0.04905989339044938,-0.1446584835253056,0.9882646659699399,4.402403831481934,-34.55448560158655,-11.19126199451524,-29.04987146586532,0.116962415849517,-0.1907803513552322,0.9746397543787237,4.116678237915039
gaze,287.031859,0.4816806148828146,0.7012921174624278,12.86568672561362,-73.48786404356943,340.0692965571351,33.78149952997856,-9.064064187927247,-32.84599045225621,-0.04768673189519176,-0.1444286433490271,0.9883654903837527,4.403971195220947,-34.54580699391073,-11.19183005212222,-29.04683527018295,0.1181458085595337,-0.1908834055975051,0.9744768306056909,4.11343240737915
gaze,287.051948,0.4810374415955109,0.7011785831774222,13.34022330305279,-73.53697312703656,340.4851684909968,33.78923527970988,-9.070600312693397,-32.83266019392756,-0.04639494919368763,-0.1443774781815776,0.9884344452128544,4.401517391204834,-34.53839999442021,-11.19157125545139,-29.04424821547232,0.1192217629200557,-0.1907955410771503,0.9743629881883402,4.110965251922607
gaze,287.07193,0.4805545633682786,0.7010156784659539,13.71976956661871,-73.66205084513452,341.3499968340934,33.79529728993503,-9.077023110760203,-32.82030873994551,-0.04528406654639284,-0.1443332652564225,0.9884924187152077,4.400044441223145,-34.53381373861466,-11.19136859551393,-29.04194459679108,0.11989909008278,-0.190704782242059,0.9742976414973662,4.107511520385742
gaze,287.092021,0.4802120597596456,0.7010039197823587,13.98759880463752,-73.78151708939369,341.9142164204642,33.79916836081203,-9.08340950605534,-32.80972774191278,-0.04451678409721703,-0.1444112275982451,0.9885158841805274,4.401567935943604,-34.53058653998166,-11.19181973878286,-29.04009167390281,0.1203976890042006,-0.1907256292076007,0.9742320723758855,4.10426664352417
gaze,287.112003,0.4799587571525206,0.700817130829629,14.23955290906833,-74.07215795007895,343.600945639257,33.8035938263346,-9.08903425876204,-32.80046340723913,-0.04365431795207417,-0.1444932115229657,0.9885423675027382,4.400099754333496,-34.52968861289123,-11.19176325073232,-29.03835350615875,0.1204917998563539,-0.1906499082000421,0.9742352583799726,4.102428436279297
gaze,287.132093,0.4795717193106555,0.7012990331789366,14.41609164510831,-73.75829077385922,341.2392968790947,33.83101900487519,-9.103158267678015,-32.77287175127311,-0.04374527332653654,-0.144860436547393,0.9884846002770532,4.395517349243164,-34.51728577810029,-11.19146726027405,-29.03588435367127,0.1218770853941539,-0.1906854675140678,0.9740559678656908,4.098766326904297
gaze,287.152076,0.4793305078556376,0.7010064688224514,14.50620066494623,-73.22217165375775,339.2887406079499,33.84340174731225,-9.102544915037388,-32.76037563102539,-0.04355842571656233,-0.1438901883008721,0.9886345519249439,4.396058082580566,-34.51402368620495,-11.19190462122752,-29.03266704685434,0.1225353777168185,-0.1906024334888027,0.973989627026871,4.096010208129883
gaze,287.172165,0.4796936809802987,0.7010908083192212,14.12816566331465,-72.6372861157021,336.4363777523643,33.83883906575202,-9.104435087992275,-32.7553420644395,-0.04513046522374967,-0.1437971384604901,0.9885775761563999,4.39998722076416,-34.51416625737311,-11.1904338289976,-29.02960462534206,0.1227275704400064,-0.1901731683775145,0.9740493362674968,4.094969749450684
gaze,287.192148,0.4792642040260784,0.7006693228416452,14.58168074780219,-73.22424409124613,339.9178557254106,33.8300652241992,-9.106475593712318,-32.75529377672881,-0.04333681301339387,-0.1437798588738412,0.9886603424938519,4.403056144714355,-34.51621160248857,-11.19165545464156,-29.02801869510316,0.1226226148260004,-0.1901665458929687,0.9740638475769297,4.094744682312012
gaze,287.212238,0.4995202224664566,0.7207707544735065,0.09871122199317206,-82.64724784122657,346.4676702397659,33.45549120182317,-9.309797256892345,-32.83641607093225,-0.07966791221021531,-0.1658919118013419,0.9829205956550924,4.46466588973999,-34.80938142086999,-11.39228833010012,-29.11854796303409,0.08451817212349054,-0.2092060915528303,0.9742122406529764,4.124059677124023
gaze,287.232221,0.5111922108935668,0.7345089538106716,-8.145928651923624,-85.38832000699978,335.6455082926979,33.12793059694207,-9.459695997137345,-32.89151627522278,-0.1015268348371347,-0.1754141633827856,0.979245716402513,4.475823879241943,-35.03008335487319,-11.50924006646756,-29.20916378853419,0.06440213631584077,-0.2236225225461733,0.9725457995632094,4.144810199737549
gaze,287.25231,0.5155585634901582,0.7395812978757955,-11.23425668873099,-87.40623893726732,335.8467259471776,33.01696200079642,-9.513682540807977,-32.91042024113407,-0.1082702552940051,-0.1790208894718467,0.977869660512729,4.477426528930664,-35.12178608270909,-11.55465673194277,-29.23747645513157,0.0554407969550323,-0.2298198835201407,0.9716527873534765,4.13966178894043
gaze,287.272293,0.5167427432363078,0.7421086171786107,-11.981889578837,-87.7154093556496,333.277052169959,32.98474058527407,-9.530703255186777,-32.91596143611331,-0.1104693022152799,-0.1804312414775923,0.9773643641789505,4.485177516937256,-35.1697224239342,-11.57390655892372,-29.24289734475637,0.05354736065677704,-0.2326386839162516,0.9710880098695521,4.144343852996826
gaze,287.292383,0.5179131403228782,0.742026836210221,-12.8507849973538,-88.04470349299176,334.6738836934933,32.98416655458457,-9.520266726461331,-32.92871841325797,-0.1113595241008973,-0.1793720561159419,0.9774582967455754,4.517357349395752,-35.18908353492206,-11.5901943719109,-29.2291594181737,0.05009804653345157,-0.2338870668705859,0.9709722064427004,4.143043518066406
gaze,287.312366,0.5190919758956702,0.7396535133237327,-14.02684413922538,-89.39812631583996,343.4645899308995,32.98358170048503,-9.517235810686882,-32.92693422787053,-0.1118775219131419,-0.1787847010642814,0.9775067522815023,4.523488998413086,-35.21331361424622,-11.59912250606298,-29.19801930530939,0.04598314617972182,-0.2319699611137352,0.9716354704354441,4.148579597473145
gaze,287.332455,0.5196022955569949,0.7389549151291682,-14.71377009538631,-91.1136389853585,351.1681842717439,32.9884032014851,-9.525045246197832,-32.92020525022416,-0.1113360326350454,-0.1794629880317212,0.9774442816671519,4.529125690460205,-35.22918669144389,-11.60802904920915,-29.18261950984349,0.04327904240806975,-0.2317524929521693,0.9718115591505874,4.16175651550293
gaze,287.352438,0.5201932286361187,0.7389680577816303,-15.24834633910624,-91.720823916815,353.5002780721266,33.02526801751722,-9.5256755938737,-32.93795738662567,-0.1151045205197526,-0.1840945875006628,0.9761455486805636,4.546531200408936,-35.23919737032821,-11.60695614450861,-29.18908786228027,0.04476013877291397,-0.2275437402448196,0.9727385960536508,4.168607711791992
gaze,287.372528,0.5203704983758761,0.7376393991494112,-15.47580153191603,-91.769780280222,355.822600481591,33.03365532890884,-9.540429599736907,-32.92309895739606,-0.115598345104895,-0.1840526743044485,0.9760950956184496,4.553300380706787,-35.24925818184933,-11.60761211155623,-29.18963897523766,0.04452016203575484,-0.2254083642863904,0.9732466411357629,4.175809860229492
gaze,287.39251,0.5203916017911403,0.7370580945158041,-15.61121062127811,-92.24716366715833,358.6188769579442,33.04003867833126,-9.543284941647705,-32.90822719390064,-0.1155058146848671,-0.1845707553708807,0.9760082187337399,4.571260929107666,-35.25545008065055,-11.60986609329148,-29.18750472876039,0.04424791228227667,-0.2243578154157224,0.9735017683191669,4.184503078460693
gaze,287.4126,0.5199068209827002,0.741041697512349,-14.72473157614622,-90.61553043844216,346.0023410953166,33.04177667927377,-9.54188546777116,-32.89588831388636,-0.1154860697210503,-0.1839400481939761,0.9761296155587036,4.582245826721191,-35.25053929342863,-11.60573264682689,-29.19068206979429,0.04645519803730426,-0.2300280566755619,0.9720745895852744,4.187328815460205
gaze,287.432583,0.5211511753786099,0.716227591221645,-16.27673435887133,-84.37850549987903,362.3632550573092,33.05593002733421,-9.186290942003081,-32.88829223602707,-0.1145387060273709,-0.1616308362228369,0.9801817982412662,4.559751510620117,-35.27834435212763,-11.28762015775603,-29.14657343558944,0.04034829279579617,-0.2076968960380727,0.9773607392588546,4.23526668548584
gaze,287.452673,0.5160628573817181,0.6302033425277018,-13.22925840791818,-52.27387327405753,395.7438463624148,33.05038564281286,-8.337941773766572,-32.77206894815188,-0.1031737224485459,-0.08396937813213869,0.99111267095735,4.530159473419189,-35.18762384313131,-10.3679199936974,-29.09676822223375,0.04766223432252323,-0.1157444451452956,0.9921348370243799,4.179665088653564
gaze,287.472656,0.5020937577134242,0.5604078946424583,-2.120900324029339,-31.5089471964299,628.205201370608,32.95674181712339,-7.957621269347642,-31.97161614588,-0.04431512474259321,-0.01568830313221324,0.9988944122698257,4.438305377960205,-35.15870895289239,-9.669619012061059,-29.0991462022254,0.04142075077642166,-0.05318667424648608,0.9977251621001226,4.088737487792969
gaze,287.492746,0.4938025269275952,0.5019835787422214,13.6199103183458,17.40498107987597,923.8997450682386,32.97977744270284,-7.575353779921326,-31.64509701882851,-0.01189848159189132,0.04164181275677128,0.9990617526290042,4.422314643859863,-35.11972661359761,-9.09527099885209,-29.08435257388155,0.04269872822511103,0.01223155276364687,0.9990131168933409,4.156525611877441
gaze,287.512729,0.4902618128137077,0.4791242942092692,24.26971641126666,49.57900185317057,1079.148720759091,33.02115338205204,-7.424118294322303,-31.52007625885419,0.0002305565672414133,0.06511042430779786,0.997878038384515,4.425854206085205,-35.12123443485151,-8.879239460739324,-29.06642031132294,0.04534117756667286,0.03874834369029356,0.9982197871601857,4.185508728027344
gaze,287.532819,0.4880486910890124,0.4695172968245961,33.70364916950903,70.82898784028313,1235.201603440999,33.10809258977897,-7.386608598210751,-31.44146135141474,0.008039951358186928,0.07402569447226354,0.9972239245726393,4.437057495117188,-35.17566236206416,-8.833965765830015,-29.02237800381954,0.0467278515562548,0.05041178459713504,0.997634782805145,4.195776462554932
gaze,287.552801,0.48704758897011,0.4644108795052736,40.68260638229617,87.54478673158779,1380.611161687614,33.16856823009692,-7.382922297786012,-31.39774416044624,0.01324563258656056,0.07868503974826564,0.9968115256843673,4.445930957794189,-35.23223149091061,-8.83563276091726,-28.97835949206361,0.04572116471435866,0.05651970568701693,0.9973540484533141,4.206343173980713
gaze,287.572891,0.4866681191140939,0.462018703280422,42.75470766057285,93.49014406334558,1411.045083828031,33.20292688279486,-7.386690236634674,-31.37254076514159,0.01510535191161991,0.08137362682571352,0.9965691953902929,4.454276084899902,-35.26850705387078,-8.846045015743336,-28.94676690486099,0.04547333111640202,0.05918817072013269,0.9972105778640651,4.210958480834961
gaze,287.592874,0.4865921656845389,0.4611960159195415,41.46142328728652,91.48647019924142,1360.679135818134,33.22624316390352,-7.392223674267751,-31.35516006554096,0.01614902545366851,0.08321971051734811,0.9964003656955901,4.476951599121094,-35.30007045467254,-8.862682169070204,-28.9214087228217,0.04477117378323052,0.05956651179289571,0.9972198216395914,4.212441921234131
gaze,287.612964,0.4863684704590966,0.4610218117924474,44.3655363959388,96.68213619802661,1433.61365570993,33.25607379825917,-7.42451594911619,-31.32303055634051,0.01632894514969081,0.08243382801969593,0.9964627587362799,4.478219985961914,-35.31846532943977,-8.873069355732394,-28.90177994614093,0.04550353071686867,0.06034501763044917,0.9971398635795682,4.220648288726807
gaze,287.632947,0.4866672961102371,0.4617066398838795,43.5789085496038,95.80978704722698,1437.976825415316,33.26719785312402,-7.455517568534775,-31.2852337572125,0.01499561761486184,0.0814084870708672,0.9965680055496371,4.462409973144531,-35.33440580639837,-8.886514548453329,-28.88678762643175,0.04559362553145092,0.0598034695910182,0.9971683741153117,4.222088813781738
gaze,287.653036,0.4865976715982001,0.4617536288910716,44.22118631131959,96.67013030703737,1452.139845710391,33.28258137609979,-7.478636174740998,-31.25550340423526,0.01507698431501348,0.08116043606256408,0.9965870098300997,4.455959796905518,-35.34515247939721,-8.893997651526124,-28.87566776633978,0.04579483509938298,0.05988255523038302,0.9971544076306841,4.221506118774414
gaze,287.673019,0.4864441614738796,0.4617297978157646,44.36931152347432,96.00618079985378,1441.613735005487,33.29645691612919,-7.489603747109484,-31.23744919219011,0.01598429481032516,0.08152274721517085,0.9965432976072379,4.461618423461914,-35.35466875499811,-8.901137759243866,-28.86718919458507,0.04552027172836736,0.05964212049045386,0.9971813888782612,4.222731113433838
gaze,287.693108,0.4865271352098789,0.4624667823896397,42.66002755857579,91.64181675024071,1394.453164990049,33.30278121408939,-7.497292486453508,-31.22691141583422,0.01624530097176978,0.08140016995232716,0.9965490968979246,4.466979503631592,-35.36318024425211,-8.912078227232763,-28.86074612449047,0.04490847983035311,0.05835130904576648,0.9972854923099866,4.21384334564209
gaze,287.713092,0.4865276425036765,0.4625529153081788,42.03908503563817,90.17312669579661,1374.253169386101,33.30893951382274,-7.499369702938595,-31.2211467940026,0.0168764848153805,0.0816665279560358,0.9965168149468842,4.469293594360352,-35.37049184787803,-8.916926030593055,-28.85596308702799,0.04427677443278084,0.05801643894692204,0.9973332743159363,4.212716579437256
gaze,287.733181,0.4865428290879425,0.4625908016427438,41.54393284238523,89.14508402487984,1359.51592900667,33.31218934631911,-7.501603439664308,-31.21614360808709,0.01705697753237072,0.0818370667383316,0.9964997511415276,4.46898078918457,-35.37471799753359,-8.920116746930336,-28.85236567805525,0.044035328690106,0.05785672278892896,0.9973532420638533,4.21466064453125
gaze,287.753164,0.486567876450136,0.4625397372513463,41.26273848477818,88.77666161337842,1352.631057738861,33.31419328581264,-7.502576098778958,-31.21297197034925,0.01719341181286956,0.08200190607815588,0.9964838553583206,4.46721887588501,-35.37915797730586,-8.922567185292333,-28.84886227149103,0.04379934871009988,0.05785857271905424,0.9973635258096645,4.216136932373047
gaze,287.773254,0.4865969691937081,0.4625302291370406,41.2713246935816,88.99043303437338,1355.642503970073,33.31566084151915,-7.504027477696292,-31.21065969188921,0.01731416452871472,0.08199071484067143,0.9964826854424459,4.465432643890381,-35.38515591182827,-8.926077751220948,-28.84362902839588,0.0435621100419163,0.05787786874124003,0.9973727963397978,4.218195915222168
gaze,287.793237,0.4865235675957766,0.462406485348763,41.1109568570062,88.38666614467765,1343.452852309363,33.31825629708892,-7.503278447039706,-31.20938102478824,0.01765102106906977,0.08229474287947289,0.9964517132052214,4.462601184844971,-35.38925465782452,-8.929439875416561,-28.83853040583423,0.04353284844317317,0.05793863629128713,0.9973705457507404,4.218512058258057
gaze,287.813325,0.4865553610152474,0.462357738731864,41.1602755158583,88.765051673587,1348.00053459273,33.31916480429317,-7.505788640467054,-31.2050793092588,0.01763827233788426,0.08229992554044939,0.9964515109150928,4.459070205688477,-35.39236531813176,-8.931995396392649,-28.83452030695396,0.04341684699028747,0.05802219515518044,0.9973707446415282,4.212786674499512
gaze,287.833309,0.4865823678741215,0.4622687114646234,40.79324271521688,88.27801620025583,1338.435540613796,33.32071808884101,-7.50612247748308,-31.20243459995429,0.01772508954508282,0.08252690829304608,0.9964311971271322,4.45389986038208,-35.39474693637477,-8.933773213713621,-28.83192747406785,0.0432223104224714,0.05806715369217589,0.9973765775993704,4.206902503967285
gaze,287.853398,0.4866305491259144,0.4622642658432954,40.55166658587723,88.05786976977078,1334.971935861937,33.32126937444752,-7.506690671646636,-31.20107102287784,0.01768157177773829,0.08257768877925273,0.9964277632299021,4.446323871612549,-35.39626298489473,-8.934947813555826,-28.83056872010322,0.04306855785237625,0.05805319576244187,0.9973840412731118,4.199367046356201
gaze,287.873382,0.4867185041388901,0.462135212858352,40.77961162929536,89.30404897583787,1350.678023366526,33.32025876540386,-7.507283776431493,-31.20068681534987,0.01743567503843668,0.08253416578654214,0.9964357022477034,4.431618690490723,-35.39727510181196,-8.934045269472573,-28.83032855248426,0.04295411426116857,0.05829616349736147,0.9973748048700286,4.188066482543945
gaze,287.893472,0.4867797052759056,0.4614385742696512,41.51418192034973,92.42642238693571,1380.527205221848,33.3177420389463,-7.505051441063816,-31.20099457473556,0.01700163457326015,0.0829574426934258,0.9964080525184472,4.413172245025635,-35.39648825331044,-8.928708248534402,-28.83103969792849,0.04314698428634383,0.05929401457579259,0.9973076544289029,4.182409763336182
gaze,287.913454,0.4868158835890506,0.4611542702930177,41.75000683295387,93.65051621001578,1391.746314129861,33.31521210716951,-7.504185618096228,-31.20164805155514,0.01659184057881342,0.08311620325750536,0.9964017300176994,4.393831729888916,-35.39517840933491,-8.926229337681844,-28.83194767937752,0.04341244187654447,0.05972372056773684,0.9972704934429089,4.168252468109131
gaze,287.933543,0.4868839484116333,0.4609795083298489,41.0624852621572,92.83433923179601,1375.329460096123,33.31317812967485,-7.501819046850724,-31.20292714319615,0.01626784758814014,0.08350090218483933,0.9963749075870825,4.375126361846924,-35.39477244671129,-8.925351882511631,-28.8327571853349,0.04346218833165331,0.0598446687533558,0.9972610760514146,4.150743007659912
gaze,287.953527,0.4869412037001769,0.4610711844022359,40.38737427747942,91.53653258511525,1358.281523373522,33.312635924975,-7.500947669142889,-31.20437403841052,0.01618328126437301,0.08361554898500362,0.9963666701448091,4.355361938476562,-35.39525061568531,-8.92597960080017,-28.83354107284288,0.04331184837627441,0.05962700493436548,0.9972806546167373,4.129316806793213
gaze,287.973616,0.4870906306530485,0.4611246120277536,39.45540865430227,90.30573972003928,1341.230254500721,33.31095546503072,-7.499686517155109,-31.20602155078105,0.01588006564406505,0.08377560887040844,0.996358103732555,4.333719730377197,-35.39652945552957,-8.92623626726833,-28.83423064342934,0.04300265533227716,0.05945869970665024,0.9973040833484881,4.107619285583496
gaze,287.993599,0.4872055575593356,0.4611899994709597,39.41318200682598,90.861123377896,1351.000280252609,33.30914741397823,-7.500503672976587,-31.20732529767944,0.01558161390117416,0.08357071484825666,0.9963800223448814,4.312673091888428,-35.39726141328327,-8.925524943596328,-28.83508215699182,0.04282642115232759,0.05945401278726483,0.9973119461907468,4.087485790252686
gaze,288.013689,0.4874100502063546,0.4615202970741801,38.01535079968011,88.4546988002624,1322.893494139314,33.3083403557443,-7.50012997130896,-31.20851363775287,0.01546950337129022,0.08358033651181648,0.9963809621896724,4.289733409881592,-35.40111292701481,-8.927792416605078,-28.83575588613822,0.04209761482827938,0.05887526350291244,0.9973773078295056,4.067477226257324
gaze,288.033672,0.4874224814178207,0.4615731940113957,38.3568288211809,89.24909131642679,1336.03021470842,33.3101145770932,-7.501245828837877,-31.20946888480067,0.01579357256276792,0.08336777817199043,0.9963936855622735,4.271537303924561,-35.40330918878382,-8.926892848067057,-28.8367384166085,0.04171936817377603,0.05887939363862269,0.997392957326213,4.049994468688965
gaze,288.053761,0.4874967169029585,0.4617829142925647,37.82839905468729,88.18226336239977,1324.994230938463,33.31046154100149,-7.502075407140813,-31.21003324352407,0.01587230048939888,0.08327090925296815,0.9964005347998154,4.252000331878662,-35.40554127792733,-8.927833438794446,-28.83742639907806,0.04133411115980987,0.05856910232755927,0.9974272662741742,4.03386402130127
gaze,288.073744,0.4875326980966659,0.4620966096309748,37.40604911320903,86.95216206677787,1313.884835294058,33.31130002424644,-7.503771125018723,-31.21027897064452,0.01600157717563982,0.08304869932131949,0.9964170126352366,4.235463619232178,-35.40718163445551,-8.92966682032482,-28.83781592393327,0.04105323053587416,0.05814510317751865,0.9974636731425581,4.018659114837646
gaze,288.093834,0.4874452687382719,0.4622707245484091,38.28427653035951,88.1461658467961,1336.153341280966,33.31530870202469,-7.507121159993373,-31.21024822818823,0.01660228978480771,0.08256531363320567,0.9964473558390086,4.219748497009277,-35.40859496083014,-8.930149174964367,-28.83768065766171,0.04080346873312537,0.05807575146680195,0.9974779616768038,4.006363868713379
gaze,288.113817,0.4873913173654182,0.4624169563982617,39.36712553734039,90.0453114626325,1368.580999611379,33.31933267950027,-7.511202278780049,-31.20986055396275,0.01711891562332896,0.08200492844270378,0.996484889217588,4.206861019134521,-35.41013581101767,-8.930851947560111,-28.8366303438265,0.04049915842676697,0.05808984070040261,0.9974895430901146,3.99689769744873
gaze,288.133906,0.4873663227091722,0.4625167102823323,40.62340743925263,92.58394709460336,1409.724696946884,33.3233616961748,-7.515778846662903,-31.20924010954636,0.01756599858839246,0.08142179087684165,0.9965249257615187,4.193447589874268,-35.41194040326155,-8.931487514968314,-28.83509540451466,0.04014521567646966,0.05819254594214521,0.9974978642859648,3.987551689147949
gaze,288.153889,0.4873138534025074,0.4625170677671289,42.05107183764459,95.46787881414599,1453.668218759919,33.32668931088008,-7.519808466380097,-31.20854919246575,0.01787303278603722,0.0809584946793621,0.9965572120246188,4.182478904724121,-35.41235865112603,-8.932212287587266,-28.8331252720919,0.04004634794882838,0.05840178374241345,0.9974896098063709,3.982470512390137
gaze,288.173979,0.4872604601215133,0.4624460677377373,43.47854670233903,98.44694072667474,1497.122330328541,33.33077540728458,-7.523306111633891,-31.20786611915845,0.01830076870361237,0.08060295911537378,0.9965782682994357,4.173078060150146,-35.41353148106143,-8.932878637257106,-28.83107826519112,0.03983287823305361,0.05868560926739173,0.997481499114939,3.97864294052124
gaze,288.193962,0.4872106649196286,0.4624838113061422,45.5596241620115,102.7160016309533,1563.136278228055,33.33556381259972,-7.528711466564213,-31.20674993186129,0.01885353050375449,0.07994017335186811,0.9966213488943618,4.161705017089844,-35.41562456740952,-8.933867884802684,-28.82885156438841,0.03947557737700155,0.05892742792802976,0.997481446959561,3.973776817321777
gaze,288.214051,0.4870980657191893,0.4623661092526357,48.31855378415304,108.2748395547424,1644.271464911883,33.33921947822108,-7.533585663493751,-31.20546238286972,0.01922937048365164,0.07938923534628368,0.9966582065191331,4.151646137237549,-35.4156001843372,-8.933676214853731,-28.82676035101832,0.03955703275779804,0.05937316741595611,0.9974517873814229,3.972137451171875
gaze,288.234035,0.4871711628872808,0.462503498111468,48.73852288292638,109.5292997673183,1667.436193903012,33.3396913968765,-7.537327268629395,-31.20385699812757,0.01906629623849983,0.07904696711947082,0.9966885437973886,4.141786098480225,-35.41692386643169,-8.936413395019928,-28.82409037484621,0.03941305600135988,0.05930219930164153,0.9974617086257609,3.968143463134766
gaze,288.254124,0.48726321088735,0.4625177742177158,48.89623129498344,110.5956875538374,1684.062265979529,33.34146498271888,-7.53962104079773,-31.20257414703576,0.01910081667215896,0.0789033123400596,0.996699265628416,4.134042739868164,-35.41980310046407,-8.938476575688593,-28.82132342026037,0.03899624931524397,0.05934885256386018,0.9974753161049633,3.964590787887573
gaze,288.274106,0.4877347279323906,0.4621694545015875,45.94929351872055,108.3068632231395,1638.62005900654,33.32951845131137,-7.534086744969823,-31.20577319552941,0.01789027470108601,0.0796788002631442,0.9966600357492748,4.130141258239746,-35.4290958940551,-8.937931997352507,-28.82128826087376,0.03827944548955898,0.05959699629335696,0.9974882866910377,3.960988759994507
gaze,288.294197,0.4978369245298552,0.4536428705302129,5.909515116398627,66.80781515124143,873.7097289901253,33.03762616362771,-7.386314083917031,-31.25091772486314,-0.00987554052670664,0.1009550605659442,0.9948419720967909,4.149148941040039,-35.54992972398156,-8.88862831151382,-28.8536824066431,0.02570681954925805,0.06423522474134148,0.9976036263622399,3.96001148223877
gaze,288.31418,0.5018653518436438,0.4489275078974279,-1.347288390467845,64.60145727701396,786.154167106935,32.94368079471918,-7.333079619039075,-31.26707651733101,-0.01780008145665024,0.1087348099277354,0.9939114136632681,4.143115997314453,-35.6317547061897,-8.850835507583062,-28.8720681851229,0.01784106981591395,0.06856485879104188,0.9974871209027154,3.99076771736145
gaze,288.334268,0.5041117877829255,0.4461916026012892,-4.957145853414174,65.77711245331547,769.44143808441,32.90791657310125,-7.312174138407014,-31.26977331852517,-0.02117835290135597,0.1121338592899858,0.9934674000535295,4.136938571929932,-35.68989868702677,-8.825675604604388,-28.88169559735967,0.01235163097883468,0.07168010252970787,0.9973511919647429,4.016849994659424
gaze,288.354252,0.5051729022156095,0.4447571146067414,-6.785622311857212,68.22247997691252,782.1695706158456,32.89615688601057,-7.308055843815051,-31.26812939166608,-0.02189770019412947,0.1130611078774619,0.9933467051396149,4.134712219238281,-35.72842585033677,-8.809594783889994,-28.88564517445019,0.008789122152685886,0.07381708433324025,0.9972330667363194,4.035799503326416
gaze,288.374341,0.5057271213489575,0.4439152718967209,-7.797798746700355,69.91993323006425,792.3896544542514,32.89531573084889,-7.308578753393386,-31.26544345034968,-0.02150167457775128,0.1132836919461526,0.9933299970953268,4.135266304016113,-35.75740995155353,-8.798240082908794,-28.88703698333151,0.006139489786135601,0.07535746916388687,0.9971376828233802,4.050266265869141
gaze,288.394324,0.5059793586208075,0.4434211853385056,-8.252207782419084,70.69122095764058,795.7586262740583,32.89788018092251,-7.310211530923223,-31.2624920851053,-0.02085880470759316,0.1133290457454657,0.9933385312453116,4.138797283172607,-35.77636389842543,-8.791050566880823,-28.88671709262094,0.004480947680919446,0.07639032084031565,0.9970679214525933,4.060490608215332
gaze,288.414414,0.5061468529407235,0.4435040220747015,-8.7602853731072,72.4771331235973,816.7434137300975,32.90043682691095,-7.317116232836431,-31.25911382603257,-0.02043653460997992,0.1124178570754933,0.9934508409899753,4.140342235565186,-35.79018441645142,-8.787879691321532,-28.88550705275079,0.003280487939545677,0.07681242153459435,0.9970401648363373,4.066670894622803
gaze,288.434397,0.5062095445904103,0.4435416626568695,-8.963165304814428,73.21003515761885,825.409917718988,32.90416622885905,-7.321731931274924,-31.25615313400256,-0.01988760923478848,0.1118711731737026,0.9935236905135498,4.142378807067871,-35.80009250648436,-8.785634956254803,-28.88401690096181,0.002437873880445543,0.07715653090273124,0.9970160111603018,4.07155704498291
gaze,288.454486,0.506309892260498,0.4437486105571516,-9.198165337021733,73.46942993854961,830.6339073200193,32.9053092453799,-7.325961526036271,-31.25365508625292,-0.01970239763047387,0.1113346539992862,0.9935876460315266,4.144455432891846,-35.80725005441163,-8.785464639628785,-28.88245323062117,0.001820292450221986,0.07715756203135847,0.9970172501801425,4.074851989746094
gaze,288.47447,0.5064634233558789,0.4437514973595431,-9.369804340930703,72.70450425478661,821.9903880968749,32.90653054586841,-7.327773378073667,-31.25163385883945,-0.01940246393498238,0.1111993054987421,0.9936087050996733,4.146387577056885,-35.81717884023354,-8.782984421301661,-28.8815550324998,0.0009463709569159232,0.0774180093421082,0.9969982729230363,4.075121402740479
gaze,288.494558,0.5064054857022832,0.4437810116654277,-9.387931749478636,73.60578245495475,832.5228411147136,32.91013192930923,-7.33247185721951,-31.24785287066653,-0.01887242475376476,0.1107105739656963,0.9936734878198672,4.147163391113281,-35.82350591974229,-8.782444448440291,-28.87740470474109,0.0006010106332270393,0.07769472190520715,0.9969770152688032,4.083958625793457
gaze,288.514542,0.506255912295798,0.4441841907970775,-8.939658240280929,71.69563242733872,815.390649276603,32.91360306269539,-7.335868154113783,-31.24440123895403,-0.01828409328538552,0.1104470622998309,0.9937138110955633,4.151285648345947,-35.82639902703797,-8.785494450892129,-28.87352568928472,0.0006954356031184102,0.07729389657866634,0.9970081092553903,4.081052780151367
gaze,288.53463,0.506034015293884,0.4447305144273797,-8.301823239374464,69.00651484268279,790.7200796392456,32.91763439650801,-7.339085969442221,-31.24189694193001,-0.01748966320059657,0.110147248067266,0.9937613875696409,4.155564308166504,-35.82744217391944,-8.788935781690702,-28.87063741456992,0.0009135404581317871,0.07673199067783955,0.9970513362161687,4.072994232177734
gaze,288.554614,0.5057812478260341,0.4451676531128623,-7.609443220656743,66.2181954006175,763.3839030349538,32.922429187756,-7.340480512486584,-31.24027499989217,-0.01668966585178804,0.1100794356631742,0.9937826587830122,4.159854888916016,-35.82679438305593,-8.79158127715601,-28.86879200767659,0.001271165230303572,0.0762531435861707,0.9970876803131127,4.071603298187256
gaze,288.574704,0.506302644938979,0.4448677169323711,-9.25790505969341,72.8557107210625,836.3491069346567,32.91319296587162,-7.342571682969217,-31.23756839627516,-0.01954583757539536,0.1098875962500679,0.9937518183248062,4.163301467895508,-35.82529392919384,-8.79287402544129,-28.86779425653591,0.001653015529245669,0.0760061912205113,0.9971059755290865,4.073526382446289
gaze,288.594687,0.5062192831288167,0.4451302486484378,-8.98909428231571,71.60947757647872,825.0308126557434,32.91472129221161,-7.341810026443243,-31.23652874229894,-0.01981479443675647,0.1100556162231678,0.9937278979978212,4.161781311035156,-35.8218684284452,-8.795825688729531,-28.86733155130157,0.002306378959239547,0.0754008304819258,0.9971506382581984,4.069510936737061
gaze,288.614776,0.5057429139188498,0.4454139968691335,-7.994253542876233,69.88200948942264,808.3729181564506,32.91965105030938,-7.342870994498597,-31.23723655355757,-0.01835435851258029,0.1098453661097186,0.9937792074036433,4.162772655487061,-35.81874579774429,-8.796309167495684,-28.86772680076315,0.002847917976692537,0.0752029727358456,0.9971641801904487,4.072112083435059
gaze,288.634759,0.5054788675927563,0.4454811307357345,-7.384252984834809,68.34640962196286,791.390781461607,32.92210064580367,-7.341192554668165,-31.23879423700188,-0.01762359077636895,0.1100453303042259,0.9937703126610198,4.164286136627197,-35.81610725392055,-8.795975577801842,-28.86874047309173,0.003267900518284989,0.07510411110192208,0.9971703431820427,4.07646369934082
gaze,288.654849,0.5052218695444562,0.4455955275772833,-6.924663415766457,67.94259525055783,788.0078778768461,32.9226982205731,-7.34008632692341,-31.24069975943769,-0.01732342305896243,0.1101126844549888,0.9937681297645022,4.166053771972656,-35.81164214032376,-8.796454658912772,-28.87005654644713,0.00402092455057962,0.07482020862638591,0.9971889332252253,4.073870182037354
gaze,288.674832,0.5050553490682264,0.44573696681465,-6.582161527676128,67.13664742436518,780.2193834943574,32.92270844183694,-7.338546520555838,-31.24302528349438,-0.01713113751304034,0.1102135169407106,0.9937602853863043,4.167688846588135,-35.80840114662045,-8.796741773802472,-28.8720210454593,0.004538520265884361,0.07451567011886352,0.9972095149669066,4.075908184051514
gaze,288.694921,0.5048920341078547,0.445671436557163,-6.22022612313514,66.22075488647793,768.9035016469006,32.92233499321219,-7.335025245390485,-31.24574471690741,-0.01697800812436574,0.1106560962810397,0.9937137291976852,4.167387962341309,-35.80481826193961,-8.795909005421372,-28.87434337109438,0.005105584291404079,0.07439695949601538,0.9972156363729923,4.078997135162354
gaze,288.754977,0.5048413026311104,0.4455141257872535,-6.12519668343063,66.24362602441215,767.5018449637007,32.91867027718298,-7.330855661871594,-31.24930201692918,-0.01733067781735223,0.1111060282703035,0.9936574349786701,4.164849758148193,-35.80088022681247,-8.794541870416875,-28.87711497095448,0.005676038517398022,0.07431600872866564,0.9972185885919846,4.081564903259277
gaze,288.775066,0.5051219425838879,0.4451107621668186,-6.725762669938627,68.11150958908223,784.709990800191,32.91265297020612,-7.326428599924254,-31.25031811219371,-0.01893946097016395,0.1116230910945389,0.9935701194946737,4.159382820129395,-35.79766308291395,-8.791903810517802,-28.88023543502374,0.006071405528838477,0.07442711093556362,0.9972079738914496,4.092385292053223
gaze,288.795049,0.5052435321034209,0.4450418510653755,-6.943515587407687,68.33751035704293,786.5459947726653,32.90681687299243,-7.322329377877704,-31.25326616348181,-0.01996093285316193,0.1119696064639585,0.9935111314866775,4.152150630950928,-35.79365829383556,-8.790992723170023,-28.88332765475335,0.006596328716453407,0.07420087885824793,0.9972214989780998,4.090935230255127
gaze,288.815138,0.5050691651095591,0.4450909078267366,-6.382353129328109,65.50662784183203,754.5017362942042,32.90462044520906,-7.314093092830433,-31.25833537903228,-0.01994486281177915,0.1128893007506548,0.99340737274466,4.144753456115723,-35.78784632695298,-8.791474780010383,-28.88662807369571,0.007455123532777249,0.07368275265430003,0.9972538659210083,4.085098266601562
gaze,288.835121,0.5049556512385247,0.4449704189034501,-6.039627144795137,63.91617049251787,734.9819465260025,32.90039519424042,-7.305812951986276,-31.26434537512286,-0.02012969451906382,0.1137315631478424,0.9933075691559576,4.138803958892822,-35.78249557798619,-8.79057847997099,-28.89001524688555,0.00821348141783633,0.07343963199988454,0.9972658417767655,4.084816455841064
gaze,288.855211,0.50479957531909,0.4450855830960342,-5.621574838467938,61.87621599395106,712.6771210345926,32.89837450136543,-7.299781872787337,-31.2678036379901,-0.02022495410670098,0.1144216879358692,0.9932263732711131,4.135300159454346,-35.77651147851699,-8.791657900057267,-28.89296129713791,0.009067438848336813,0.07288972820156935,0.9972987862598817,4.078972339630127
gaze,288.875194,0.5046638892587938,0.4453269283133151,-5.360140469075393,61.00446604703151,705.0005565969648,32.89590272519749,-7.297368184000559,-31.26972804251613,-0.02057204905643778,0.1146159994219914,0.993196840245738,4.132392883300781,-35.77004201104765,-8.793469258823713,-28.89546190703979,0.01000237490893068,0.07228923036030803,0.9973335548702328,4.071272850036621
gaze,288.895284,0.5044338879779163,0.445466313176355,-5.007999082654139,60.76612567315786,703.6370813154857,32.89602133079154,-7.297206556690117,-31.27142162828108,-0.02025181535202067,0.1145487920798239,0.9932111750317759,4.130682468414307,-35.76515099592812,-8.793795907419032,-28.89757301889023,0.01061077447100202,0.07205986551017515,0.997343866100244,4.070550441741943
gaze,288.915267,0.5044178432420516,0.445242440536103,-4.991090373018627,61.05954635126602,704.8528335343842,32.89264019429658,-7.294417224336717,-31.27362891960584,-0.02063429714922244,0.1148986767806951,0.9931628868696227,4.12671422958374,-35.7611468695693,-8.792765176774829,-28.89938052112055,0.01105586487213171,0.0721841572945879,0.997330043309435,4.077049732208252
gaze,288.935356,0.5043434257366436,0.4454039973146405,-4.872493315607649,60.81429624139425,703.6020701019941,32.88971112151705,-7.293706902758824,-31.275340235228,-0.02100693154980486,0.1149205574500904,0.9931525433196163,4.12293529510498,-35.75595866071947,-8.7949283326035,-28.90039800056844,0.01173243737985607,0.07181786584327014,0.9973487574859888,4.074275016784668
gaze,288.955339,0.5044320683815295,0.445329518565872,-4.991240502781933,60.72221721039537,701.7999645672169,32.88750613557432,-7.292182152721326,-31.2748648464619,-0.02171848375639696,0.1152200848016192,0.9931025322299963,4.119601249694824,-35.75280815395197,-8.796249970537977,-28.90080302961571,0.01209925115969959,0.0717219781122226,0.9973512751167687,4.074933528900146
gaze,288.975428,0.5044367034834193,0.445638403686578,-5.057687727831347,61.15657063389471,709.8487721366582,32.88508046236188,-7.295460097118374,-31.27420109060968,-0.02231561335417727,0.1147568417515054,0.9931429306357907,4.117356300354004,-35.74912155905567,-8.799667743508698,-28.90047069168203,0.01262226100675173,0.0713350936359037,0.9973725396976971,4.071190357208252
gaze,288.995412,0.5043799828757416,0.4457373158138778,-4.971544025480959,61.05241039590138,709.6226754004167,32.88416263726143,-7.296260854031306,-31.27371169662676,-0.02260239429038806,0.1147476799947118,0.993137503927917,4.116187572479248,-35.74596571573696,-8.802075473432991,-28.9001211704348,0.01313604297677212,0.07112542808596908,0.9973808790299221,4.070940971374512
gaze,289.015501,0.5044278320871884,0.4457592983052904,-5.051410924741253,61.12871911774403,710.7191160949567,32.88245891853425,-7.29688278660111,-31.27321731342174,-0.02302432975326043,0.1147576000149853,0.993126665374671,4.113375663757324,-35.74475526953145,-8.803678553119164,-28.89954541548032,0.01335935948328656,0.07104744022240342,0.9973834712647088,4.071398735046387
gaze,289.035485,0.5045163897928516,0.446402795855504,-5.19731943789715,60.67601983609514,711.8076763960642,32.88180651466558,-7.303939462278553,-31.27185100954933,-0.02325384548393373,0.114013831999541,0.9932069798299797,4.114630699157715,-35.74345846146321,-8.809970716355908,-28.89855262499624,0.01321051207202817,0.07033413803967024,0.9974360086727425,4.072620391845703
gaze,289.055573,0.4965254151620431,0.4944514079063776,6.369276635122453,19.52607307361557,701.4776133094417,33.0480233559832,-7.646545244526678,-31.41478632350817,-0.01412931784033293,0.06092375404903352,0.9980424132119535,4.086177349090576,-35.39459926241705,-9.274053205025695,-28.88264557791123,0.03477909486961149,0.01542345060684091,0.9992760037804516,3.992220878601074
gaze,289.075556,0.4811348127105629,0.5755607426583357,27.65675284474339,-46.69798616302302,682.3449757717619,33.3117069084401,-8.41228194174651,-31.71934513542701,0.001450942293339142,-0.03408473851205878,0.9994178932593842,4.097550392150879,-34.8503231446891,-10.02854181432058,-28.95840744934348,0.07808243805348582,-0.07076819579769564,0.9944319963331644,4.109693050384521
gaze,289.095646,0.4801849811983476,0.6332709689035138,21.03365868761405,-68.6160482090258,503.1702421299831,33.5488844399596,-8.718576630221019,-32.37544439890472,-0.01783249249837511,-0.09285749071413127,0.9955197078057121,4.206599712371826,-34.53799057113275,-10.58609906194159,-29.05347048991257,0.09786561394167839,-0.126141255286171,0.9871730878233297,4.081057548522949
gaze,289.115629,0.4798191700482554,0.6536828979569045,18.56300771104073,-70.33713971401336,438.6801689219996,33.65003943311724,-8.828503771847998,-32.63387498217252,-0.02714390489688171,-0.111129613748163,0.9934351601262829,4.251783847808838,-34.44787956694526,-10.80014312542816,-29.10325549269288,0.1071360390743687,-0.1437634360477378,0.9837956818299232,4.064585208892822
gaze,289.135718,0.47977836964691,0.6626631445227674,17.17947819032749,-69.41428793544958,406.232252690762,33.7240978147745,-8.857489841716925,-32.72433618079728,-0.03272951684918926,-0.1176284002560712,0.9925181802768231,4.247819423675537,-34.43757186936669,-10.88912906644893,-29.12362035731891,0.1121250446733846,-0.1513605814739838,0.9820987469357901,4.060160636901855
gaze,289.155701,0.4805887079384382,0.6696396155594881,15.56645846435793,-68.8045413964765,384.302619352537,33.76464562164942,-8.861571873209172,-32.75963737218247,-0.03644690369613106,-0.1190856129735749,0.9922148154475788,4.243113994598389,-34.45009549063433,-10.94693573113088,-29.09607730232515,0.1122678587739766,-0.1608226339824761,0.9805773851589915,4.036374092102051
gaze,289.17579,0.4802943560096801,0.6699271649244979,15.34563415639979,-66.94509802089755,373.2015244156603,33.78214449784257,-8.860944266172488,-32.77323988485923,-0.0380995399455966,-0.1179129787165415,0.9922927766068472,4.233986377716064,-34.45967179232577,-10.94981060340084,-29.123454346852,0.1148926860421989,-0.1605605085670287,0.9803162723237364,4.039124488830566
gaze,289.195773,0.4798992851586167,0.6703882003861265,15.26651719849194,-65.49430972347993,364.0004813291827,33.79139660550712,-8.859828862480416,-32.78278144519123,-0.03922506341846541,-0.1170576562756233,0.9923501899566884,4.227905750274658,-34.4673757304671,-10.94890315410515,-29.13994660263849,0.1173907400627577,-0.1606166726248035,0.9800110706632119,4.037842750549316
gaze,289.235846,0.479667757462401,0.671468290210251,15.37200873331684,-65.67405255934975,362.4392363986445,33.80290769178605,-8.858888839165894,-32.78620211902901,-0.03994535548617209,-0.1192266815010372,0.9920631869963394,4.228553771972656,-34.48061366371298,-10.94532666121305,-29.14706768143785,0.1189330393367636,-0.1603911353475751,0.9798620391953329,4.035992622375488
gaze,289.255935,0.479175783674272,0.6722599649569957,15.6877019544116,-65.78630764433129,361.1885927723062,33.81803234788832,-8.860427721261498,-32.78566236473981,-0.03971795665704339,-0.1205490147670506,0.9919125056967891,4.226053714752197,-34.48887365304614,-10.94423354053419,-29.15181920481125,0.1205011750137312,-0.1604664653249128,0.9796580935849195,4.030155658721924
gaze,289.275919,0.4802298478180357,0.6752698863116922,14.9486775837715,-67.3770879636201,362.9354879024534,33.81451031139844,-8.872896758343746,-32.7854075689295,-0.04065722789836843,-0.1227443008539075,0.9916051766845037,4.227249145507812,-34.53326939577691,-10.97007100813608,-29.1430627110078,0.1175048928147252,-0.1648089014797241,0.9793010906547824,4.024152278900146
gaze,289.296008,0.4848022308325443,0.6806102129319096,11.85698828908474,-72.09285468406935,375.8549417327973,33.75999739857365,-8.90060365929055,-32.78207778245621,-0.04368628736631537,-0.1259208662095641,0.991077920119897,4.233064651489258,-34.64264942569755,-11.05089798010981,-29.10373366060664,0.1035900283118264,-0.1750381499967469,0.9790969063785625,3.994514226913452
gaze,289.315991,0.4858564960274041,0.6802964956580381,10.95364000000141,-71.45793966677326,373.3013868931868,33.74783112868157,-8.909524947402303,-32.77478904149886,-0.04589178504846966,-0.1248455042390787,0.9911142941842556,4.219916343688965,-34.68911374550562,-11.07041495557814,-29.11490169513433,0.1019423932194694,-0.1748945363839773,0.979295486361354,3.983479261398315
gaze,289.336081,0.4876268583227247,0.6810451032933735,9.634781878709157,-72.28563693753638,375.9716144362305,33.7314231322098,-8.921639569285063,-32.76767830732943,-0.04774112996635626,-0.1248255496573753,0.9910294479289048,4.213899612426758,-34.72985561985536,-11.10198898177497,-29.09895178083973,0.09721330274136217,-0.1768846804286839,0.9794189009814743,3.968403100967407
gaze,289.356064,0.4886279095276473,0.6811827084643531,8.81631984261068,-72.09586891614929,374.7088800752881,33.71000673025667,-8.935747853708026,-32.76103155813154,-0.05026126328246094,-0.1252189113364999,0.9908552011555236,4.208572387695312,-34.74590202178825,-11.11232444141178,-29.0906546810774,0.09603046674534943,-0.1764636016200988,0.9796115284948077,3.961225748062134
gaze,289.376153,0.4894068045229681,0.680251518413737,8.257629491392063,-72.10400814374854,376.9186805247164,33.68755229372832,-8.953442541672597,-32.75382213109348,-0.05262775785195307,-0.1261615334482489,0.9906127328989178,4.203709602355957,-34.75899897092265,-11.12295319506232,-29.07265243976089,0.09556702780382971,-0.1739021178776114,0.9801147874582975,3.945861101150513
gaze,289.396136,0.4899969783629767,0.6805786843013166,7.73294018597657,-71.71160971291155,374.1402617814166,33.66328279735455,-8.970752614911028,-32.74768725139953,-0.05534676742854973,-0.1275765287745479,0.990283274947652,4.198796272277832,-34.76135756933187,-11.12706552586081,-29.06316805162016,0.09611434450962418,-0.1725633408962974,0.980297876238745,3.941154479980469
gaze,289.456298,0.4907515844178286,0.6814030552118883,7.0994814727975,-71.67706195549405,372.1132742282813,33.63766599530532,-8.989860033779213,-32.73922520767434,-0.05792933104185874,-0.1293016830307221,0.989911747263596,4.19588565826416,-34.76632966274376,-11.13084954744821,-29.05665040838113,0.09589998273933417,-0.1720856045046767,0.9804028447698708,3.935487747192383
gaze,289.476281,0.4914560807681516,0.6821641175576497,6.481795368175561,-71.28375115848755,368.3921083353777,33.60922047673569,-9.00816336531068,-32.73108979979425,-0.06050257835480256,-0.130421227839311,0.9896109040129397,4.191713809967041,-34.76887617740552,-11.13250367815679,-29.05222331754769,0.09587645855043528,-0.1717522063015489,0.9804636068342246,3.931802749633789
gaze,289.49637,0.4920514480312368,0.6831701932991907,5.931260508950134,-70.6768571895422,363.0655863433517,33.58145783299582,-9.02555656961643,-32.72770907574904,-0.06317785696444474,-0.1315647833016325,0.9892923057338385,4.1916823387146,-34.76330624976946,-11.1320517553006,-29.04944886906174,0.09635263552181361,-0.1715671764365483,0.9804493222995214,3.93198299407959
gaze,289.516354,0.4903888344540779,0.6872683308506348,7.276164102688565,-73.42248107236001,368.0320628101435,33.63056867880618,-9.021951291744578,-32.76833016419788,-0.05983018723922462,-0.1378123855663266,0.9886496321141468,4.199734687805176,-34.72383815058973,-11.12956806920021,-29.05346262414381,0.09894819329133242,-0.1748471740536675,0.9796110048227449,3.938900947570801
gaze,289.536443,0.4869225186642331,0.6874569164595601,10.1006345300294,-74.67018908847899,373.7444648182203,33.72523065173443,-9.004127652955233,-32.81336166021539,-0.05313523999397472,-0.1404224766079814,0.9886648442895416,4.207346439361572,-34.67539263995557,-11.11656889021656,-29.06770705234887,0.104995639771411,-0.1738457769476457,0.9791596200142558,3.944933414459229
gaze,289.556426,0.4869944687850459,0.6860915616026971,10.41157771596234,-76.73406012785111,387.1770339631936,33.7579941409087,-9.002117924168788,-32.82506589256238,-0.05119578947019854,-0.1416431346529607,0.9885930474903242,4.217648506164551,-34.69831706061983,-11.12206652960966,-29.05905249809284,0.1028354897033918,-0.1722950951879832,0.9796628308921532,3.940133571624756
gaze,289.576516,0.4852917500807624,0.6869481153466365,11.40740407774492,-74.64551179520052,374.6776098122235,33.76961127634141,-8.999021033694692,-32.8235963745315,-0.05052517467223039,-0.1412569809534363,0.9886827964803784,4.224483489990234,-34.64939735665643,-11.11067776493385,-29.06700063086698,0.1083969862187715,-0.1721679693536457,0.9790854322822549,3.951949596405029
gaze,289.596499,0.4846177826456158,0.6869201994515154,11.73125911283754,-73.3565219957851,368.2430289477394,33.772858994432,-8.994007643495863,-32.81655291006301,-0.05033964871526074,-0.1399126119158587,0.9888834010105068,4.231633186340332,-34.62686093420844,-11.10662704770775,-29.06902515355689,0.1106623379828196,-0.172224657781138,0.9788220033307109,3.959589958190918
gaze,289.616588,0.4841618677113464,0.6869789084519892,11.99420642693335,-72.84884627964632,365.5514762593581,33.77439017503074,-8.99712354754023,-32.80757579634485,-0.05004581248153338,-0.1396263727722919,0.9889387709456618,4.23780632019043,-34.61336004218818,-11.10405214392859,-29.06905352224732,0.1120330033610991,-0.1720977267107457,0.978688397100367,3.96748948097229
gaze,289.636571,0.4840796433596046,0.6863226493250986,12.14514975513893,-73.08066563957671,368.1317937007644,33.77657073560248,-9.002468761037287,-32.79503562704056,-0.04935838893540958,-0.1392879381548625,0.9890210410938021,4.24366569519043,-34.61721300536605,-11.10674986189599,-29.06688248564183,0.1116939028475307,-0.1715815099272158,0.9788177856566477,3.96871542930603
gaze,289.656661,0.4785276135294974,0.6838130753247583,18.36105428173899,-80.4761432765147,411.2402052808945,33.73721632321772,-9.159214733729149,-32.48094789883488,-0.03036356259318451,-0.1413692877833947,0.9894911715312399,4.238688468933105,-34.59390024222993,-11.1045307906254,-29.06980174845447,0.1141488486619592,-0.1718520861492706,0.9784870468408322,3.982990741729736
gaze,289.676644,0.4759351592275951,0.6826277412435723,21.77127866088998,-84.47203851188276,434.6236734461185,33.72034724633979,-9.233833203795886,-32.33819869351318,-0.02163210004321186,-0.1427142124831576,0.9895275164456179,4.237454414367676,-34.58238015226495,-11.10607133922038,-29.07118830791285,0.1155711008045723,-0.1715241088499244,0.9783776370819496,3.993105411529541
gaze,289.696733,0.4776298645165545,0.6856288610840579,18.5040829676426,-78.71757140378682,397.8903381760547,33.74285554687295,-9.154736840575804,-32.48578522638478,-0.03056632095262425,-0.1408849315280767,0.9895540086785312,4.247515678405762,-34.56243868982222,-11.10767233165553,-29.06188093668841,0.117489515820078,-0.1739091020819524,0.9777278956260852,4.000099182128906
gaze,289.716716,0.4820315757110392,0.6501095834825101,14.00111968362107,-57.93968025794595,371.170511355472,33.75058278082317,-8.599927357589852,-32.66908743509725,-0.04418600583007448,-0.1017131802101225,0.9938319907611788,4.305506706237793,-34.57757081318289,-10.67359581196187,-29.05104247582732,0.1153748535033208,-0.1359757818847106,0.9839711529917576,4.015694141387939
gaze,289.736806,0.4752522891177561,0.5866936834072669,31.73869295334095,-49.1377465773143,601.6068695137376,33.50766308522009,-8.345774175337466,-31.91369772309084,-0.001195083632285418,-0.05457924193299243,0.9985087271151574,4.234159469604492,-34.59825175854638,-9.963697258373783,-29.05304396379366,0.1028251647928276,-0.07133266176187449,0.9921384161755323,4.061317443847656
gaze,289.756789,0.4756001171801868,0.5270099206177709,39.72283491881663,-8.410448886195221,752.0271721419622,33.38786358949347,-7.758975396743504,-31.68858101617448,0.01569633096579734,0.01622143544245547,0.9997452126549037,4.216628074645996,-34.7036732996985,-9.368427443996659,-29.06168005643708,0.08726903986019889,-0.01581241260625009,0.9960592764938485,4.09882926940918
gaze,289.776878,0.4761918843822431,0.499454434186941,40.17336496647668,16.62915025883093,773.3330039461637,33.32809366284165,-7.50113876125377,-31.56300498184812,0.02244840181648432,0.05036852421957953,0.9984783828525421,4.225955486297607,-34.79662005974327,-9.086126904940551,-29.06000278856866,0.0790810037811442,0.0115338395789312,0.99680146738733,4.052067279815674
gaze,289.836934,0.4782719859677404,0.4822289411795675,50.28052170553797,44.20941038846864,1052.125722837759,33.39259777267667,-7.456982190789247,-31.44746983653677,0.02416606313989036,0.06202280444455001,0.9977821270804325,4.269082546234131,-34.98844603449078,-8.978641647092275,-28.98474598843583,0.06995272537685521,0.03460993873291709,0.9969497321095252,4.077047348022461
gaze,289.857024,0.4790600123191048,0.4771072153703979,47.49151154123997,49.48304835606579,1028.105951352624,33.41897139525594,-7.426266505515034,-31.39520713097703,0.02291252093007514,0.06877647267049981,0.9973689453715877,4.338973522186279,-35.06127608577611,-8.963071201798567,-28.94652562273921,0.0681130861869402,0.03992339518716269,0.996878493100749,4.086735725402832
gaze,289.877007,0.4788993899088244,0.4758887881216952,46.49429831850316,49.51943178736293,998.8182256983287,33.44275761472165,-7.417882473078821,-31.37016630266547,0.02378392966684244,0.0712409116136988,0.9971755398133529,4.340799808502197,-35.09214278054525,-8.970221641350562,-28.92317436796209,0.06789910872664737,0.04061429678283011,0.9968651814217223,4.090414047241211
gaze,289.897095,0.4785109080686988,0.4750498635690292,48.84303330300565,52.12886510160548,1030.832894082634,33.46173876040367,-7.424743738444194,-31.35373300409544,0.02519877724380016,0.07153224421750111,0.997119932436728,4.334429264068604,-35.10653004131363,-8.972882527504632,-28.90762543236766,0.0681226568688087,0.04185621630213775,0.9967985557664112,4.095835208892822
gaze,289.917079,0.4782585900015875,0.4742174335301407,50.92343267846299,54.77960956452511,1062.52104313239,33.47520125843434,-7.433362762885068,-31.3415678652221,0.02662777688366321,0.07197763918455861,0.9970507414147244,4.333105564117432,-35.11748373471728,-8.974726959590827,-28.89574082622381,0.06777793021933756,0.04296534448503991,0.9967748649261098,4.099347591400146
gaze,289.937169,0.4781263529674495,0.473722135767683,51.67194242656151,55.88417246005716,1071.734334906546,33.48545698831919,-7.440237480330197,-31.33204763186737,0.02763418638340159,0.07255595472288984,0.9969814367264705,4.34389066696167,-35.12598315215385,-8.978638470184718,-28.88619116198031,0.06733319283233849,0.0434322748580512,0.996784770471368,4.100784778594971
gaze,289.957151,0.4779660010783433,0.4735202030388194,52.00713636678692,56.10504539029633,1071.092150503512,33.49527666387582,-7.445196134670359,-31.32733090355272,0.02851075938261297,0.07295642570345079,0.9969275282326211,4.347575187683105,-35.13169303279596,-8.983513461457942,-28.87851136270226,0.06711375885177788,0.0435068383441407,0.9967963174039531,4.099716663360596
gaze,289.977241,0.4778934890978854,0.4732288004493558,51.85484775691923,56.12810705359071,1064.506378455972,33.5022023119089,-7.447379098898125,-31.32476107102535,0.028961839987811,0.07351834835906694,0.9968732438374878,4.359124183654785,-35.13602825065294,-8.987035079523574,-28.87224133616325,0.06695629533829671,0.04369052001618342,0.9967988728802246,4.098834991455078
gaze,289.997224,0.4778061827183647,0.4727756839704099,51.77132034648517,56.38866418766312,1058.644042437401,33.50966437887126,-7.447755562452035,-31.32284727742814,0.02954221006532093,0.07425560626878987,0.9968015663922841,4.37324857711792,-35.14005238220141,-8.98889187884498,-28.86714984693406,0.06673324614544476,0.0440598992838804,0.996797571793785,4.096823215484619
gaze,290.017313,0.477685409149648,0.4725118270875367,51.85876740215132,56.51543968175751,1054.844781790062,33.51489050669329,-7.448693732473889,-31.32173446854004,0.02991427164911281,0.07466712272659526,0.9967597288892819,4.382791996002197,-35.14173293195436,-8.99087393969347,-28.86306755418999,0.06685291476379009,0.04429530990719922,0.99677911961869,4.093968391418457
gaze,290.037296,0.4774748076626258,0.4724102165645431,51.45494517743256,55.69173518067785,1037.204721289773,33.52490690847724,-7.451137877807035,-31.3181565273857,0.03063404985959298,0.07522932646624636,0.9966955921587267,4.393065929412842,-35.14531598704715,-8.997341963098425,-28.85553741805648,0.06696929637982264,0.0441664139781991,0.996777026831326,4.091890811920166
gaze,290.057386,0.4773473562667833,0.4723043353192658,52.25771137642504,56.38291713745068,1047.663433033353,33.53428463791246,-7.458508079400259,-31.31394951800793,0.03133989919333344,0.07518101725944358,0.9966772924885904,4.387066841125488,-35.15032021732267,-9.00224506562093,-28.84800259303584,0.06679704059422317,0.04434577456288004,0.9967806216245739,4.087061405181885
gaze,290.07737,0.4771985810083972,0.4718745939816019,54.1642559151552,58.61611949482577,1078.951485229217,33.54303602685385,-7.466420354821352,-31.31034112230727,0.0321357105639614,0.07507094080844447,0.996660248004647,4.380475997924805,-35.15426204561349,-9.003217141331792,-28.84213661052184,0.06665369786487224,0.04510377087113312,0.9967562061076635,4.08261775970459
gaze,290.097458,0.4772621907631011,0.4719338510079815,54.67968603803465,59.25810218295267,1092.163471766925,33.54923610752729,-7.473488465236232,-31.3085190965575,0.03260322355686446,0.07480801391198723,0.9966648337672224,4.370805740356445,-35.16017478476745,-9.007112390325762,-28.837510227117,0.06594199357879584,0.04510517528520191,0.9968034794508622,4.073783397674561
gaze,290.117442,0.4772025200623969,0.4720628008563962,56.08542061320762,60.45792599461401,1117.464411529501,33.55422393204928,-7.479646836674528,-31.30887978501068,0.03287943353421025,0.07418625724117597,0.9967022334112708,4.354445457458496,-35.16157521063875,-9.009783683571744,-28.83465733190153,0.06593381081586273,0.04517702109536627,0.9968007671326536,4.06617259979248
gaze,290.137531,0.4772613720908839,0.4722653534754353,57.51035204285725,61.87561487444171,1148.768079399869,33.55568625287717,-7.485853092609398,-31.3101357574812,0.03263455745936834,0.07334912978607847,0.996772236179889,4.326784133911133,-35.16211419548,-9.011784480534374,-28.83292717682923,0.06596685761604307,0.04525218122461769,0.9967951714322653,4.054210662841797
gaze,290.157514,0.4774255149560608,0.472474482559301,58.51055151299546,63.10541517530009,1176.97612179222,33.55603539357069,-7.491796197605642,-31.31019078319166,0.03238350499661174,0.07260802136158223,0.9968346823009774,4.299534320831299,-35.16448355985926,-9.013534756306026,-28.83206426033758,0.06557199501453882,0.04526379701549051,0.9968206970912842,4.038761615753174
gaze,290.177603,0.477487017680897,0.4727959849250807,60.32297583681697,64.77208392796412,1216.726013810923,33.55782208351806,-7.499476213303082,-31.30985991856441,0.03247483531639252,0.0715751368867415,0.9969064072674112,4.262933731079102,-35.16608563863203,-9.015212441323952,-28.83182824242176,0.06526056045842481,0.04521633093773225,0.9968432889201703,4.020316600799561
gaze,290.197587,0.4775184046850627,0.4733863842460363,62.04615853553288,65.84189387635293,1253.366509109626,33.55941848684382,-7.50866628358551,-31.30929292663036,0.03259478382601853,0.07031301366586867,0.9969923069796268,4.222342014312744,-35.16694195028074,-9.018443278634928,-28.83195675525503,0.0650326994704424,0.04482223680991927,0.9968759777860748,4.003086090087891
gaze,290.217676,0.4775973127927525,0.4738631733472318,63.84416255681464,67.25500222333952,1294.221212880643,33.56082461691305,-7.517158472936286,-31.30874499099665,0.03271009777942361,0.06916400158333129,0.9970688995191063,4.179570198059082,-35.16855490213165,-9.02089347014778,-28.83229220817628,0.06461875990540274,0.04456128327833499,0.9969145940856098,3.985353946685791
gaze,290.237659,0.4777378638389359,0.4743588509483144,65.23446633063507,68.36371880326294,1330.605349277436,33.56121053626185,-7.525248923539506,-31.30819420996054,0.03268162064872215,0.06809351174110119,0.9971435129060098,4.139500617980957,-35.17068582076534,-9.023571356358856,-28.8327441380028,0.06408976603133451,0.04422996005988378,0.9969634960835576,3.967521667480469
gaze,290.257748,0.4777088914464549,0.4745052839560835,67.53051860869567,70.44378141321586,1375.775797290463,33.56416043630998,-7.531383773517236,-31.30795413854157,0.03308866798156519,0.06734197287679014,0.9971811263457946,4.110079288482666,-35.17125306504084,-9.0240265467444,-28.83338847125161,0.0638311011711412,0.04433014111411054,0.9969756411829142,3.950751304626465
gaze,290.277732,0.477787894218552,0.4748268843025113,68.68575260536508,71.36428676653644,1404.21626398791,33.56501580895554,-7.537246724126764,-31.30760908089581,0.03313278098643394,0.06662442347488672,0.9972278601306444,4.087024688720703,-35.17225370344455,-9.026110905258523,-28.8338273190783,0.06347549599419648,0.04412280188890795,0.9970075424798766,3.931562185287476
gaze,290.297821,0.4777479802473063,0.4748494753476048,69.71110371289797,72.26596260318668,1422.732787699177,33.56558335891928,-7.540901697934274,-31.30706540118922,0.03313136051681983,0.06631353996886379,0.9972486286614299,4.067076206207275,-35.1705234045298,-9.026318646071248,-28.83447663730352,0.06365154038980753,0.04426262239914849,0.9969901211468223,3.915695190429688
gaze,290.317804,0.477873159568685,0.475143783799048,69.01442301880303,71.44525711004098,1416.281722458228,33.56717395147416,-7.541193672970015,-31.31153402895515,0.03286488585753616,0.06606621743605495,0.9972738611791965,4.052608489990234,-35.17103759796229,-9.029276519125935,-28.83487821972764,0.0633912738658353,0.04387672130191608,0.9970237608630302,3.897137880325317
gaze,290.337893,0.4777535387331925,0.4754550889911488,69.35379509054422,70.90388093543956,1416.020314586548,33.56980950535075,-7.544589774654887,-31.31170428342852,0.03309439016614102,0.06570533583772507,0.9972901133481586,4.039535999298096,-35.16884592480523,-9.032341814554789,-28.83518401698996,0.06364444474124198,0.0435163015209812,0.9970234280875823,3.883217811584473
gaze,290.357876,0.4774818426496339,0.4758055300971409,69.96037103625271,70.10512197289991,1411.982225559016,33.57409604195699,-7.548953512460199,-31.31013859522043,0.03365157820498436,0.06535456923756655,0.9972945159600979,4.028798580169678,-35.16498216967718,-9.03627745329343,-28.83484919886405,0.06419048725215061,0.04307377530921631,0.9970076384997975,3.872779369354248
gaze,290.377966,0.4772871098974618,0.4760889604419964,70.07454837893567,69.16761634057966,1402.740339077576,33.57780004769549,-7.553332614148417,-31.30718029512078,0.0341060281954686,0.06517328932346561,0.9972909410996823,4.02086353302002,-35.16210527983442,-9.04036834366823,-28.83404287981251,0.06452100128766683,0.04265550918603003,0.9970042868157176,3.865105152130127
gaze,290.397949,0.4767700530949954,0.4763842283014599,73.52915276152854,70.5082116968722,1440.487330235188,33.58992295757619,-7.569755948002974,-31.29080526721042,0.03580037592303436,0.06448303477532978,0.9972764267292862,4.013391017913818,-35.15841346724846,-9.043991470710717,-28.83282394537998,0.06496777183371251,0.04240897728152639,0.9969857909062184,3.85884690284729
gaze,290.418039,0.476481537142019,0.4766193898746133,75.7127609200971,71.33070350766276,1465.841298339915,33.59641363567568,-7.579604808801336,-31.28218172843228,0.03668462199399791,0.06395477858457214,0.9972783086006413,4.006625652313232,-35.15536167174124,-9.047395716505347,-28.83127150780847,0.06527986989832087,0.04223086047538945,0.9969729650344419,3.852820634841919
gaze,290.438022,0.4762796817137921,0.47680734556608,78.31936701854653,72.84304428519664,1503.955565527414,33.59914347496191,-7.58838120020694,-31.27644750754566,0.03698250036448385,0.06321895239664518,0.9973142226623772,4.002030849456787,-35.15097921942953,-9.049750102511535,-28.82964243998887,0.06583226435104214,0.0423016902146213,0.9969336387018951,3.846388816833496
gaze,290.458111,0.4761029220738501,0.4770096242572254,78.91729765894475,72.51258592928119,1504.719985282063,33.60240899199071,-7.592871208807762,-31.27266262316811,0.0374031392442895,0.06299156074842154,0.9973129240359568,4.000221729278564,-35.14798992064224,-9.0538435062093,-28.82765406932429,0.06613273266072218,0.04205253565358527,0.9969242929711011,3.841451644897461
gaze,290.478095,0.4759422195292516,0.4773008963429204,79.0406553999742,71.64008011959635,1497.486423462686,33.60510840058099,-7.596982035386475,-31.26945937633722,0.03770563329414375,0.06273711412148443,0.9973175721552265,3.998121023178101,-35.14488535131132,-9.058531621188296,-28.82556751221271,0.06647761360395919,0.04167134610614563,0.9969173615717727,3.837555170059204
gaze,290.498183,0.4757867058619428,0.4777021511126264,78.79981253379927,70.27383293871814,1483.837460440187,33.6079722711011,-7.601068284608034,-31.26636412054728,0.03803278619461547,0.06244863691192987,0.9973232549791049,3.996163368225098,-35.14205767556322,-9.064134832086308,-28.82334231914565,0.06676924714902567,0.04110872415299888,0.9969212308069606,3.833292722702026
gaze,290.518167,0.4756691175887869,0.4778617399254346,78.11830516480273,69.06285527428848,1464.211145992526,33.60747767818555,-7.605448424190548,-31.25917914847922,0.03818251939529721,0.06249178790122659,0.9973148307618492,3.991639614105225,-35.13980870140855,-9.068031862412763,-28.82136754646602,0.06708445020201473,0.04081479227420112,0.996912147218955,3.829834699630737
gaze,290.538256,0.4869344135557752,0.4747605176090134,26.00487371698902,44.90676504497044,879.2371744998088,33.37989561735601,-7.546291127394335,-31.24857647105314,0.02268574683947805,0.07255439318222791,0.9971064220635097,4.008737564086914,-35.39838817299869,-9.02374354437598,-28.87184069290053,0.03659881338379424,0.04417151576977271,0.9983533462925335,3.839349508285522
gaze,290.558239,0.5043094545999012,0.4670576013771987,-5.594933518286519,47.91239929628115,790.85155856191,32.95091051419928,-7.455163800350196,-31.28470195324445,-0.01734013616935676,0.0865908020297069,0.9960930441888851,4.051033973693848,-35.70427609548288,-8.95128704025626,-28.96148732435061,0.007128666811237843,0.04970301414890898,0.9987386006828852,3.889242649078369
gaze,290.578329,0.5110091901242783,0.4642457384650271,-16.6299065193374,50.20826868069319,783.7221094409294,32.78338896325359,-7.428366322138718,-31.29945650039525,-0.03243713102134064,0.09070385425597265,0.9953495081398372,4.067700862884521,-35.85647750798057,-8.916374501869447,-29.00033917689961,-0.004482086945452101,0.05224592197979232,0.9986241908411266,3.899886608123779
gaze,290.598312,0.5136276517216624,0.4640077373660313,-19.08050175249338,45.92247271202984,713.1058202311032,32.72254700874921,-7.41357551902687,-31.30229745744612,-0.03784627698477255,0.09319472462726043,0.9949283404446981,4.0782151222229,-35.92223132651073,-8.913330105972863,-29.00653839874073,-0.00896616136973519,0.0517667711089435,0.9986189510314964,3.895134449005127
gaze,290.618401,0.5148641947622723,0.4647243675538719,-19.60495673997947,42.41815392596266,667.2992814753696,32.7002348606736,-7.410519903609991,-31.29888376961046,-0.04008407157156098,0.09389271953500372,0.9947750622249067,4.080306053161621,-35.95536434287606,-8.919943786450853,-29.00122189685925,-0.01121683044879304,0.05056057238833121,0.9986580051421245,3.888104915618896
gaze,290.638384,0.5154406630179302,0.465340972162624,-19.76747010135254,40.5899449932658,645.8977540290346,32.69134101956849,-7.411073521635693,-31.29359659017202,-0.04139439416337348,0.09408997468151609,0.9947027600224496,4.079911231994629,-35.97135511163276,-8.927382836344881,-28.99285000843503,-0.01196950354339924,0.04955054493355556,0.9986998921005811,3.880006313323975
gaze,290.658474,0.515763542585837,0.4658936411799929,-19.67115849134107,39.09382353207075,628.6204008862151,32.68928877347526,-7.412941157275164,-31.28761985044559,-0.04199705902570442,0.09414742307666454,0.9946720614158292,4.078821659088135,-35.981748515269,-8.934028088317346,-28.98410567232457,-0.01245555591685826,0.04874377200941497,0.9987336500874977,3.872030258178711
gaze,290.678457,0.5159921687616521,0.4661166999093181,-19.48220125905693,37.96623313756039,613.0676342670092,32.69065063555344,-7.413783650885671,-31.28189938626792,-0.04214937236775882,0.09440351934654691,0.9946413453823394,4.078073501586914,-35.99049947472223,-8.937860753907868,-28.97593967070583,-0.01302347110136709,0.04845257330382284,0.9987405755954394,3.866228103637695
gaze,290.698546,0.5161030326903222,0.4662810883766721,-19.43741812265933,37.48204417750746,607.149870474786,32.69314793914062,-7.416083047448341,-31.2764947348101,-0.04212171085485315,0.09435166038694104,0.9946474378677541,4.074018001556396,-35.99691125520066,-8.940428126008861,-28.96902536362323,-0.0134190215168221,0.04832519832680646,0.9987415106363638,3.861604690551758
gaze,290.718529,0.5162112433074595,0.4662440819785001,-19.35529732012296,37.08677504737717,600.2979513314688,32.69759221809737,-7.410588652747787,-31.2813695493909,-0.04239801689665011,0.09471816107772471,0.9946008637263924,4.073357105255127,-36.00112042215128,-8.942583744277437,-28.96234866877731,-0.01348472346058743,0.04824908031976977,0.9987443058568534,3.856062412261963
gaze,290.738618,0.5162097364995334,0.4661723309794287,-19.53412148687843,37.48566015651564,605.9156949135672,32.70080289692066,-7.411951762618212,-31.27975259674961,-0.04227840525832588,0.09449802086263229,0.9946268951229191,4.070678234100342,-36.00507534423257,-8.942738975274194,-28.95709351752532,-0.0136715521324567,0.04846186445133437,0.9987314635857779,3.852202653884888
gaze,290.758602,0.516263558333556,0.4662019452748262,-19.52535640764818,37.31598164671288,603.5074107244227,32.70335671685222,-7.41316104567209,-31.27461380327099,-0.0423587929591057,0.09455951900608425,0.9946176300591026,4.068143367767334,-36.0094202485992,-8.944476824652543,-28.95069863561896,-0.01377359717462312,0.04841462751220804,0.9987323524667284,3.846573829650879
gaze,290.778691,0.5164832982979607,0.4664101553555491,-19.18037416555235,35.99279555199539,584.4142211569272,32.70663779150014,-7.412812820568942,-31.26850042957619,-0.04240632105830973,0.09496471606061638,0.9945769988481667,4.065714359283447,-36.01656966315534,-8.947647685683815,-28.94332236538832,-0.01434561496338062,0.04816001371556167,0.9987366101281356,3.842771768569946
gaze,290.798675,0.5166884558867492,0.4664599021362001,-19.26876943136752,35.65416355048815,579.4369229016434,32.70772689929168,-7.414351874880338,-31.26255618655611,-0.04269448476617149,0.09507518533594589,0.9945541162269084,4.061574459075928,-36.02263807668939,-8.949177179931954,-28.93700730656496,-0.01480154952556794,0.04811380999496608,0.9987321840310397,3.840436935424805
gaze,290.818764,0.5167466941928764,0.4663412443156418,-19.38372521770946,35.81836971506623,580.7597581660657,32.70793061499035,-7.415135343332331,-31.25800077179018,-0.04300222575916825,0.09526066023129573,0.9945231094308745,4.058126449584961,-36.02530562906522,-8.949617932694547,-28.93219905468799,-0.01473843441096916,0.04815402912258982,0.9987311790619007,3.83574914932251
gaze,290.838747,0.5168444292817731,0.4661579142065034,-19.31608669309774,35.60207787350684,575.1967803900295,32.70837464777541,-7.414167813497624,-31.25475880449324,-0.04310569693928724,0.09567443969748171,0.9944789090171552,4.056256771087646,-36.02871344220153,-8.948874513726679,-28.92869302314164,-0.01493679074569442,0.04833878286301275,0.9987193070896058,3.834014415740967
gaze,290.858836,0.5168077100240059,0.4659146266672297,-19.36705884471536,35.94830731737975,578.087870201969,32.70920398315989,-7.414196647203619,-31.25246397779576,-0.04303147697583099,0.09581360666158463,0.9944687248816717,4.053471088409424,-36.03046286519717,-8.94727383337474,-28.92614036336619,-0.01490037408779505,0.0486466702690202,0.9987049015218566,3.831496953964233
gaze,290.878819,0.516936081684128,0.4658511930588662,-19.44123304047379,35.84131662525107,575.6444277385242,32.7081761090119,-7.413824489611127,-31.25124723051974,-0.0431690196972006,0.0959326928880332,0.9944512829564016,4.051776885986328,-36.03393837075303,-8.946431114002548,-28.92450919128451,-0.01523279727201165,0.04875390570052406,0.9986946573233554,3.831153631210327
gaze,290.898909,0.5171357273782566,0.4654699138047479,-19.63750344727602,36.02265291386319,574.3279385256792,32.70551090825406,-7.411551198963011,-31.2508995272952,-0.04347181584523164,0.09636767064139634,0.994396034426058,4.05384349822998,-36.03801046876342,-8.943647716653723,-28.92356679569541,-0.01569079889189035,0.04921672497248668,0.9986648651139765,3.833994150161743
gaze,290.918892,0.5173252778781018,0.4653592691911748,-19.84376547818017,36.05774545990759,573.6475370215917,32.70043266096329,-7.415948849910011,-31.24300307594284,-0.04356354835612902,0.09636484268583774,0.994392293991037,4.052637100219727,-36.04308728332615,-8.941660544270853,-28.92322618656352,-0.01633097504462821,0.04950270931523512,0.998640466346394,3.837183952331543
gaze,290.938981,0.5184847608973642,0.4656968344530646,-20.31080787272003,34.25116562358417,548.2232673369426,32.68237452968517,-7.417809448915773,-31.2416608056305,-0.04516955057309179,0.09679533424399292,0.9942788215433429,4.056786060333252,-36.06422173766934,-8.944259190353124,-28.92825144240817,-0.01889564409411429,0.0492473030740214,0.9986078598600174,3.855195760726929
gaze,290.958964,0.5225957230129441,0.4674901930393081,-26.11920008788536,34.48429949345957,570.769158960152,32.58667500766875,-7.421321323690728,-31.29301138449863,-0.05623049378487018,0.09537886243590499,0.9938516006774565,4.087090969085693,-36.11904926850565,-8.967954164464688,-28.94720074486946,-0.02438922407344517,0.04593448743756742,0.9986466785670212,3.884256839752197
gaze,290.979054,0.5247910631689617,0.4691420403802674,-28.25440695901754,32.77719794156361,560.3884134562643,32.53895769470517,-7.418517799830498,-31.32691524805273,-0.06254059208522687,0.09494214767638673,0.993516312365441,4.104382991790771,-36.14632724955543,-8.987060834101506,-28.95664331932855,-0.02653207484926606,0.0430753262388491,0.9987194627489794,3.88701057434082
gaze,290.999037,0.5261886187532389,0.4703470010402711,-29.68562008315972,31.74040956964323,556.0621872711877,32.51327287489901,-7.416603412219727,-31.35123950217175,-0.06635859484451964,0.09423602595960906,0.993335848694489,4.112606525421143,-36.16674713157694,-8.999654330185315,-28.96241650936977,-0.02813082193146575,0.04126673750196713,0.9987520779619955,3.886146068572998
gaze,291.019126,0.5272520009046997,0.4714044048998793,-30.44398380885405,30.55214295929034,547.1289996860748,32.49683824025697,-7.415195568292942,-31.36827349157895,-0.06891694320845645,0.09372632780724326,0.9932098622217621,4.11671257019043,-36.18531415549451,-9.010377832872821,-28.96699356659053,-0.02957351460524043,0.03976741960686586,0.9987712248416577,3.885452508926392
gaze,291.039109,0.5281509054299877,0.4724641401656683,-30.90866692914577,29.32033798325124,537.049693532532,32.48386590148079,-7.415024486876764,-31.38111162246609,-0.07096196666497546,0.0932367707920326,0.9931119291697754,4.118862628936768,-36.20298912060128,-9.020871720507303,-28.97135895129691,-0.03084281026154731,0.03830325189658046,0.9987900589960422,3.884801626205444
gaze,291.059199,0.528949646772645,0.4736917171537719,-31.13935519497361,27.93165689025103,525.5465814333255,32.47523129034777,-7.417538056983599,-31.39113401249552,-0.0722350173284748,0.09247527713695163,0.9930913479584841,4.117999076843262,-36.22376218413272,-9.031850570401922,-28.97636077070135,-0.03244684261655868,0.03682241513398112,0.9987949299770785,3.885981559753418
gaze,291.079182,0.529790594483987,0.4749108994638333,-30.8525195210768,26.13780482588837,505.4550941698876,32.46697964940238,-7.417911645432444,-31.39861449882581,-0.07344767852434343,0.09224499820505362,0.9930238158400506,4.116570949554443,-36.24420510431107,-9.043389902717074,-28.98088038988263,-0.03403438175369781,0.03523561854357428,0.9987993352242959,3.886374711990356
gaze,291.099271,0.5303627198985894,0.4753628608852821,-30.74579215679112,25.27909977271996,493.8873033695123,32.46177353879557,-7.416521069806395,-31.40329832247544,-0.07426676961426988,0.09240028357770279,0.9929484551203155,4.117524147033691,-36.25753657022447,-9.048941689797848,-28.98251913497991,-0.03514009925927214,0.03462357400098466,0.9987824495591856,3.88514232635498
gaze,291.119254,0.5307617811739939,0.4754150734089575,-30.86510517266612,25.01077674770609,489.1667956781329,32.45795734480324,-7.415059946444435,-31.40690288851637,-0.0749309668061821,0.09262007349254409,0.9928780751933879,4.11787748336792,-36.26632768486434,-9.051388388780364,-28.98248751575056,-0.03589662578415805,0.03451993611102186,0.998759133258967,3.883830070495605
gaze,291.139343,0.5312680315554811,0.4758617260299227,-31.26989344596695,24.6601036478837,487.2869334078808,32.45110717951195,-7.412177691569426,-31.41880174001638,-0.07650134233888999,0.09250284127139148,0.9927692425619702,4.11964225769043,-36.27465199833108,-9.058135671141983,-28.98148047981477,-0.03624062980276816,0.03374107044310184,0.9987733260939904,3.875719785690308
gaze,291.159327,0.5317398437872062,0.4758463474497898,-31.51341956967934,24.48471501056609,483.5604638482215,32.44674822663114,-7.410125304041085,-31.42308372002245,-0.07758038098994494,0.09285104056542655,0.9926529951354465,4.117995262145996,-36.28310274387415,-9.061545755685808,-28.97871026451501,-0.03688525469046638,0.03361581119783396,0.9987539512932757,3.870893716812134
gaze,291.179416,0.532151397223675,0.4754740518959931,-32.09401752636553,24.82727393632017,485.994264921722,32.44272968845966,-7.408955465763245,-31.42563581690041,-0.07848899739517128,0.09313332671041646,0.9925551172321625,4.11768627166748,-36.29138238164188,-9.062201927026296,-28.97554919066864,-0.03764150205019289,0.03404617561197548,0.9987111570667486,3.869503498077393
gaze,291.239472,0.5325839393674587,0.4750279361076021,-32.64561126543919,25.17299882607617,487.6108058963225,32.43805829676001,-7.406803079590665,-31.42864351664547,-0.07934625001750781,0.09351803468787404,0.9924507795333112,4.116724967956543,-36.3005598595329,-9.062911390331877,-28.97222268876508,-0.03850450885637171,0.03457836270309712,0.9986599719777012,3.869086980819702
gaze,291.259561,0.5325882372307863,0.4744494286863201,-33.01804175441438,25.79806462007199,493.1345884573861,32.44228057553687,-7.404905893313479,-31.43057241804182,-0.07909387135805529,0.09366230491571083,0.9924573200654383,4.111756801605225,-36.300925853377,-9.058573093960002,-28.96954724769492,-0.03893874932689053,0.03544964261568246,0.998612585860642,3.866116285324097
gaze,291.279545,0.5197422895973101,0.4666598674145049,-25.56386462134316,39.4894192789824,643.6479645088484,32.64805636502957,-7.357003503274781,-31.45368315001719,-0.05578156845967958,0.09448627955246229,0.9939621519939842,4.040981769561768,-36.01302094647107,-8.952548534621531,-28.96319319813875,-0.01469623395509143,0.04623890900318459,0.998822298510467,3.822386026382446
gaze,291.299634,0.5144208849475825,0.4627181786801784,-19.25357586575118,44.67363036241298,677.37505603668,32.76690646081885,-7.318043295858724,-31.46250617539735,-0.04335074350311224,0.0970379531440256,0.9943361346583686,4.008040904998779,-35.90018237754033,-8.90549805135458,-28.95575272501964,-0.006359607179014209,0.05150585773757743,0.9986524430527596,3.817424774169922
gaze,291.319617,0.5119834627459217,0.4607013085509374,-14.7324001079599,43.28913714686774,633.7125455357002,32.81971118914706,-7.317781809855822,-31.40987855321969,-0.03597477454582769,0.100234328946594,0.994313278045206,4.003546714782715,-35.86036063869904,-8.886996539323686,-28.94868776470574,-0.003594910074477196,0.05390208398976303,0.998539754823571,3.814494371414185
gaze,291.339706,0.5108214476213414,0.4598075122883965,-12.75106653258291,42.55659920028904,613.6096346765446,32.8411133053015,-7.319759613454186,-31.38017282505645,-0.03298299167954367,0.1017761869497323,0.9942603934733799,3.996936082839966,-35.84315168149502,-8.880641935902522,-28.94215341456799,-0.001755954867382809,0.05490068320349308,0.9984902761701255,3.814731359481812
gaze,291.35969,0.5101658725990807,0.459180517191732,-12.25051898223834,44.2891096064041,631.8881212383852,32.84941837552808,-7.327025431922067,-31.36015644713778,-0.03188411688923654,0.1018264150896367,0.9942910963496487,3.99092960357666,-35.83576944021203,-8.87690735419025,-28.93672237211208,-0.0004147863903549849,0.05575229108174013,0.9984445452759946,3.819686412811279
gaze,291.379779,0.5098647881225606,0.4590603268643134,-11.66949538745268,43.71056126014952,622.4114103314914,32.85505209761837,-7.330312623838883,-31.34551092197891,-0.03114183287687837,0.1022893388879606,0.994267105658702,3.988836288452148,-35.83514325196136,-8.877743477385447,-28.93197884003966,0.0001367621718358497,0.05581842002439286,0.9984409272871825,3.819837331771851
gaze,291.399761,0.5096234297264493,0.4593697014618522,-11.25921461408813,43.11718584286911,617.2475688237112,32.85932407356104,-7.336093025375423,-31.33352768619834,-0.03061705975603682,0.1021429913204961,0.9942984486440661,3.990935802459717,-35.8355438671592,-8.881200232192608,-28.92764839761011,0.0006193037144176515,0.05542072389602251,0.9984628985724758,3.817676544189453
gaze,291.419851,0.5092811657507651,0.4595491524075528,-10.83169597971855,43.05450685124967,618.3037206615354,32.86433704932352,-7.34168139531328,-31.32310414852694,-0.02996208947123988,0.1019159877724299,0.9943416941026295,3.98832893371582,-35.83474555359989,-8.883686092801042,-28.92387999478203,0.001315858647658999,0.05521879830195361,0.9984734111783385,3.817795276641846
gaze,291.439835,0.5091532997978293,0.4595756630778668,-10.64471082764032,42.95339317563608,617.153720316746,32.86665301609551,-7.344979443108239,-31.31431757784568,-0.02977418813039006,0.1019687000668396,0.9943419341091148,3.985531568527222,-35.83563391068426,-8.885296517703937,-28.92078053599148,0.001650032014001171,0.05514379169354695,0.9984770601431019,3.818612098693848
gaze,291.459923,0.5089557075430541,0.4596626420491542,-10.22419651528857,42.21412100961781,607.4707803263527,32.87058810658976,-7.34599599692096,-31.30792477999209,-0.02928512316332845,0.1022376808768587,0.9943288380461619,3.983861446380615,-35.83598395468643,-8.887269925908079,-28.91814623421897,0.002041357786241567,0.05495583356850518,0.9984866995684918,3.818204641342163
gaze,291.479907,0.5087427892775968,0.4596127908671914,-9.839201386386296,41.77650196868106,600.69442801588,32.87348442932584,-7.347641888467884,-31.29850037525409,-0.02893641533843384,0.1026226053458594,0.9942993939148257,3.981962203979492,-35.83641679714307,-8.889176808106965,-28.91320974761957,0.002612059038863773,0.0548825352393225,0.9984894012823983,3.818015098571777
gaze,291.499995,0.508362453875608,0.4593452631176165,-9.332985565497932,41.86882211873679,599.333685741545,32.87722696804178,-7.351830819882744,-31.28392244313049,-0.02824887635029531,0.1030202756834837,0.9942780414869097,3.982170104980469,-35.83693904564583,-8.889508532764866,-28.90871315444166,0.003464084639250742,0.05512625499277923,0.9984733827839795,3.820378541946411
gaze,291.519979,0.5080079139456493,0.4590357599496274,-8.958032389603419,42.44867644393699,604.4969972528214,32.88065873404366,-7.353342108790697,-31.27513152959391,-0.02794385296367529,0.1033216990636609,0.9942553834826056,3.981212139129639,-35.83593307790662,-8.889319378970143,-28.90521939361125,0.004531926485116037,0.05536121254334433,0.9984561070913756,3.82382345199585
