Timestamp,CoG Acceleration/X,CoG Acceleration/Y,CoG position/X,CoG position/Y,CoG position/Roll,CoG position/Pitch,CoG position/Yaw,Horizontal tangential speed,Over-steering criteria2,Pitch %ground,Pitch acceleration,Pitch speed,Roll %ground,Roll acceleration,Roll speed,Slope force,Speed/X,Speed/Y,Tangent Acceleration/X,Tangent Acceleration/Y,Tangential speed,Yaw %ground,Yaw acceleration,Yaw speed,Brake pedal force,Gas pedal,Steering wheel angle,Steering wheel speed,Intersection Id,Lane gap,CoG Acceleration/X.1,CoG Acceleration/Y.1,CoG position/X.1,CoG position/Y.1,Pitch acceleration.1,Pitch speed.1,Roll acceleration.1,Roll speed.1,Speed/X.1,Speed/Y.1,Tangential speed.1,Yaw acceleration.1,Yaw speed.1,CoG Acceleration/X.2,CoG Acceleration/Y.2,CoG position/X.2,CoG position/Y.2,Pitch acceleration.2,Pitch speed.2,Roll acceleration.2,Roll speed.2,Speed/X.2,Speed/Y.2,Tangential speed.2,Yaw acceleration.2,Yaw speed.2,CoG Acceleration/X.3,CoG Acceleration/Y.3,CoG position/X.3,CoG position/Y.3,Pitch acceleration.3,Pitch speed.3,Roll acceleration.3,Roll speed.3,Speed/X.3,Speed/Y.3,Tangential speed.3,Yaw acceleration.3,Yaw speed.3,CoG Acceleration/X.4,CoG Acceleration/Y.4,CoG position/X.4,CoG position/Y.4,Pitch acceleration.4,Pitch speed.4,Roll acceleration.4,Roll speed.4,Speed/X.4,Speed/Y.4,Tangential speed.4,Yaw acceleration.4,Yaw speed.4,ExportChannel/1,ExportChannel/3,ExportChannel/4,distance_to_inter_1,Type_gaze,Data Gaze2D X,Data Gaze2D Y,Data Gaze3D X,Data Gaze3D Y,Data Gaze3D Z,Data Eyeleft Gazeorigin X,Data Eyeleft Gazeorigin Y,Data Eyeleft Gazeorigin Z,Data Eyeleft Gazedirection X,Data Eyeleft Gazedirection Y,Data Eyeleft Gazedirection Z,Data Eyeleft Pupildiameter,Data Eyeright Gazeorigin X,Data Eyeright Gazeorigin Y,Data Eyeright Gazeorigin Z,Data Eyeright Gazedirection X,Data Eyeright Gazedirection Y,Data Eyeright Gazedirection Z,Data Eyeright Pupildiameter,Avg_Gazeorigin_X,Avg_Gazeorigin_Y,Avg_Gazeorigin_Z,Avg_Gazedirection_X,Avg_Gazedirection_Y,Avg_Gazedirection_Z,Avg_Pupildiameter,Velocity,Is_Fixation,Fixation_ID,Type_imu,Data Accelerometer X,Data Accelerometer Y,Data Accelerometer Z,Data Gyroscope X,Data Gyroscope Y,Data Gyroscope Z,Data Magnetometer X,Data Magnetometer Y,Data Magnetometer Z,hazard_2_x,hazard_2_y,gaze_intersects_hazard,combined_gaze_car_x,combined_gaze_car_y,driver_position_x,driver_position_y,yaw_continuous,global_collision_flag,time_to_collision_flag
142.115,-0.00717925,0.0108688,1884.5,-8.6281,-0.000275939,-0.437563,-0.120517,2136.03,-0.000129677,-0.437475,0.1984,0.192716,-0.000275939,1.43986,-0.00139091,-0.00292825,7.68949,-0.00161721,-0.00716323,0.0108673,7.6897,-0.120517,1.73726,-0.0160322,0.0,0.0,-0.513,0.0,-1.0,-0.148607,-1.82268,0.0,1296.2,84.8684,0.0,0.0,0.0,0.0,62.2103,-1.39137e-12,62.2103,0.0,0.0,0.0,0.0,1890.67,-8.57446,0.0,0.0,0.0,0.0,0.0,0.0,0.0,0.0,0.0,0.0,0.0,5303.71,-61.7625,0.0,0.0,0.0,0.0,0.0,0.0,0.0,0.0,0.0,0.0,0.0,6015.21,12.8502,0.0,0.0,0.0,0.0,0.0,0.0,0.0,0.0,0.0,999.0,999.0,1.0,14.208774219122546,gaze,0.6185744577558895,0.26966227220823,-52.37795606674974,63.05650011250264,208.3965949291044,29.79823455400146,-6.684878729539326,-30.1484547671497,-0.2067947517873155,0.2991644978045305,0.9315237698988608,5.232000827789307,-32.6011610294965,-6.513105615949944,-30.07057496250775,-0.1947048596026172,0.248605186102867,0.9488337468123086,4.789763927459717,-1.401463237747521,-6.598992172744636,-30.109514864828725,-0.2007498056949663,0.2738848419536988,0.9401787583555848,5.010882377624512,4.22440864422531,True,0.0,imu,0.8768920048000002,-9.6523917336,1.9523707392,-5.47299065,18.72914954,-1.58976995,81.83705800000001,-15.91211560000001,113.752808,1890.67,-8.57446,True,0.9775135787501088,0.210872481275189,1885.9961553215996,-9.03124793023114,-0.120517,True,1.0079999999999814
142.131,-0.0282587,0.00844358,1884.54,-8.62818,-0.000312995,-0.434524,-0.120781,2136.46,-0.000102168,-0.434436,0.734192,0.187991,-0.000312995,1.20987,-0.00275785,-0.00291491,7.69103,-0.00157768,-0.0282452,0.00843777,7.69124,-0.120781,2.90244,-0.0161127,0.0,0.0,-0.513,0.0,-1.0,-0.148501,-1.80772,0.0,1296.2,84.5892,0.0,0.0,0.0,0.0,62.1061,-2.33337e-12,62.1061,0.0,0.0,0.0,0.0,1890.67,-8.57446,0.0,0.0,0.0,0.0,0.0,0.0,0.0,0.0,0.0,0.0,0.0,5303.71,-61.7625,0.0,0.0,0.0,0.0,0.0,0.0,0.0,0.0,0.0,0.0,0.0,6015.21,12.8502,0.0,0.0,0.0,0.0,0.0,0.0,0.0,0.0,0.0,999.0,999.0,1.0,14.168954960490296,gaze,0.6185744577558895,0.26966227220823,-52.37795606674974,63.05650011250264,208.3965949291044,29.79823455400146,-6.684878729539326,-30.1484547671497,-0.2067947517873155,0.2991644978045305,0.9315237698988608,5.232000827789307,-32.6011610294965,-6.513105615949944,-30.07057496250775,-0.1947048596026172,0.248605186102867,0.9488337468123086,4.789763927459717,-1.401463237747521,-6.598992172744636,-30.109514864828725,-0.2007498056949663,0.2738848419536988,0.9401787583555848,5.010882377624512,4.22440864422531,True,0.0,imu,0.8768920048000002,-9.6523917336,1.9523707392,-5.47299065,18.72914954,-1.58976995,81.83705800000001,-15.91211560000001,113.752808,1890.67,-8.57446,True,0.9775126071090896,0.2108769853321846,1886.0361534640112,-9.031334824015694,-0.120781,True,0.9919999999999902
142.147,-0.000895956,0.0295478,1884.57,-8.62826,-0.000357253,-0.43155,-0.12105,2136.83,-0.000267936,-0.431463,0.238858,0.184343,-0.000357253,2.47864,-0.00183794,-0.00290231,7.69238,-0.00155223,-0.000846149,0.0295476,7.69259,-0.12105,-0.102719,-0.016944,0.0,0.0,-0.513,0.0,-1.0,-0.148394,-1.79279,0.0,1296.2,84.309,0.0,0.0,0.0,0.0,62.002,-2.92219e-12,62.002,0.0,0.0,0.0,0.0,1890.67,-8.57446,0.0,0.0,0.0,0.0,0.0,0.0,0.0,0.0,0.0,0.0,0.0,5303.71,-61.7625,0.0,0.0,0.0,0.0,0.0,0.0,0.0,0.0,0.0,0.0,0.0,6015.21,12.8502,0.0,0.0,0.0,0.0,0.0,0.0,0.0,0.0,0.0,999.0,999.0,1.0,14.139089240386143,gaze,0.6185744577558895,0.26966227220823,-52.37795606674974,63.05650011250264,208.3965949291044,29.79823455400146,-6.684878729539326,-30.1484547671497,-0.2067947517873155,0.2991644978045305,0.9315237698988608,5.232000827789307,-32.6011610294965,-6.513105615949944,-30.07057496250775,-0.1947048596026172,0.248605186102867,0.9488337468123086,4.789763927459717,-1.401463237747521,-6.598992172744636,-30.109514864828725,-0.2007498056949663,0.2738848419536988,0.9401787583555848,5.010882377624512,4.22440864422531,True,0.0,imu,0.8768920048000002,-9.6523917336,1.9523707392,-5.47299065,18.72914954,-1.58976995,81.83705800000001,-15.91211560000001,113.752808,1890.67,-8.57446,True,0.977511617044432,0.2108815746886849,1886.0661515712088,-9.031421848355542,-0.1210499999999999,True,0.9759999999999991
142.163,0.0760807,0.00834762,1884.61,-8.62834,-0.000394974,-0.428643,-0.121319,2137.16,-1.21661e-05,-0.428556,-1.2355,0.179343,-0.000394974,0.394861,-0.00221771,-0.00288988,7.69356,-0.00158502,0.0761199,0.00836327,7.69377,-0.121319,-1.36187,-0.0170202,0.0,0.0,-0.513,0.0,-1.0,-0.148288,-1.77786,0.0,1296.2,84.0288,0.0,0.0,0.0,0.0,61.8979,-3.511e-12,61.8979,0.0,0.0,0.0,0.0,1890.67,-8.57446,0.0,0.0,0.0,0.0,0.0,0.0,0.0,0.0,0.0,0.0,0.0,5303.71,-61.7625,0.0,0.0,0.0,0.0,0.0,0.0,0.0,0.0,0.0,0.0,0.0,6015.21,12.8502,0.0,0.0,0.0,0.0,0.0,0.0,0.0,0.0,0.0,999.0,999.0,1.0,14.099271769690954,gaze,0.6185744577558895,0.26966227220823,-52.37795606674974,63.05650011250264,208.3965949291044,29.79823455400146,-6.684878729539326,-30.1484547671497,-0.2067947517873155,0.2991644978045305,0.9315237698988608,5.232000827789307,-32.6011610294965,-6.513105615949944,-30.07057496250775,-0.1947048596026172,0.248605186102867,0.9488337468123086,4.789763927459717,-1.401463237747521,-6.598992172744636,-30.109514864828725,-0.2007498056949663,0.2738848419536988,0.9401787583555848,5.010882377624512,4.22440864422531,True,0.0,imu,0.8768920048000002,-9.6523917336,1.9523707392,-5.47299065,18.72914954,-1.58976995,81.83705800000001,-15.91211560000001,113.752808,1890.67,-8.57446,True,0.977510626958228,0.2108861640405369,1886.1061496783727,-9.031508872686503,-0.121319,True,0.9599999999999795
142.179,0.0303619,-0.0136773,1884.64,-8.62842,-0.000440003,-0.425824,-0.121584,2137.41,0.000152883,-0.425738,-1.00992,0.172187,-0.000440003,-1.54957,-0.00361869,-0.0028766,7.69449,-0.00155375,0.0303195,-0.0136712,7.69469,-0.121584,-0.34517,-0.0166011,0.0,0.0,-0.513,0.0,-1.0,-0.148182,-1.76353,0.0,1296.2,83.7563,0.0,0.0,0.0,0.0,61.798,-3.39046e-12,61.798,0.0,0.0,0.0,0.0,1890.67,-8.57446,0.0,0.0,0.0,0.0,0.0,0.0,0.0,0.0,0.0,0.0,0.0,5303.71,-61.7625,0.0,0.0,0.0,0.0,0.0,0.0,0.0,0.0,0.0,0.0,0.0,6015.21,12.8502,0.0,0.0,0.0,0.0,0.0,0.0,0.0,0.0,0.0,999.0,999.0,1.0,14.069407391087896,gaze,0.6185744577558895,0.26966227220823,-52.37795606674974,63.05650011250264,208.3965949291044,29.79823455400146,-6.684878729539326,-30.1484547671497,-0.2067947517873155,0.2991644978045305,0.9315237698988608,5.232000827789307,-32.6011610294965,-6.513105615949944,-30.07057496250775,-0.1947048596026172,0.248605186102867,0.9488337468123086,4.789763927459717,-1.401463237747521,-6.598992172744636,-30.109514864828725,-0.2007498056949663,0.2738848419536988,0.9401787583555848,5.010882377624512,4.22440864422531,True,0.0,imu,0.8768920048000002,-9.6523917336,1.9523707392,-5.47299065,18.72914954,-1.58976995,81.83705800000001,-15.91211560000001,113.752808,1890.67,-8.57446,True,0.9775096515734264,0.2108906851446934,1886.136147813652,-9.03159579255776,-0.121584,True,0.9439999999999884
142.195,0.0833181,0.00805097,1884.68,-8.6285,-0.000494818,-0.423146,-0.121849,2137.64,8.8131e-05,-0.42306,-1.35187,0.163279,-0.000494818,0.76684,-0.00307472,-0.00286338,7.69529,-0.00155494,0.083381,0.00806774,7.69549,-0.121849,0.165473,-0.0166645,0.0,0.0,-0.513,0.0,-1.0,-0.148075,-1.74953,0.0,1296.2,83.4879,0.0,0.0,0.0,0.0,61.7004,-2.88698e-12,61.7004,0.0,0.0,0.0,0.0,1890.67,-8.57446,0.0,0.0,0.0,0.0,0.0,0.0,0.0,0.0,0.0,0.0,0.0,5303.71,-61.7625,0.0,0.0,0.0,0.0,0.0,0.0,0.0,0.0,0.0,0.0,0.0,6015.21,12.8502,0.0,0.0,0.0,0.0,0.0,0.0,0.0,0.0,0.0,999.0,999.0,1.0,14.02959173497218,gaze,0.6185744577558895,0.26966227220823,-52.37795606674974,63.05650011250264,208.3965949291044,29.79823455400146,-6.684878729539326,-30.1484547671497,-0.2067947517873155,0.2991644978045305,0.9315237698988608,5.232000827789307,-32.6011610294965,-6.513105615949944,-30.07057496250775,-0.1947048596026172,0.248605186102867,0.9488337468123086,4.789763927459717,-1.401463237747521,-6.598992172744636,-30.109514864828725,-0.2007498056949663,0.2738848419536988,0.9401787583555848,5.010882377624512,4.22440864422531,True,0.0,imu,0.8768920048000002,-9.6523917336,1.9523707392,-5.47299065,18.72914954,-1.58976995,81.83705800000001,-15.91211560000001,113.752808,1890.67,-8.57446,True,0.9775086761677144,0.2108952062443385,1886.1761459488985,-9.031682712420391,-0.121849,True,0.9279999999999973
142.211,0.0746152,-0.00179499,1884.71,-8.62858,-0.000529899,-0.420583,-0.12212,2137.8,7.9382e-05,-0.420498,-1.64928,0.156664,-0.000529899,0.162334,-0.00072739,-0.00285132,7.69588,-0.00160929,0.0745919,-0.00177936,7.69609,-0.12212,-0.803987,-0.0172513,0.0,0.0,-0.513,0.0,-1.0,-0.147968,-1.73553,0.0,1296.2,83.2196,0.0,0.0,0.0,0.0,61.6028,-2.3835e-12,61.6028,0.0,0.0,0.0,0.0,1890.67,-8.57446,0.0,0.0,0.0,0.0,0.0,0.0,0.0,0.0,0.0,0.0,0.0,5303.71,-61.7625,0.0,0.0,0.0,0.0,0.0,0.0,0.0,0.0,0.0,0.0,0.0,6015.21,12.8502,0.0,0.0,0.0,0.0,0.0,0.0,0.0,0.0,0.0,999.0,999.0,1.0,13.999728717957376,gaze,0.6185744577558895,0.26966227220823,-52.37795606674974,63.05650011250264,208.3965949291044,29.79823455400146,-6.684878729539326,-30.1484547671497,-0.2067947517873155,0.2991644978045305,0.9315237698988608,5.232000827789307,-32.6011610294965,-6.513105615949944,-30.07057496250775,-0.1947048596026172,0.248605186102867,0.9488337468123086,4.789763927459717,-1.401463237747521,-6.598992172744636,-30.109514864828725,-0.2007498056949663,0.2738848419536988,0.9401787583555848,5.010882377624512,4.22440864422531,True,0.0,imu,0.8768920048000002,-9.6523917336,1.9523707392,-5.47299065,18.72914954,-1.58976995,81.83705800000001,-15.91211560000001,113.752808,1890.67,-8.57446,True,0.9775076786557187,0.2108998297038382,1886.206144041891,-9.031769788950236,-0.12212,True,0.9119999999999777
142.227,0.0371286,-0.000943497,1884.74,-8.62866,-0.000526343,-0.418118,-0.122392,2137.91,-0.000171708,-0.418033,-0.932049,0.151719,-0.000526343,-0.105871,0.000631002,-0.00284027,7.69628,-0.00166429,0.0371262,-0.000935465,7.69648,-0.122392,-0.292377,-0.0168276,0.0,0.0,-0.513,0.0,-1.0,-0.147862,-1.72157,0.0,1296.19,82.9494,0.0,0.0,0.0,0.0,61.5054,-2.3244e-12,61.5054,0.0,0.0,0.0,0.0,1890.67,-8.57446,0.0,0.0,0.0,0.0,0.0,0.0,0.0,0.0,0.0,0.0,0.0,5303.71,-61.7625,0.0,0.0,0.0,0.0,0.0,0.0,0.0,0.0,0.0,0.0,0.0,6015.21,12.8502,0.0,0.0,0.0,0.0,0.0,0.0,0.0,0.0,0.0,999.0,999.0,1.0,13.969866288393789,gaze,0.6185744577558895,0.26966227220823,-52.37795606674974,63.05650011250264,208.3965949291044,29.79823455400146,-6.684878729539326,-30.1484547671497,-0.2067947517873155,0.2991644978045305,0.9315237698988608,5.232000827789307,-32.6011610294965,-6.513105615949944,-30.07057496250775,-0.1947048596026172,0.248605186102867,0.9488337468123086,4.789763927459717,-1.401463237747521,-6.598992172744636,-30.109514864828725,-0.2007498056949663,0.2738848419536988,0.9401787583555848,5.010882377624512,4.22440864422531,True,0.0,imu,0.8768920048000002,-9.6523917336,1.9523707392,-5.47299065,18.72914954,-1.58976995,81.83705800000001,-15.91211560000001,113.752808,1890.67,-8.57446,True,0.9775066774408776,0.2109044702193297,1886.236142127813,-9.031856891583669,-0.1223919999999999,True,0.8959999999999866
142.243,-0.000204086,0.025091,1884.78,-8.62874,-0.000511627,-0.415715,-0.122659,2137.99,-0.00021721,-0.41563,0.0739887,0.148857,-0.000511627,1.84251,0.00155484,-0.00282988,7.69658,-0.00162333,-0.000162318,0.0250909,7.69678,-0.122659,-1.01629,-0.0169417,0.0,0.0,-0.513,0.0,-1.0,-0.147755,-1.70765,0.0,1296.19,82.6773,0.0,0.0,0.0,0.0,61.4084,-2.77976e-12,61.4084,0.0,0.0,0.0,0.0,1890.67,-8.57446,0.0,0.0,0.0,0.0,0.0,0.0,0.0,0.0,0.0,0.0,0.0,5303.71,-61.7625,0.0,0.0,0.0,0.0,0.0,0.0,0.0,0.0,0.0,0.0,0.0,6015.21,12.8502,0.0,0.0,0.0,0.0,0.0,0.0,0.0,0.0,0.0,999.0,999.0,1.0,13.930053268656303,gaze,0.6185744577558895,0.26966227220823,-52.37795606674974,63.05650011250264,208.3965949291044,29.79823455400146,-6.684878729539326,-30.1484547671497,-0.2067947517873155,0.2991644978045305,0.9315237698988608,5.232000827789307,-32.6011610294965,-6.513105615949944,-30.07057496250775,-0.1947048596026172,0.248605186102867,0.9488337468123086,4.789763927459717,-1.401463237747521,-6.598992172744636,-30.109514864828725,-0.2007498056949663,0.2738848419536988,0.9401787583555848,5.010882377624512,4.22440864422531,True,0.0,imu,0.8768920048000002,-9.6523917336,1.9523707392,-5.47299065,18.72914954,-1.58976995,81.83705800000001,-15.91211560000001,113.752808,1890.67,-8.57446,True,0.9775056946092948,0.2109090254266048,1886.276140248888,-9.031943863645148,-0.122659,True,0.8799999999999955
142.259,0.0210563,-0.0170983,1884.81,-8.62882,-0.000507407,-0.413357,-0.122925,2138.04,-2.52013e-06,-0.413272,-0.526266,0.146011,-0.000507407,-0.697928,0.000508791,-0.00281984,7.69675,-0.00168132,0.0210904,-0.0170938,7.69695,-0.122925,1.23773,-0.0166418,0.0,0.0,-0.504,0.0,-1.0,-0.147647,-1.69374,0.0,1296.19,82.4051,0.0,0.0,0.0,0.0,61.3114,-3.23513e-12,61.3114,0.0,0.0,0.0,0.0,1890.67,-8.57446,0.0,0.0,0.0,0.0,0.0,0.0,0.0,0.0,0.0,0.0,0.0,5303.71,-61.7625,0.0,0.0,0.0,0.0,0.0,0.0,0.0,0.0,0.0,0.0,0.0,6015.21,12.8502,0.0,0.0,0.0,0.0,0.0,0.0,0.0,0.0,0.0,999.0,999.0,1.0,13.90019223005218,gaze,0.6185744577558895,0.26966227220823,-52.37795606674974,63.05650011250264,208.3965949291044,29.79823455400146,-6.684878729539326,-30.1484547671497,-0.2067947517873155,0.2991644978045305,0.9315237698988608,5.232000827789307,-32.6011610294965,-6.513105615949944,-30.07057496250775,-0.1947048596026172,0.248605186102867,0.9488337468123086,4.789763927459717,-1.401463237747521,-6.598992172744636,-30.109514864828725,-0.2007498056949663,0.2738848419536988,0.9401787583555848,5.010882377624512,4.22440864422531,True,0.0,imu,0.8768920048000002,-9.6523917336,1.9523707392,-5.47299065,18.72914954,-1.58976995,81.83705800000001,-15.91211560000001,113.752808,1890.67,-8.57446,True,0.9775047154376209,0.2109135635686241,1886.306138376967,-9.032030809585333,-0.122925,True,0.8640000000000043
142.275,0.00764408,0.0172209,1884.85,-8.6289,-0.00048476,-0.411056,-0.123191,2138.04,4.83678e-05,-0.410971,-0.910856,0.140423,-0.00048476,1.45221,0.00103998,-0.00280919,7.69674,-0.00165842,0.007567,0.0172226,7.69694,-0.123191,-0.731403,-0.0164048,0.0,0.0,-0.504,0.0,-1.0,-0.14754,-1.67985,0.0,1296.19,82.1315,0.0,0.0,0.0,0.0,61.2145,-3.47897e-12,61.2145,0.0,0.0,0.0,0.0,1890.67,-8.57446,0.0,0.0,0.0,0.0,0.0,0.0,0.0,0.0,0.0,0.0,0.0,5303.71,-61.7625,0.0,0.0,0.0,0.0,0.0,0.0,0.0,0.0,0.0,0.0,0.0,6015.21,12.8502,0.0,0.0,0.0,0.0,0.0,0.0,0.0,0.0,0.0,999.0,999.0,1.0,13.860381091802775,gaze,0.6185744577558895,0.26966227220823,-52.37795606674974,63.05650011250264,208.3965949291044,29.79823455400146,-6.684878729539326,-30.1484547671497,-0.2067947517873155,0.2991644978045305,0.9315237698988608,5.232000827789307,-32.6011610294965,-6.513105615949944,-30.07057496250775,-0.1947048596026172,0.248605186102867,0.9488337468123086,4.789763927459717,-1.401463237747521,-6.598992172744636,-30.109514864828725,-0.2007498056949663,0.2738848419536988,0.9401787583555848,5.010882377624512,4.22440864422531,True,0.0,imu,0.8768920048000002,-9.6523917336,1.9523707392,-5.47299065,18.72914954,-1.58976995,81.83705800000001,-15.91211560000001,113.752808,1890.67,-8.57446,True,0.9775037362448782,0.2109181017060974,1886.346136505014,-9.032117755516824,-0.123191,True,0.8479999999999848
142.291,0.0442068,-0.0224741,1884.88,-8.62898,-0.000470093,-0.408882,-0.123455,2138.02,0.000138771,-0.408798,-0.984282,0.13211,-0.000470093,-1.69782,0.0001467,-0.002798,7.69669,-0.00167562,0.0442474,-0.0224645,7.69689,-0.123455,-0.417,-0.0168177,0.0,0.0,-0.504,0.0,-1.0,-0.147433,-1.66602,0.0,1296.19,81.8552,0.0,0.0,0.0,0.0,61.1181,-3.30978e-12,61.1181,0.0,0.0,0.0,0.0,1890.67,-8.57446,0.0,0.0,0.0,0.0,0.0,0.0,0.0,0.0,0.0,0.0,0.0,5303.71,-61.7625,0.0,0.0,0.0,0.0,0.0,0.0,0.0,0.0,0.0,0.0,0.0,6015.21,12.8502,0.0,0.0,0.0,0.0,0.0,0.0,0.0,0.0,0.0,999.0,999.0,1.0,13.830521465237616,gaze,0.6185744577558895,0.26966227220823,-52.37795606674974,63.05650011250264,208.3965949291044,29.79823455400146,-6.684878729539326,-30.1484547671497,-0.2067947517873155,0.2991644978045305,0.9315237698988608,5.232000827789307,-32.6011610294965,-6.513105615949944,-30.07057496250775,-0.1947048596026172,0.248605186102867,0.9488337468123086,4.789763927459717,-1.401463237747521,-6.598992172744636,-30.109514864828725,-0.2007498056949663,0.2738848419536988,0.9401787583555848,5.010882377624512,4.22440864422531,True,0.0,imu,0.8768920048000002,-9.6523917336,1.9523707392,-5.47299065,18.72914954,-1.58976995,81.83705800000001,-15.91211560000001,113.752808,1890.67,-8.57446,True,0.9775027643936554,0.2109226057177415,1886.3761346471044,-9.032204649214677,-0.123455,True,0.8319999999999936
142.307,0.0453905,-0.00949841,1884.91,-8.62906,-0.000471502,-0.406814,-0.123716,2137.95,0.000123209,-0.40673,-1.15089,0.12695,-0.000471502,-0.0469713,-0.000321295,-0.00278833,7.69643,-0.00166773,0.0454124,-0.00948859,7.69663,-0.123716,-1.24209,-0.0168924,0.0,0.0,-0.504,0.0,-1.0,-0.147325,-1.65218,0.0,1296.19,81.579,0.0,0.0,0.0,0.0,61.0216,-3.14059e-12,61.0216,0.0,0.0,0.0,0.0,1890.67,-8.57446,0.0,0.0,0.0,0.0,0.0,0.0,0.0,0.0,0.0,0.0,0.0,5303.71,-61.7625,0.0,0.0,0.0,0.0,0.0,0.0,0.0,0.0,0.0,0.0,0.0,6015.21,12.8502,0.0,0.0,0.0,0.0,0.0,0.0,0.0,0.0,0.0,999.0,999.0,1.0,13.80066244799862,gaze,0.6185744577558895,0.26966227220823,-52.37795606674974,63.05650011250264,208.3965949291044,29.79823455400146,-6.684878729539326,-30.1484547671497,-0.2067947517873155,0.2991644978045305,0.9315237698988608,5.232000827789307,-32.6011610294965,-6.513105615949944,-30.07057496250775,-0.1947048596026172,0.248605186102867,0.9488337468123086,4.789763927459717,-1.401463237747521,-6.598992172744636,-30.109514864828725,-0.2007498056949663,0.2738848419536988,0.9401787583555848,5.010882377624512,4.22440864422531,True,0.0,imu,0.8768920048000002,-9.6523917336,1.9523707392,-5.47299065,18.72914954,-1.58976995,81.83705800000001,-15.91211560000001,113.752808,1890.67,-8.57446,True,0.977501803565796,0.2109270585430332,1886.406132810276,-9.032291464566637,-0.123716,True,0.8160000000000025
142.323,0.175294,-0.00320141,1884.95,-8.62914,-0.000455413,-0.40481,-0.123982,2137.89,0.000179324,-0.404726,-3.14058,0.122779,-0.000455413,-0.0630965,0.00173423,-0.00277951,7.6962,-0.00168151,0.175351,-0.00316316,7.6964,-0.123982,-0.952032,-0.0170851,0.0,0.0,-0.504,0.0,-1.0,-0.147217,-1.63852,0.0,1296.19,81.3046,0.0,0.0,0.0,0.0,60.9263,-3.40138e-12,60.9263,0.0,0.0,0.0,0.0,1890.67,-8.57446,0.0,0.0,0.0,0.0,0.0,0.0,0.0,0.0,0.0,0.0,0.0,5303.71,-61.7625,0.0,0.0,0.0,0.0,0.0,0.0,0.0,0.0,0.0,0.0,0.0,6015.21,12.8502,0.0,0.0,0.0,0.0,0.0,0.0,0.0,0.0,0.0,999.0,999.0,1.0,13.76085404397562,gaze,0.6185744577558895,0.26966227220823,-52.37795606674974,63.05650011250264,208.3965949291044,29.79823455400146,-6.684878729539326,-30.1484547671497,-0.2067947517873155,0.2991644978045305,0.9315237698988608,5.232000827789307,-32.6011610294965,-6.513105615949944,-30.07057496250775,-0.1947048596026172,0.248605186102867,0.9488337468123086,4.789763927459717,-1.401463237747521,-6.598992172744636,-30.109514864828725,-0.2007498056949663,0.2738848419536988,0.9401787583555848,5.010882377624512,4.22440864422531,True,0.0,imu,0.8768920048000002,-9.6523917336,1.9523707392,-5.47299065,18.72914954,-1.58976995,81.83705800000001,-15.91211560000001,113.752808,1890.67,-8.57446,True,0.977500824310402,0.2109315966669878,1886.446130938227,-9.032378410472282,-0.123982,True,0.799999999999983
142.339,-0.0209091,0.0231862,1884.98,-8.62922,-0.000422362,-0.402861,-0.124248,2137.71,-0.000399839,-0.402778,0.117633,0.120711,-0.000422362,2.12022,0.00252119,-0.00277085,7.69555,-0.00164812,-0.0209076,0.0231818,7.69574,-0.124248,-0.491554,-0.0169313,0.0,0.0,-0.504,0.0,-1.0,-0.147109,-1.62531,0.0,1296.18,81.035,0.0,0.0,0.0,0.0,60.8341,-4.79564e-12,60.8341,0.0,0.0,0.0,0.0,1890.67,-8.57446,0.0,0.0,0.0,0.0,0.0,0.0,0.0,0.0,0.0,0.0,0.0,5303.71,-61.7625,0.0,0.0,0.0,0.0,0.0,0.0,0.0,0.0,0.0,0.0,0.0,6015.21,12.8502,0.0,0.0,0.0,0.0,0.0,0.0,0.0,0.0,0.0,999.0,999.0,1.0,13.730996469608495,gaze,0.6185744577558895,0.26966227220823,-52.37795606674974,63.05650011250264,208.3965949291044,29.79823455400146,-6.684878729539326,-30.1484547671497,-0.2067947517873155,0.2991644978045305,0.9315237698988608,5.232000827789307,-32.6011610294965,-6.513105615949944,-30.07057496250775,-0.1947048596026172,0.248605186102867,0.9488337468123086,4.789763927459717,-1.401463237747521,-6.598992172744636,-30.109514864828725,-0.2007498056949663,0.2738848419536988,0.9401787583555848,5.010882377624512,4.22440864422531,True,0.0,imu,0.8768920048000002,-9.6523917336,1.9523707392,-5.47299065,18.72914954,-1.58976995,81.83705800000001,-15.91211560000001,113.752808,1890.67,-8.57446,True,0.9774998450339392,0.2109361347863961,1886.4761290661456,-9.03246535636924,-0.1242479999999999,True,0.7839999999999918
142.355,-0.0975068,-0.00906142,1885.02,-8.62931,-0.000392265,-0.400956,-0.124513,2137.53,0.000342,-0.400873,1.18161,0.117611,-0.000392265,-0.544517,0.0019605,-0.00276215,7.69492,-0.00166736,-0.0975052,-0.00908255,7.69511,-0.124513,0.237569,-0.0167274,0.0,0.0,-0.504,0.0,7.0,-0.147068,-1.6121,0.0,1296.18,80.7655,0.0,0.0,0.0,0.0,60.742,-6.18989e-12,60.742,0.0,0.0,0.0,0.0,1890.67,-8.57446,0.0,0.0,0.0,0.0,0.0,0.0,0.0,0.0,0.0,0.0,0.0,5303.71,-61.7625,0.0,0.0,0.0,0.0,0.0,0.0,0.0,0.0,0.0,0.0,0.0,6015.21,12.8502,0.0,0.0,0.0,0.0,0.0,0.0,0.0,0.0,0.0,999.0,999.0,1.0,13.691189013234093,gaze,0.6185744577558895,0.26966227220823,-52.37795606674974,63.05650011250264,208.3965949291044,29.79823455400146,-6.684878729539326,-30.1484547671497,-0.2067947517873155,0.2991644978045305,0.9315237698988608,5.232000827789307,-32.6011610294965,-6.513105615949944,-30.07057496250775,-0.1947048596026172,0.248605186102867,0.9488337468123086,4.789763927459717,-1.401463237747521,-6.598992172744636,-30.109514864828725,-0.2007498056949663,0.2738848419536988,0.9401787583555848,5.010882377624512,4.22440864422531,True,0.0,imu,0.8768920048000002,-9.6523917336,1.9523707392,-5.47299065,18.72914954,-1.58976995,81.83705800000001,-15.91211560000001,113.752808,1890.67,-8.57446,True,0.9774988694180172,0.2109406558406844,1886.5161272010707,-9.03256227614516,-0.124513,True,0.7680000000000007
142.371,-0.0399681,0.0268005,1885.05,-8.62939,-0.00036739,-0.399107,-0.124773,2137.37,0.000171526,-0.399024,0.289581,0.114313,-0.00036739,1.84114,0.00250523,-0.00275406,7.69433,-0.00161008,-0.0399637,0.0267922,7.69452,-0.124773,0.312066,-0.0162005,0.0,0.0,-0.504,0.0,7.0,-0.147068,-1.59897,0.0,1296.18,80.4969,0.0,0.0,0.0,0.0,60.6504,-7.40735e-12,60.6504,0.0,0.0,0.0,0.0,1890.67,-8.57446,0.0,0.0,0.0,0.0,0.0,0.0,0.0,0.0,0.0,0.0,0.0,5303.71,-61.7625,0.0,0.0,0.0,0.0,0.0,0.0,0.0,0.0,0.0,0.0,0.0,6015.21,12.8502,0.0,0.0,0.0,0.0,0.0,0.0,0.0,0.0,0.0,999.0,999.0,1.0,13.661332901737762,gaze,0.6185744577558895,0.26966227220823,-52.37795606674974,63.05650011250264,208.3965949291044,29.79823455400146,-6.684878729539326,-30.1484547671497,-0.2067947517873155,0.2991644978045305,0.9315237698988608,5.232000827789307,-32.6011610294965,-6.513105615949944,-30.07057496250775,-0.1947048596026172,0.248605186102867,0.9488337468123086,4.789763927459717,-1.401463237747521,-6.598992172744636,-30.109514864828725,-0.2007498056949663,0.2738848419536988,0.9401787583555848,5.010882377624512,4.22440864422531,True,0.0,imu,0.8768920048000002,-9.6523917336,1.9523707392,-5.47299065,18.72914954,-1.58976995,81.83705800000001,-15.91211560000001,113.752808,1890.67,-8.57446,True,0.9774979121896206,0.210945091587676,1886.5461253711544,-9.032649065350888,-0.124773,True,0.7519999999999811
142.387,0.0556513,0.0169141,1885.09,-8.62947,-0.000356722,-0.397346,-0.125034,2137.18,0.000271438,-0.397264,-1.34669,0.106405,-0.000356722,1.44458,-0.000216774,-0.00274458,7.69366,-0.00162556,0.0556721,0.0169258,7.69385,-0.125034,2.65524,-0.015188,0.0,0.0,-0.504,0.0,7.0,-0.147068,-1.58631,0.0,1296.18,80.2334,0.0,0.0,0.0,0.0,60.5621,-7.60584e-12,60.5621,0.0,0.0,0.0,0.0,1890.67,-8.57446,0.0,0.0,0.0,0.0,0.0,0.0,0.0,0.0,0.0,0.0,0.0,5303.71,-61.7625,0.0,0.0,0.0,0.0,0.0,0.0,0.0,0.0,0.0,0.0,0.0,6015.21,12.8502,0.0,0.0,0.0,0.0,0.0,0.0,0.0,0.0,0.0,999.0,999.0,1.0,13.621528428223598,gaze,0.6185744577558895,0.26966227220823,-52.37795606674974,63.05650011250264,208.3965949291044,29.79823455400146,-6.684878729539326,-30.1484547671497,-0.2067947517873155,0.2991644978045305,0.9315237698988608,5.232000827789307,-32.6011610294965,-6.513105615949944,-30.07057496250775,-0.1947048596026172,0.248605186102867,0.9488337468123086,4.789763927459717,-1.401463237747521,-6.598992172744636,-30.109514864828725,-0.2007498056949663,0.2738848419536988,0.9401787583555848,5.010882377624512,4.22440864422531,True,0.0,imu,0.8768920048000002,-9.6523917336,1.9523707392,-5.47299065,18.72914954,-1.58976995,81.83705800000001,-15.91211560000001,113.752808,1890.67,-8.57446,True,0.977496951259331,0.2109495443908641,1886.5861235341688,-9.03273588066059,-0.125034,True,0.73599999999999
142.403,-0.0719066,-0.0166885,1885.12,-8.62955,-0.000374812,-0.395691,-0.125294,2136.91,-0.000148485,-0.395609,0.456341,0.100888,-0.000374812,-1.39778,-0.00159966,-0.00273608,7.69269,-0.00160768,-0.0719381,-0.0167035,7.69287,-0.125294,-0.0383629,-0.0164017,0.0,0.0,-0.504,0.0,7.0,-0.147068,-1.57366,0.0,1296.18,79.9699,0.0,0.0,0.0,0.0,60.4739,-7.80434e-12,60.4739,0.0,0.0,0.0,0.0,1890.67,-8.57446,0.0,0.0,0.0,0.0,0.0,0.0,0.0,0.0,0.0,0.0,0.0,5303.71,-61.7625,0.0,0.0,0.0,0.0,0.0,0.0,0.0,0.0,0.0,0.0,0.0,6015.21,12.8502,0.0,0.0,0.0,0.0,0.0,0.0,0.0,0.0,0.0,999.0,999.0,1.0,13.59167380430035,gaze,0.6185744577558895,0.26966227220823,-52.37795606674974,63.05650011250264,208.3965949291044,29.79823455400146,-6.684878729539326,-30.1484547671497,-0.2067947517873155,0.2991644978045305,0.9315237698988608,5.232000827789307,-32.6011610294965,-6.513105615949944,-30.07057496250775,-0.1947048596026172,0.248605186102867,0.9488337468123086,4.789763927459717,-1.401463237747521,-6.598992172744636,-30.109514864828725,-0.2007498056949663,0.2738848419536988,0.9401787583555848,5.010882377624512,4.22440864422531,True,0.0,imu,0.8768920048000002,-9.6523917336,1.9523707392,-5.47299065,18.72914954,-1.58976995,81.83705800000001,-15.91211560000001,113.752808,1890.67,-8.57446,True,0.9774959939905992,0.2109539801291513,1886.6161217041915,-9.032822669849676,-0.125294,True,0.7199999999999989
142.419,-0.518128,-0.0072901,1885.15,-8.62963,-0.000383359,-0.393793,-0.125556,2131.78,0.000197391,-0.393711,6.32388,0.161081,-0.000383359,-0.238059,-0.000496472,-0.0027258,7.6742,-0.00159662,-0.518009,-0.00739799,7.67439,-0.125556,-1.40564,-0.016815,1.00256,0.0,-0.495,0.0,7.0,-0.147068,-1.561,0.0,1296.18,79.7065,0.0,0.0,0.0,0.0,60.3856,-8.00284e-12,60.3856,0.0,0.0,0.0,0.0,1890.67,-8.57446,0.0,0.0,0.0,0.0,0.0,0.0,0.0,0.0,0.0,0.0,0.0,5303.71,-61.7625,0.0,0.0,0.0,0.0,0.0,0.0,0.0,0.0,0.0,0.0,0.0,6015.21,12.8502,0.0,0.0,0.0,0.0,0.0,0.0,0.0,0.0,0.0,999.0,999.0,1.0,13.561819822461104,gaze,0.6185744577558895,0.26966227220823,-52.37795606674974,63.05650011250264,208.3965949291044,29.79823455400146,-6.684878729539326,-30.1484547671497,-0.2067947517873155,0.2991644978045305,0.9315237698988608,5.232000827789307,-32.6011610294965,-6.513105615949944,-30.07057496250775,-0.1947048596026172,0.248605186102867,0.9488337468123086,4.789763927459717,-1.401463237747521,-6.598992172744636,-30.109514864828725,-0.2007498056949663,0.2738848419536988,0.9401787583555848,5.010882377624512,4.22440864422531,True,0.0,imu,0.8768920048000002,-9.6523917336,1.9523707392,-5.47299065,18.72914954,-1.58976995,81.83705800000001,-15.91211560000001,113.752808,1890.67,-8.57446,True,0.9774950293379004,0.2109584499841081,1886.6461198601053,-9.032909511254896,-0.125556,True,0.7039999999999793
142.435,-0.0676846,0.0191393,1885.19,-8.62972,-0.000370709,-0.39112,-0.125815,2131.02,0.000111741,-0.391039,0.0555046,0.163182,-0.000370709,1.47028,0.00119271,-0.0027166,7.67149,-0.00162116,-0.0675875,0.0191249,7.67168,-0.125815,0.0764235,-0.0159488,0.0,0.0,-0.495,0.0,7.0,-0.147068,-1.54843,0.0,1296.17,79.4396,0.0,0.0,0.0,0.0,60.298,-5.44451e-12,60.298,0.0,0.0,0.0,0.0,1890.67,-8.57446,0.0,0.0,0.0,0.0,0.0,0.0,0.0,0.0,0.0,0.0,0.0,5303.71,-61.7625,0.0,0.0,0.0,0.0,0.0,0.0,0.0,0.0,0.0,0.0,0.0,6015.21,12.8502,0.0,0.0,0.0,0.0,0.0,0.0,0.0,0.0,0.0,999.0,999.0,1.0,13.522017213359844,gaze,0.6185744577558895,0.26966227220823,-52.37795606674974,63.05650011250264,208.3965949291044,29.79823455400146,-6.684878729539326,-30.1484547671497,-0.2067947517873155,0.2991644978045305,0.9315237698988608,5.232000827789307,-32.6011610294965,-6.513105615949944,-30.07057496250775,-0.1947048596026172,0.248605186102867,0.9488337468123086,4.789763927459717,-1.401463237747521,-6.598992172744636,-30.109514864828725,-0.2007498056949663,0.2738848419536988,0.9401787583555848,5.010882377624512,4.22440864422531,True,0.0,imu,0.8768920048000002,-9.6523917336,1.9523707392,-5.47299065,18.72914954,-1.58976995,81.83705800000001,-15.91211560000001,113.752808,1890.67,-8.57446,True,0.9774940757107532,0.2109628686531838,1886.6861180371045,-9.033006274315126,-0.125815,True,0.6879999999999882
142.451,-0.00293298,0.00568571,1885.22,-8.6298,-0.000353831,-0.38866,-0.126074,2130.75,0.00018821,-0.388579,-1.52811,0.145122,-0.000353831,0.912123,0.00116069,-0.00270791,7.6705,-0.00161915,-0.00288034,0.00568505,7.67069,-0.126074,1.48888,-0.0157984,0.0,0.0,-0.495,0.0,7.0,-0.147068,-1.53587,0.0,1296.17,79.1727,0.0,0.0,0.0,0.0,60.2104,-2.78234e-12,60.2104,0.0,0.0,0.0,0.0,1890.67,-8.57446,0.0,0.0,0.0,0.0,0.0,0.0,0.0,0.0,0.0,0.0,0.0,5303.71,-61.7625,0.0,0.0,0.0,0.0,0.0,0.0,0.0,0.0,0.0,0.0,0.0,6015.21,12.8502,0.0,0.0,0.0,0.0,0.0,0.0,0.0,0.0,0.0,999.0,999.0,1.0,13.492164749957684,gaze,0.6185744577558895,0.26966227220823,-52.37795606674974,63.05650011250264,208.3965949291044,29.79823455400146,-6.684878729539326,-30.1484547671497,-0.2067947517873155,0.2991644978045305,0.9315237698988608,5.232000827789307,-32.6011610294965,-6.513105615949944,-30.07057496250775,-0.1947048596026172,0.248605186102867,0.9488337468123086,4.789763927459717,-1.401463237747521,-6.598992172744636,-30.109514864828725,-0.2007498056949663,0.2738848419536988,0.9401787583555848,5.010882377624512,4.22440864422531,True,0.0,imu,0.8768920048000002,-9.6523917336,1.9523707392,-5.47299065,18.72914954,-1.58976995,81.83705800000001,-15.91211560000001,113.752808,1890.67,-8.57446,True,0.9774931220636316,0.2109672873179487,1886.7161162140728,-9.033093037367111,-0.126074,True,0.671999999999997
142.467,-0.0760452,0.0145066,1885.26,-8.62988,-0.000343041,-0.386501,-0.126331,2130.43,0.000161331,-0.38642,-0.312592,0.12611,-0.000343041,1.10994,0.000451504,-0.00269847,7.66935,-0.00160956,-0.0760671,0.0144906,7.66954,-0.126331,-1.01522,-0.0160867,0.0,0.0,-0.495,0.0,7.0,-0.147068,-1.5233,0.0,1296.17,78.9057,0.0,0.0,0.0,0.0,60.1229,-1.20172e-13,60.1229,0.0,0.0,0.0,0.0,1890.67,-8.57446,0.0,0.0,0.0,0.0,0.0,0.0,0.0,0.0,0.0,0.0,0.0,5303.71,-61.7625,0.0,0.0,0.0,0.0,0.0,0.0,0.0,0.0,0.0,0.0,0.0,6015.21,12.8502,0.0,0.0,0.0,0.0,0.0,0.0,0.0,0.0,0.0,999.0,999.0,1.0,13.452365211159028,gaze,0.6185744577558895,0.26966227220823,-52.37795606674974,63.05650011250264,208.3965949291044,29.79823455400146,-6.684878729539326,-30.1484547671497,-0.2067947517873155,0.2991644978045305,0.9315237698988608,5.232000827789307,-32.6011610294965,-6.513105615949944,-30.07057496250775,-0.1947048596026172,0.248605186102867,0.9488337468123086,4.789763927459717,-1.401463237747521,-6.598992172744636,-30.109514864828725,-0.2007498056949663,0.2738848419536988,0.9401787583555848,5.010882377624512,4.22440864422531,True,0.0,imu,0.8768920048000002,-9.6523917336,1.9523707392,-5.47299065,18.72914954,-1.58976995,81.83705800000001,-15.91211560000001,113.752808,1890.67,-8.57446,True,0.9774921757608376,0.2109716718574891,1886.7561144050885,-9.033179748186615,-0.126331,True,0.6559999999999775
142.483,-0.0529562,0.00115566,1885.29,-8.62996,-0.000327326,-0.384658,-0.126588,2130.11,0.000153262,-0.384578,-0.765478,0.105171,-0.000327326,-0.563859,0.00191112,-0.00268769,7.66821,-0.00159263,-0.0530232,0.0011447,7.66839,-0.126588,-0.626065,-0.0159921,0.0,0.0,-0.486,0.0,7.0,-0.147068,-1.51101,0.0,1296.17,78.6397,0.0,0.0,0.0,0.0,60.0372,2.18303e-15,60.0372,0.0,0.0,0.0,0.0,1890.67,-8.57446,0.0,0.0,0.0,0.0,0.0,0.0,0.0,0.0,0.0,0.0,0.0,5303.71,-61.7625,0.0,0.0,0.0,0.0,0.0,0.0,0.0,0.0,0.0,0.0,0.0,6015.21,12.8502,0.0,0.0,0.0,0.0,0.0,0.0,0.0,0.0,0.0,999.0,999.0,1.0,13.422514292099018,gaze,0.6185744577558895,0.26966227220823,-52.37795606674974,63.05650011250264,208.3965949291044,29.79823455400146,-6.684878729539326,-30.1484547671497,-0.2067947517873155,0.2991644978045305,0.9315237698988608,5.232000827789307,-32.6011610294965,-6.513105615949944,-30.07057496250775,-0.1947048596026172,0.248605186102867,0.9488337468123086,4.789763927459717,-1.401463237747521,-6.598992172744636,-30.109514864828725,-0.2007498056949663,0.2738848419536988,0.9401787583555848,5.010882377624512,4.22440864422531,True,0.0,imu,0.8768920048000002,-9.6523917336,1.9523707392,-5.47299065,18.72914954,-1.58976995,81.83705800000001,-15.91211560000001,113.752808,1890.67,-8.57446,True,0.9774912294383764,0.2109760563927847,1886.7861125960735,-9.033266458998003,-0.126588,True,0.6399999999999864
142.499,0.146571,0.00297997,1885.32,-8.63005,-0.000312688,-0.383137,-0.126842,2129.83,8.82583e-05,-0.383056,-3.63173,0.0863783,-0.000312688,-0.15748,0.000102351,-0.0026779,7.6672,-0.00157265,0.146552,0.00301005,7.66737,-0.126842,0.963481,-0.0151838,0.0,0.0,-0.486,0.0,7.0,-0.147068,-1.49878,0.0,1296.17,78.374,0.0,0.0,0.0,0.0,59.9518,-3.64488e-13,59.9518,0.0,0.0,0.0,0.0,1890.67,-8.57446,0.0,0.0,0.0,0.0,0.0,0.0,0.0,0.0,0.0,0.0,0.0,5303.71,-61.7625,0.0,0.0,0.0,0.0,0.0,0.0,0.0,0.0,0.0,0.0,0.0,6015.21,12.8502,0.0,0.0,0.0,0.0,0.0,0.0,0.0,0.0,0.0,999.0,999.0,1.0,13.392663013848408,gaze,0.6185744577558895,0.26966227220823,-52.37795606674974,63.05650011250264,208.3965949291044,29.79823455400146,-6.684878729539326,-30.1484547671497,-0.2067947517873155,0.2991644978045305,0.9315237698988608,5.232000827789307,-32.6011610294965,-6.513105615949944,-30.07057496250775,-0.1947048596026172,0.248605186102867,0.9488337468123086,4.789763927459717,-1.401463237747521,-6.598992172744636,-30.109514864828725,-0.2007498056949663,0.2738848419536988,0.9401787583555848,5.010882377624512,4.22440864422531,True,0.0,imu,0.8768920048000002,-9.6523917336,1.9523707392,-5.47299065,18.72914954,-1.58976995,81.83705800000001,-15.91211560000001,113.752808,1890.67,-8.57446,True,0.9774902941431572,0.2109803897425638,1886.8161108081465,-9.0333630914651,-0.126842,True,0.6239999999999952
142.515,-0.468211,0.0176985,1885.36,-8.63013,-0.000314332,-0.381748,-0.127094,2126.7,6.33646e-05,-0.381668,4.8794,0.109477,-0.000314332,1.88193,0.000404163,-0.00266871,7.65594,-0.00154788,-0.468038,0.0176038,7.65612,-0.127094,0.678461,-0.0156725,1.00256,0.0,-0.486,0.0,7.0,-0.147068,-1.48655,0.0,1296.17,78.1082,0.0,0.0,0.0,0.0,59.8665,-7.31158e-13,59.8665,0.0,0.0,0.0,0.0,1890.67,-8.57446,0.0,0.0,0.0,0.0,0.0,0.0,0.0,0.0,0.0,0.0,0.0,5303.71,-61.7625,0.0,0.0,0.0,0.0,0.0,0.0,0.0,0.0,0.0,0.0,0.0,6015.21,12.8502,0.0,0.0,0.0,0.0,0.0,0.0,0.0,0.0,0.0,999.0,999.0,1.0,13.352866462932372,gaze,0.6185744577558895,0.26966227220823,-52.37795606674974,63.05650011250264,208.3965949291044,29.79823455400146,-6.684878729539326,-30.1484547671497,-0.2067947517873155,0.2991644978045305,0.9315237698988608,5.232000827789307,-32.6011610294965,-6.513105615949944,-30.07057496250775,-0.1947048596026172,0.248605186102867,0.9488337468123086,4.789763927459717,-1.401463237747521,-6.598992172744636,-30.109514864828725,-0.2007498056949663,0.2738848419536988,0.9401787583555848,5.010882377624512,4.22440864422531,True,0.0,imu,0.8768920048000002,-9.6523917336,1.9523707392,-5.47299065,18.72914954,-1.58976995,81.83705800000001,-15.91211560000001,113.752808,1890.67,-8.57446,True,0.9774893661934831,0.210984688967381,1886.856109034268,-9.033449671700213,-0.127094,True,0.6080000000000041
142.531,-0.10089,-0.0439234,1885.39,-8.63021,-0.000309327,-0.379565,-0.127346,2123.72,-0.000144771,-0.379485,0.361752,0.136648,-0.000309327,-2.54073,-0.000616301,-0.0026585,7.6452,-0.00163453,-0.100863,-0.043945,7.64538,-0.127346,3.19688,-0.0149959,0.0,0.0,-0.486,0.0,7.0,-0.147068,-1.47452,0.0,1296.17,77.843,0.0,0.0,0.0,0.0,59.7825,-4.92274e-13,59.7825,0.0,0.0,0.0,0.0,1890.67,-8.57446,0.0,0.0,0.0,0.0,0.0,0.0,0.0,0.0,0.0,0.0,0.0,5303.71,-61.7625,0.0,0.0,0.0,0.0,0.0,0.0,0.0,0.0,0.0,0.0,0.0,6015.21,12.8502,0.0,0.0,0.0,0.0,0.0,0.0,0.0,0.0,0.0,999.0,999.0,1.0,13.323017787427094,gaze,0.6185744577558895,0.26966227220823,-52.37795606674974,63.05650011250264,208.3965949291044,29.79823455400146,-6.684878729539326,-30.1484547671497,-0.2067947517873155,0.2991644978045305,0.9315237698988608,5.232000827789307,-32.6011610294965,-6.513105615949944,-30.07057496250775,-0.1947048596026172,0.248605186102867,0.9488337468123086,4.789763927459717,-1.401463237747521,-6.598992172744636,-30.109514864828725,-0.2007498056949663,0.2738848419536988,0.9401787583555848,5.010882377624512,4.22440864422531,True,0.0,imu,0.8768920048000002,-9.6523917336,1.9523707392,-5.47299065,18.72914954,-1.58976995,81.83705800000001,-15.91211560000001,113.752808,1890.67,-8.57446,True,0.9774884382249004,0.2109889881881168,1886.886107260361,-9.03353625192752,-0.127346,True,0.5919999999999845
142.547,-0.0614288,0.00856461,1885.43,-8.63029,-0.000295192,-0.377551,-0.127598,2123.39,-0.000300909,-0.377471,-0.76541,0.115938,-0.000295192,0.895545,0.00114415,-0.00265111,7.64404,-0.00156794,-0.0614227,0.00855201,7.64422,-0.127598,-0.833497,-0.0161743,0.0,0.0,-0.486,0.0,7.0,-0.147068,-1.46256,0.0,1296.16,77.5779,0.0,0.0,0.0,0.0,59.6992,-5.76486e-15,59.6992,0.0,0.0,0.0,0.0,1890.67,-8.57446,0.0,0.0,0.0,0.0,0.0,0.0,0.0,0.0,0.0,0.0,0.0,5303.71,-61.7625,0.0,0.0,0.0,0.0,0.0,0.0,0.0,0.0,0.0,0.0,0.0,6015.21,12.8502,0.0,0.0,0.0,0.0,0.0,0.0,0.0,0.0,0.0,999.0,999.0,1.0,13.283223372513906,gaze,0.6185744577558895,0.26966227220823,-52.37795606674974,63.05650011250264,208.3965949291044,29.79823455400146,-6.684878729539326,-30.1484547671497,-0.2067947517873155,0.2991644978045305,0.9315237698988608,5.232000827789307,-32.6011610294965,-6.513105615949944,-30.07057496250775,-0.1947048596026172,0.248605186102867,0.9488337468123086,4.789763927459717,-1.401463237747521,-6.598992172744636,-30.109514864828725,-0.2007498056949663,0.2738848419536988,0.9401787583555848,5.010882377624512,4.22440864422531,True,0.0,imu,0.8768920048000002,-9.6523917336,1.9523707392,-5.47299065,18.72914954,-1.58976995,81.83705800000001,-15.91211560000001,113.752808,1890.67,-8.57446,True,0.9774875102374084,0.2109932874047712,1886.9261054864253,-9.03362283214703,-0.127598,True,0.5759999999999934
142.563,-0.0205103,-0.0108743,1885.46,-8.63038,-0.000282339,-0.375883,-0.127848,2123.08,-0.000248343,-0.375804,-1.25436,0.0944305,-0.000282339,-0.396253,0.000243915,-0.00264348,7.64292,-0.00157648,-0.020514,-0.0108785,7.64309,-0.127848,1.41169,-0.0154506,0.0,0.0,-0.486,0.0,7.0,-0.147068,-1.4506,0.0,1296.16,77.3129,0.0,0.0,0.0,0.0,59.6158,4.80745e-13,59.6158,0.0,0.0,0.0,0.0,1890.67,-8.57446,0.0,0.0,0.0,0.0,0.0,0.0,0.0,0.0,0.0,0.0,0.0,5303.71,-61.7625,0.0,0.0,0.0,0.0,0.0,0.0,0.0,0.0,0.0,0.0,0.0,6015.21,12.8502,0.0,0.0,0.0,0.0,0.0,0.0,0.0,0.0,0.0,999.0,999.0,1.0,13.25337526460337,gaze,0.6185744577558895,0.26966227220823,-52.37795606674974,63.05650011250264,208.3965949291044,29.79823455400146,-6.684878729539326,-30.1484547671497,-0.2067947517873155,0.2991644978045305,0.9315237698988608,5.232000827789307,-32.6011610294965,-6.513105615949944,-30.07057496250775,-0.1947048596026172,0.248605186102867,0.9488337468123086,4.789763927459717,-1.401463237747521,-6.598992172744636,-30.109514864828725,-0.2007498056949663,0.2738848419536988,0.9401787583555848,5.010882377624512,4.22440864422531,True,0.0,imu,0.8768920048000002,-9.6523917336,1.9523707392,-5.47299065,18.72914954,-1.58976995,81.83705800000001,-15.91211560000001,113.752808,1890.67,-8.57446,True,0.9774865895962124,0.2109975524966253,1886.95610372654,-9.033719360134864,-0.127848,True,0.5600000000000023
142.579,0.050691,-0.0173086,1885.49,-8.63046,-0.000276589,-0.374539,-0.128099,2122.78,0.000297924,-0.37446,-2.34465,0.0742313,-0.000276589,-1.67292,-0.00053281,-0.00263577,7.64182,-0.00155529,0.0506579,-0.0172983,7.642,-0.128099,-1.82018,-0.0165704,0.0,0.0,-0.486,0.0,7.0,-0.147068,-1.4387,0.0,1296.16,77.0455,0.0,0.0,0.0,0.0,59.5328,-3.44784e-13,59.5328,0.0,0.0,0.0,0.0,1890.67,-8.57446,0.0,0.0,0.0,0.0,0.0,0.0,0.0,0.0,0.0,0.0,0.0,5303.71,-61.7625,0.0,0.0,0.0,0.0,0.0,0.0,0.0,0.0,0.0,0.0,0.0,6015.21,12.8502,0.0,0.0,0.0,0.0,0.0,0.0,0.0,0.0,0.0,999.0,999.0,1.0,13.223528883456227,gaze,0.6185744577558895,0.26966227220823,-52.37795606674974,63.05650011250264,208.3965949291044,29.79823455400146,-6.684878729539326,-30.1484547671497,-0.2067947517873155,0.2991644978045305,0.9315237698988608,5.232000827789307,-32.6011610294965,-6.513105615949944,-30.07057496250775,-0.1947048596026172,0.248605186102867,0.9488337468123086,4.789763927459717,-1.401463237747521,-6.598992172744636,-30.109514864828725,-0.2007498056949663,0.2738848419536988,0.9401787583555848,5.010882377624512,4.22440864422531,True,0.0,imu,0.8768920048000002,-9.6523917336,1.9523707392,-5.47299065,18.72914954,-1.58976995,81.83705800000001,-15.91211560000001,113.752808,1890.67,-8.57446,True,0.9774856652537296,0.2110018346448057,1886.9861019595855,-9.033805914226924,-0.128099,True,0.5439999999999827
142.595,-0.0211106,0.0158818,1885.53,-8.63054,-0.000283784,-0.373524,-0.128349,2122.43,1.37703e-05,-0.373445,-0.82197,0.0545797,-0.000283784,1.39926,0.000610225,-0.00262771,7.64058,-0.00152725,-0.0211497,0.0158776,7.64075,-0.128349,2.38475,-0.0149803,0.0,0.0,-0.486,0.0,7.0,-0.147068,-1.42682,0.0,1296.16,76.7764,0.0,0.0,0.0,0.0,59.4499,-2.089e-12,59.4499,0.0,0.0,0.0,0.0,1890.67,-8.57446,0.0,0.0,0.0,0.0,0.0,0.0,0.0,0.0,0.0,0.0,0.0,5303.71,-61.7625,0.0,0.0,0.0,0.0,0.0,0.0,0.0,0.0,0.0,0.0,0.0,6015.21,12.8502,0.0,0.0,0.0,0.0,0.0,0.0,0.0,0.0,0.0,999.0,999.0,1.0,13.183737572160716,gaze,0.6185744577558895,0.26966227220823,-52.37795606674974,63.05650011250264,208.3965949291044,29.79823455400146,-6.684878729539326,-30.1484547671497,-0.2067947517873155,0.2991644978045305,0.9315237698988608,5.232000827789307,-32.6011610294965,-6.513105615949944,-30.07057496250775,-0.1947048596026172,0.248605186102867,0.9488337468123086,4.789763927459717,-1.401463237747521,-6.598992172744636,-30.109514864828725,-0.2007498056949663,0.2738848419536988,0.9401787583555848,5.010882377624512,4.22440864422531,True,0.0,imu,0.8768920048000002,-9.6523917336,1.9523707392,-5.47299065,18.72914954,-1.58976995,81.83705800000001,-15.91211560000001,113.752808,1890.67,-8.57446,True,0.9774847445752388,0.2110060997286095,1887.026100199643,-9.03389244219937,-0.128349,True,0.5279999999999916
142.611,-0.110511,-0.0405413,1885.56,-8.63062,-0.000294265,-0.372772,-0.128602,2122.08,-3.77318e-05,-0.372693,0.851756,0.0416174,-0.000294265,-3.87426,-0.00172902,-0.00262186,7.63932,-0.00157152,-0.110529,-0.0405641,7.63948,-0.128602,-2.21192,-0.0163801,0.0,0.0,-0.486,0.0,7.0,-0.147068,-1.41495,0.0,1296.16,76.5074,0.0,0.0,0.0,0.0,59.3671,-3.83321e-12,59.3671,0.0,0.0,0.0,0.0,1890.67,-8.57446,0.0,0.0,0.0,0.0,0.0,0.0,0.0,0.0,0.0,0.0,0.0,5303.71,-61.7625,0.0,0.0,0.0,0.0,0.0,0.0,0.0,0.0,0.0,0.0,0.0,6015.21,12.8502,0.0,0.0,0.0,0.0,0.0,0.0,0.0,0.0,0.0,999.0,999.0,1.0,13.15389283156902,gaze,0.6185744577558895,0.26966227220823,-52.37795606674974,63.05650011250264,208.3965949291044,29.79823455400146,-6.684878729539326,-30.1484547671497,-0.2067947517873155,0.2991644978045305,0.9315237698988608,5.232000827789307,-32.6011610294965,-6.513105615949944,-30.07057496250775,-0.1947048596026172,0.248605186102867,0.9488337468123086,4.789763927459717,-1.401463237747521,-6.598992172744636,-30.109514864828725,-0.2007498056949663,0.2738848419536988,0.9401787583555848,5.010882377624512,4.22440864422531,True,0.0,imu,0.8768920048000002,-9.6523917336,1.9523707392,-5.47299065,18.72914954,-1.58976995,81.83705800000001,-15.91211560000001,113.752808,1890.67,-8.57446,True,0.9774838128296602,0.2110104159893291,1887.056098418552,-9.033979048499669,-0.128602,True,0.5120000000000005
142.627,0.0224773,0.00483899,1885.6,-8.63071,-0.000317727,-0.372189,-0.128851,2121.79,5.8738e-05,-0.37211,-1.1703,0.0323888,-0.000317727,0.996658,-0.00206498,-0.00261766,7.63828,-0.00151415,0.02247,0.00484345,7.63845,-0.128851,-0.501571,-0.0156631,0.0,0.0,-0.486,0.0,7.0,-0.147068,-1.40347,0.0,1296.16,76.2445,0.0,0.0,0.0,0.0,59.2871,-4.13915e-12,59.2871,0.0,0.0,0.0,0.0,1890.67,-8.57446,0.0,0.0,0.0,0.0,0.0,0.0,0.0,0.0,0.0,0.0,0.0,5303.71,-61.7625,0.0,0.0,0.0,0.0,0.0,0.0,0.0,0.0,0.0,0.0,0.0,6015.21,12.8502,0.0,0.0,0.0,0.0,0.0,0.0,0.0,0.0,0.0,999.0,999.0,1.0,13.114102692296708,gaze,0.6185744577558895,0.26966227220823,-52.37795606674974,63.05650011250264,208.3965949291044,29.79823455400146,-6.684878729539326,-30.1484547671497,-0.2067947517873155,0.2991644978045305,0.9315237698988608,5.232000827789307,-32.6011610294965,-6.513105615949944,-30.07057496250775,-0.1947048596026172,0.248605186102867,0.9488337468123086,4.789763927459717,-1.401463237747521,-6.598992172744636,-30.109514864828725,-0.2007498056949663,0.2738848419536988,0.9401787583555848,5.010882377624512,4.22440864422531,True,0.0,imu,0.8768920048000002,-9.6523917336,1.9523707392,-5.47299065,18.72914954,-1.58976995,81.83705800000001,-15.91211560000001,113.752808,1890.67,-8.57446,True,0.9774828957966274,0.2110146640047553,1887.096096665592,-9.034075550344848,-0.128851,True,0.4959999999999809
142.643,-0.103331,-0.0238263,1885.63,-8.63079,-0.000349094,-0.371716,-0.129101,2121.44,3.52903e-05,-0.371637,1.16268,0.0279041,-0.000349094,-2.03834,-0.00143058,-0.00261445,7.63701,-0.00150139,-0.103338,-0.0238466,7.63718,-0.129101,0.0911324,-0.0160204,0.0,0.0,-0.486,0.0,7.0,-0.147068,-1.39235,0.0,1296.16,75.9872,0.0,0.0,0.0,0.0,59.2095,-3.13927e-12,59.2095,0.0,0.0,0.0,0.0,1890.67,-8.57446,0.0,0.0,0.0,0.0,0.0,0.0,0.0,0.0,0.0,0.0,0.0,5303.71,-61.7625,0.0,0.0,0.0,0.0,0.0,0.0,0.0,0.0,0.0,0.0,0.0,6015.21,12.8502,0.0,0.0,0.0,0.0,0.0,0.0,0.0,0.0,0.0,999.0,999.0,1.0,13.084259616199096,gaze,0.6185744577558895,0.26966227220823,-52.37795606674974,63.05650011250264,208.3965949291044,29.79823455400146,-6.684878729539326,-30.1484547671497,-0.2067947517873155,0.2991644978045305,0.9315237698988608,5.232000827789307,-32.6011610294965,-6.513105615949944,-30.07057496250775,-0.1947048596026172,0.248605186102867,0.9488337468123086,4.789763927459717,-1.401463237747521,-6.598992172744636,-30.109514864828725,-0.2007498056949663,0.2738848419536988,0.9401787583555848,5.010882377624512,4.22440864422531,True,0.0,imu,0.8768920048000002,-9.6523917336,1.9523707392,-5.47299065,18.72914954,-1.58976995,81.83705800000001,-15.91211560000001,113.752808,1890.67,-8.57446,True,0.9774819750621582,0.211018929076475,1887.1260949055636,-9.034162078294194,-0.129101,True,0.47999999999998977
142.659,0.0897904,-0.0172071,1885.66,-8.63087,-0.000371278,-0.371291,-0.129354,2121.16,-0.000270359,-0.371213,-2.11985,0.0253191,-0.000371278,-1.26855,-0.0020504,-0.00261213,7.63603,-0.00154568,0.089786,-0.0171889,7.63619,-0.129354,0.275378,-0.0156237,0.0,0.0,-0.486,0.0,7.0,-0.147068,-1.38122,0.0,1296.15,75.73,0.0,0.0,0.0,0.0,59.132,-2.13939e-12,59.132,0.0,0.0,0.0,0.0,1890.67,-8.57446,0.0,0.0,0.0,0.0,0.0,0.0,0.0,0.0,0.0,0.0,0.0,5303.71,-61.7625,0.0,0.0,0.0,0.0,0.0,0.0,0.0,0.0,0.0,0.0,0.0,6015.21,12.8502,0.0,0.0,0.0,0.0,0.0,0.0,0.0,0.0,0.0,999.0,999.0,1.0,13.05441725995072,gaze,0.6185744577558895,0.26966227220823,-52.37795606674974,63.05650011250264,208.3965949291044,29.79823455400146,-6.684878729539326,-30.1484547671497,-0.2067947517873155,0.2991644978045305,0.9315237698988608,5.232000827789307,-32.6011610294965,-6.513105615949944,-30.07057496250775,-0.1947048596026172,0.248605186102867,0.9488337468123086,4.789763927459717,-1.401463237747521,-6.598992172744636,-30.109514864828725,-0.2007498056949663,0.2738848419536988,0.9401787583555848,5.010882377624512,4.22440864422531,True,0.0,imu,0.8768920048000002,-9.6523917336,1.9523707392,-5.47299065,18.72914954,-1.58976995,81.83705800000001,-15.91211560000001,113.752808,1890.67,-8.57446,True,0.9774810432599292,0.2110232453249651,1887.1560931243853,-9.034248684571114,-0.129354,True,0.46399999999999864
142.675,-0.00389379,-0.014992,1885.7,-8.63096,-0.000380432,-0.370893,-0.129609,2120.82,-6.24054e-05,-0.370815,-0.443061,0.0243292,-0.000380432,-1.06989,-0.000417005,-0.00261033,7.63479,-0.00157653,-0.0038813,-0.0149928,7.63495,-0.129609,1.13337,-0.0154342,0.0,0.0,-0.486,0.0,7.0,-0.147068,-1.37012,0.0,1296.15,75.4712,0.0,0.0,0.0,0.0,59.0546,-2.14446e-12,59.0546,0.0,0.0,0.0,0.0,1890.67,-8.57446,0.0,0.0,0.0,0.0,0.0,0.0,0.0,0.0,0.0,0.0,0.0,5303.71,-61.7625,0.0,0.0,0.0,0.0,0.0,0.0,0.0,0.0,0.0,0.0,0.0,6015.21,12.8502,0.0,0.0,0.0,0.0,0.0,0.0,0.0,0.0,0.0,999.0,999.0,1.0,13.014630338261636,gaze,0.6185744577558895,0.26966227220823,-52.37795606674974,63.05650011250264,208.3965949291044,29.79823455400146,-6.684878729539326,-30.1484547671497,-0.2067947517873155,0.2991644978045305,0.9315237698988608,5.232000827789307,-32.6011610294965,-6.513105615949944,-30.07057496250775,-0.1947048596026172,0.248605186102867,0.9488337468123086,4.789763927459717,-1.401463237747521,-6.598992172744636,-30.109514864828725,-0.2007498056949663,0.2738848419536988,0.9401787583555848,5.010882377624512,4.22440864422531,True,0.0,imu,0.8768920048000002,-9.6523917336,1.9523707392,-5.47299065,18.72914954,-1.58976995,81.83705800000001,-15.91211560000001,113.752808,1890.67,-8.57446,True,0.9774801040723888,0.2110275956898332,1887.1960913290975,-9.034345343063608,-0.129609,True,0.4479999999999791
142.691,0.0231293,0.0256286,1885.73,-8.63104,-0.000363506,-0.370535,-0.129864,2120.51,0.000145732,-0.370457,-0.718976,0.0202941,-0.000363506,1.67062,0.00161303,-0.0026075,7.63369,-0.00156376,0.023152,0.0256333,7.63385,-0.129864,-0.203371,-0.0154713,0.0,0.0,-0.486,0.0,7.0,-0.147068,-1.35905,0.0,1296.15,75.2095,0.0,0.0,0.0,0.0,58.9774,-4.13904e-12,58.9774,0.0,0.0,0.0,0.0,1890.67,-8.57446,0.0,0.0,0.0,0.0,0.0,0.0,0.0,0.0,0.0,0.0,0.0,5303.71,-61.7625,0.0,0.0,0.0,0.0,0.0,0.0,0.0,0.0,0.0,0.0,0.0,6015.21,12.8502,0.0,0.0,0.0,0.0,0.0,0.0,0.0,0.0,0.0,999.0,999.0,1.0,12.984789684919848,gaze,0.6185744577558895,0.26966227220823,-52.37795606674974,63.05650011250264,208.3965949291044,29.79823455400146,-6.684878729539326,-30.1484547671497,-0.2067947517873155,0.2991644978045305,0.9315237698988608,5.232000827789307,-32.6011610294965,-6.513105615949944,-30.07057496250775,-0.1947048596026172,0.248605186102867,0.9488337468123086,4.789763927459717,-1.401463237747521,-6.598992172744636,-30.109514864828725,-0.2007498056949663,0.2738848419536988,0.9401787583555848,5.010882377624512,4.22440864422531,True,0.0,imu,0.8768920048000002,-9.6523917336,1.9523707392,-5.47299065,18.72914954,-1.58976995,81.83705800000001,-15.91211560000001,113.752808,1890.67,-8.57446,True,0.977479164865487,0.2110319460505214,1887.2260895337804,-9.034432001548112,-0.129864,True,0.43199999999998795
142.707,-0.0533466,0.00959032,1885.77,-8.63112,-0.000379167,-0.370241,-0.130111,2120.17,-0.000239072,-0.370163,0.641273,0.0173578,-0.000379167,0.855882,-0.00164002,-0.00260509,7.63246,-0.00151723,-0.0533163,0.00957969,7.63262,-0.130111,-0.62678,-0.0155409,0.0,0.0,-0.486,0.0,7.0,-0.147068,-1.34798,0.0,1296.15,74.9479,0.0,0.0,0.0,0.0,58.9002,-6.13362e-12,58.9002,0.0,0.0,0.0,0.0,1890.67,-8.57446,0.0,0.0,0.0,0.0,0.0,0.0,0.0,0.0,0.0,0.0,0.0,5303.71,-61.7625,0.0,0.0,0.0,0.0,0.0,0.0,0.0,0.0,0.0,0.0,0.0,6015.21,12.8502,0.0,0.0,0.0,0.0,0.0,0.0,0.0,0.0,0.0,999.0,999.0,1.0,12.94500612183717,gaze,0.6185744577558895,0.26966227220823,-52.37795606674974,63.05650011250264,208.3965949291044,29.79823455400146,-6.684878729539326,-30.1484547671497,-0.2067947517873155,0.2991644978045305,0.9315237698988608,5.232000827789307,-32.6011610294965,-6.513105615949944,-30.07057496250775,-0.1947048596026172,0.248605186102867,0.9488337468123086,4.789763927459717,-1.401463237747521,-6.598992172744636,-30.109514864828725,-0.2007498056949663,0.2738848419536988,0.9401787583555848,5.010882377624512,4.22440864422531,True,0.0,imu,0.8768920048000002,-9.6523917336,1.9523707392,-5.47299065,18.72914954,-1.58976995,81.83705800000001,-15.91211560000001,113.752808,1890.67,-8.57446,True,0.9774782551054396,0.2110361599253202,1887.2660877947585,-9.034518451131364,-0.130111,True,0.4159999999999968
142.723,-0.158071,-0.00727901,1885.8,-8.63121,-0.00040429,-0.369972,-0.130361,2119.83,0.00017745,-0.369894,2.14936,0.0172888,-0.00040429,-0.1468,-0.000814452,-0.00260374,7.63122,-0.00155496,-0.158082,-0.00731121,7.63138,-0.130361,0.105278,-0.0159823,0.0,0.0,-0.486,0.0,7.0,-0.147068,-1.33693,0.0,1296.15,74.6854,0.0,0.0,0.0,0.0,58.8231,-6.90986e-12,58.8231,0.0,0.0,0.0,0.0,1890.67,-8.57446,0.0,0.0,0.0,0.0,0.0,0.0,0.0,0.0,0.0,0.0,0.0,5303.71,-61.7625,0.0,0.0,0.0,0.0,0.0,0.0,0.0,0.0,0.0,0.0,0.0,6015.21,12.8502,0.0,0.0,0.0,0.0,0.0,0.0,0.0,0.0,0.0,999.0,999.0,1.0,12.915166138463048,gaze,0.6185744577558895,0.26966227220823,-52.37795606674974,63.05650011250264,208.3965949291044,29.79823455400146,-6.684878729539326,-30.1484547671497,-0.2067947517873155,0.2991644978045305,0.9315237698988608,5.232000827789307,-32.6011610294965,-6.513105615949944,-30.07057496250775,-0.1947048596026172,0.248605186102867,0.9488337468123086,4.789763927459717,-1.401463237747521,-6.598992172744636,-30.109514864828725,-0.2007498056949663,0.2738848419536988,0.9401787583555848,5.010882377624512,4.22440864422531,True,0.0,imu,0.8768920048000002,-9.6523917336,1.9523707392,-5.47299065,18.72914954,-1.58976995,81.83705800000001,-15.91211560000001,113.752808,1890.67,-8.57446,True,0.9774773342771768,0.2110404249767908,1887.2960860345863,-9.034614979042004,-0.130361,True,0.39999999999997726
142.739,-0.0991034,0.00393214,1885.83,-8.63129,-0.000399975,-0.369704,-0.130615,2119.53,-0.000289936,-0.369625,1.31892,0.0178268,-0.000399975,0.53828,0.000995432,-0.00260276,7.63014,-0.00151188,-0.0991141,0.00391251,7.6303,-0.130615,1.71872,-0.0156304,0.0,0.0,-0.486,0.0,7.0,-0.147068,-1.32594,0.0,1296.15,74.4199,0.0,0.0,0.0,0.0,58.7465,-3.17464e-12,58.7465,0.0,0.0,0.0,0.0,1890.67,-8.57446,0.0,0.0,0.0,0.0,0.0,0.0,0.0,0.0,0.0,0.0,0.0,5303.71,-61.7625,0.0,0.0,0.0,0.0,0.0,0.0,0.0,0.0,0.0,0.0,0.0,6015.21,12.8502,0.0,0.0,0.0,0.0,0.0,0.0,0.0,0.0,0.0,999.0,999.0,1.0,12.885327964165414,gaze,0.6185744577558895,0.26966227220823,-52.37795606674974,63.05650011250264,208.3965949291044,29.79823455400146,-6.684878729539326,-30.1484547671497,-0.2067947517873155,0.2991644978045305,0.9315237698988608,5.232000827789307,-32.6011610294965,-6.513105615949944,-30.07057496250775,-0.1947048596026172,0.248605186102867,0.9488337468123086,4.789763927459717,-1.401463237747521,-6.598992172744636,-30.109514864828725,-0.2007498056949663,0.2738848419536988,0.9401787583555848,5.010882377624512,4.22440864422531,True,0.0,imu,0.8768920048000002,-9.6523917336,1.9523707392,-5.47299065,18.72914954,-1.58976995,81.83705800000001,-15.91211560000001,113.752808,1890.67,-8.57446,True,0.977476398696603,0.2110447582649701,1887.3260842462223,-9.034701611391348,-0.130615,True,0.38399999999998613
142.755,0.051622,0.0218718,1885.87,-8.63138,-0.000399759,-0.369407,-0.130867,2119.25,-0.000220881,-0.369329,-1.0616,0.0187279,-0.000399759,1.82606,0.00143579,-0.0026017,7.62915,-0.00152077,0.05166,0.0218821,7.62931,-0.130867,-0.141242,-0.0159462,0.0,0.0,-0.486,0.0,7.0,-0.147068,-1.31494,0.0,1296.15,74.1545,0.0,0.0,0.0,0.0,58.6698,5.60567e-13,58.6698,0.0,0.0,0.0,0.0,1890.67,-8.57446,0.0,0.0,0.0,0.0,0.0,0.0,0.0,0.0,0.0,0.0,0.0,5303.71,-61.7625,0.0,0.0,0.0,0.0,0.0,0.0,0.0,0.0,0.0,0.0,0.0,6015.21,12.8502,0.0,0.0,0.0,0.0,0.0,0.0,0.0,0.0,0.0,999.0,999.0,1.0,12.845546686085576,gaze,0.6185744577558895,0.26966227220823,-52.37795606674974,63.05650011250264,208.3965949291044,29.79823455400146,-6.684878729539326,-30.1484547671497,-0.2067947517873155,0.2991644978045305,0.9315237698988608,5.232000827789307,-32.6011610294965,-6.513105615949944,-30.07057496250775,-0.1947048596026172,0.248605186102867,0.9488337468123086,4.789763927459717,-1.401463237747521,-6.598992172744636,-30.109514864828725,-0.2007498056949663,0.2738848419536988,0.9401787583555848,5.010882377624512,4.22440864422531,True,0.0,imu,0.8768920048000002,-9.6523917336,1.9523707392,-5.47299065,18.72914954,-1.58976995,81.83705800000001,-15.91211560000001,113.752808,1890.67,-8.57446,True,0.9774754704638215,0.2110490574286713,1887.3660824719109,-9.034798191509635,-0.130867,True,0.367999999999995
142.771,-0.0143025,0.00518647,1885.9,-8.63146,-0.000389635,-0.369095,-0.131119,2118.92,-0.000107117,-0.369017,-0.0906174,0.0202113,-0.000389635,0.441889,0.000743116,-0.00260089,7.62795,-0.00156277,-0.0143081,0.00518354,7.62811,-0.131119,0.674114,-0.0153848,0.0,0.0,-0.486,0.0,7.0,-0.147068,-1.30403,0.0,1296.14,73.89,0.0,0.0,0.0,0.0,58.5937,3.8822e-12,58.5937,0.0,0.0,0.0,0.0,1890.67,-8.57446,0.0,0.0,0.0,0.0,0.0,0.0,0.0,0.0,0.0,0.0,0.0,5303.71,-61.7625,0.0,0.0,0.0,0.0,0.0,0.0,0.0,0.0,0.0,0.0,0.0,6015.21,12.8502,0.0,0.0,0.0,0.0,0.0,0.0,0.0,0.0,0.0,999.0,999.0,1.0,12.815710282758388,gaze,0.6185744577558895,0.26966227220823,-52.37795606674974,63.05650011250264,208.3965949291044,29.79823455400146,-6.684878729539326,-30.1484547671497,-0.2067947517873155,0.2991644978045305,0.9315237698988608,5.232000827789307,-32.6011610294965,-6.513105615949944,-30.07057496250775,-0.1947048596026172,0.248605186102867,0.9488337468123086,4.789763927459717,-1.401463237747521,-6.598992172744636,-30.109514864828725,-0.2007498056949663,0.2738848419536988,0.9401787583555848,5.010882377624512,4.22440864422531,True,0.0,imu,0.8768920048000002,-9.6523917336,1.9523707392,-5.47299065,18.72914954,-1.58976995,81.83705800000001,-15.91211560000001,113.752808,1890.67,-8.57446,True,0.9774745422121316,0.2110533565882899,1887.3960806975704,-9.034884771620115,-0.131119,True,0.35200000000000387
142.787,0.124676,-0.00347387,1885.94,-8.63155,-0.000389605,-0.368775,-0.13137,2118.64,-0.00013227,-0.368697,-2.66225,0.0176738,-0.000389605,-1.03885,8.66009e-05,-0.00259886,7.62696,-0.00154241,0.124639,-0.00344862,7.62712,-0.13137,-0.0884661,-0.0156248,0.0,0.0,-0.495,0.0,7.0,-0.147068,-1.29355,0.0,1296.14,73.6311,0.0,0.0,0.0,0.0,58.5205,4.80831e-12,58.5205,0.0,0.0,0.0,0.0,1890.67,-8.57446,0.0,0.0,0.0,0.0,0.0,0.0,0.0,0.0,0.0,0.0,0.0,5303.71,-61.7625,0.0,0.0,0.0,0.0,0.0,0.0,0.0,0.0,0.0,0.0,0.0,6015.21,12.8502,0.0,0.0,0.0,0.0,0.0,0.0,0.0,0.0,0.0,999.0,999.0,1.0,12.775931394716393,gaze,0.6185744577558895,0.26966227220823,-52.37795606674974,63.05650011250264,208.3965949291044,29.79823455400146,-6.684878729539326,-30.1484547671497,-0.2067947517873155,0.2991644978045305,0.9315237698988608,5.232000827789307,-32.6011610294965,-6.513105615949944,-30.07057496250775,-0.1947048596026172,0.248605186102867,0.9488337468123086,4.789763927459717,-1.401463237747521,-6.598992172744636,-30.109514864828725,-0.2007498056949663,0.2738848419536988,0.9401787583555848,5.010882377624512,4.22440864422531,True,0.0,imu,0.8768920048000002,-9.6523917336,1.9523707392,-5.47299065,18.72914954,-1.58976995,81.83705800000001,-15.91211560000001,113.752808,1890.67,-8.57446,True,0.9774736176251836,0.2110576386836928,1887.4360789302425,-9.034981325611293,-0.13137,True,0.3359999999999843
142.803,-1.28828,0.0096379,1885.97,-8.63163,-0.000396009,-0.364833,-0.13162,2085.41,-0.000383163,-0.364756,24.5767,0.45549,-0.000396009,0.780473,-0.000394682,-0.00257541,7.5073,-0.00149908,-1.28944,0.00938165,7.5075,-0.13162,0.101816,-0.0156798,0.0,0.0,-0.495,0.0,7.0,-0.147068,-1.28307,0.0,1296.14,73.3721,0.0,0.0,0.0,0.0,58.4474,5.73443e-12,58.4474,0.0,0.0,0.0,0.0,1890.67,-8.57446,0.0,0.0,0.0,0.0,0.0,0.0,0.0,0.0,0.0,0.0,0.0,5303.71,-61.7625,0.0,0.0,0.0,0.0,0.0,0.0,0.0,0.0,0.0,0.0,0.0,6015.21,12.8502,0.0,0.0,0.0,0.0,0.0,0.0,0.0,0.0,0.0,999.0,999.0,1.0,12.746096791445632,gaze,0.6185744577558895,0.26966227220823,-52.37795606674974,63.05650011250264,208.3965949291044,29.79823455400146,-6.684878729539326,-30.1484547671497,-0.2067947517873155,0.2991644978045305,0.9315237698988608,5.232000827789307,-32.6011610294965,-6.513105615949944,-30.07057496250775,-0.1947048596026172,0.248605186102867,0.9488337468123086,4.789763927459717,-1.401463237747521,-6.598992172744636,-30.109514864828725,-0.2007498056949663,0.2738848419536988,0.9401787583555848,5.010882377624512,4.22440864422531,True,0.0,imu,0.8768920048000002,-9.6523917336,1.9523707392,-5.47299065,18.72914954,-1.58976995,81.83705800000001,-15.91211560000001,113.752808,1890.67,-8.57446,True,0.9774726967032022,0.2110619037149284,1887.466077169927,-9.035067853483252,-0.13162,True,0.3199999999999932
142.819,-0.913446,-0.000399543,1886.0,-8.63171,-0.000390126,-0.357799,-0.131875,2085.06,-9.09741e-05,-0.357722,8.72509,0.409153,-0.000390126,0.190689,0.000629969,-0.00256335,7.50602,-0.00159387,-0.913063,-0.000593866,7.50621,-0.131875,0.915436,-0.0155592,0.0,0.0,-0.495,0.0,7.0,-0.147068,-1.27259,0.0,1296.14,73.1132,0.0,0.0,0.0,0.0,58.3742,6.64935e-12,58.3742,0.0,0.0,0.0,0.0,1890.67,-8.57446,0.0,0.0,0.0,0.0,0.0,0.0,0.0,0.0,0.0,0.0,0.0,5303.71,-61.7625,0.0,0.0,0.0,0.0,0.0,0.0,0.0,0.0,0.0,0.0,0.0,6015.21,12.8502,0.0,0.0,0.0,0.0,0.0,0.0,0.0,0.0,0.0,999.0,999.0,1.0,12.716262966929447,gaze,0.6185744577558895,0.26966227220823,-52.37795606674974,63.05650011250264,208.3965949291044,29.79823455400146,-6.684878729539326,-30.1484547671497,-0.2067947517873155,0.2991644978045305,0.9315237698988608,5.232000827789307,-32.6011610294965,-6.513105615949944,-30.07057496250775,-0.1947048596026172,0.248605186102867,0.9488337468123086,4.789763927459717,-1.401463237747521,-6.598992172744636,-30.109514864828725,-0.2007498056949663,0.2738848419536988,0.9401787583555848,5.010882377624512,4.22440864422531,True,0.0,imu,0.8768920048000002,-9.6523917336,1.9523707392,-5.47299065,18.72914954,-1.58976995,81.83705800000001,-15.91211560000001,113.752808,1890.67,-8.57446,True,0.9774717573436094,0.2110662540426491,1887.496075374376,-9.03515451190474,-0.131875,True,0.30400000000000205
142.835,-1.31929,0.017653,1886.04,-8.6318,-0.000364408,-0.351923,-0.13213,2081.79,3.45208e-05,-0.351847,14.7199,0.339917,-0.000364408,1.42025,0.00266006,-0.00254487,7.49424,-0.00157184,-1.3191,0.0173761,7.49445,-0.13213,-1.23099,-0.0163263,0.364915,0.0,-0.495,0.0,7.0,-0.147068,-1.2623,0.0,1296.14,72.854,0.0,0.0,0.0,0.0,58.3026,6.69394e-12,58.3026,0.0,0.0,0.0,0.0,1890.67,-8.57446,0.0,0.0,0.0,0.0,0.0,0.0,0.0,0.0,0.0,0.0,0.0,5303.71,-61.7625,0.0,0.0,0.0,0.0,0.0,0.0,0.0,0.0,0.0,0.0,0.0,6015.21,12.8502,0.0,0.0,0.0,0.0,0.0,0.0,0.0,0.0,0.0,999.0,999.0,1.0,12.676487559257188,gaze,0.6185744577558895,0.26966227220823,-52.37795606674974,63.05650011250264,208.3965949291044,29.79823455400146,-6.684878729539326,-30.1484547671497,-0.2067947517873155,0.2991644978045305,0.9315237698988608,5.232000827789307,-32.6011610294965,-6.513105615949944,-30.07057496250775,-0.1947048596026172,0.248605186102867,0.9488337468123086,4.789763927459717,-1.401463237747521,-6.598992172744636,-30.109514864828725,-0.2007498056949663,0.2738848419536988,0.9401787583555848,5.010882377624512,4.22440864422531,True,0.0,imu,0.8768920048000002,-9.6523917336,1.9523707392,-5.47299065,18.72914954,-1.58976995,81.83705800000001,-15.91211560000001,113.752808,1890.67,-8.57446,True,0.977470817964655,0.211070604366189,1887.5360735787951,-9.035251170318237,-0.13213,True,0.2879999999999825
142.851,-1.61348,-0.00982485,1886.07,-8.63188,-0.000344067,-0.347291,-0.13238,2080.47,-0.000195418,-0.347216,20.4659,0.248068,-0.000344067,-0.228028,0.00142813,-0.00252378,7.48949,-0.0015852,-1.61355,-0.0101663,7.48969,-0.13238,1.68955,-0.0156193,0.0,0.0,-0.495,0.0,7.0,-0.147068,-1.25201,0.0,1296.14,72.5949,0.0,0.0,0.0,0.0,58.2309,6.73852e-12,58.2309,0.0,0.0,0.0,0.0,1890.67,-8.57446,0.0,0.0,0.0,0.0,0.0,0.0,0.0,0.0,0.0,0.0,0.0,5303.71,-61.7625,0.0,0.0,0.0,0.0,0.0,0.0,0.0,0.0,0.0,0.0,0.0,6015.21,12.8502,0.0,0.0,0.0,0.0,0.0,0.0,0.0,0.0,0.0,999.0,999.0,1.0,12.646655577440342,gaze,0.6185744577558895,0.26966227220823,-52.37795606674974,63.05650011250264,208.3965949291044,29.79823455400146,-6.684878729539326,-30.1484547671497,-0.2067947517873155,0.2991644978045305,0.9315237698988608,5.232000827789307,-32.6011610294965,-6.513105615949944,-30.07057496250775,-0.1947048596026172,0.248605186102867,0.9488337468123086,4.789763927459717,-1.401463237747521,-6.598992172744636,-30.109514864828725,-0.2007498056949663,0.2738848419536988,0.9401787583555848,5.010882377624512,4.22440864422531,True,0.0,imu,0.8768920048000002,-9.6523917336,1.9523707392,-5.47299065,18.72914954,-1.58976995,81.83705800000001,-15.91211560000001,113.752808,1890.67,-8.57446,True,0.9774698969861,0.2110748693852086,1887.566071818393,-9.035337698166844,-0.13238,True,0.27199999999999136
142.867,-1.79463,0.0126304,1886.1,-8.63197,-0.000319484,-0.344227,-0.132632,2078.82,0.000122306,-0.344151,23.8216,0.166278,-0.000319484,0.559032,0.00173675,-0.00250313,7.48357,-0.00160249,-1.79477,0.0122462,7.48376,-0.132632,-1.39281,-0.0156919,0.364915,0.0,-0.495,0.0,7.0,-0.147068,-1.24173,0.0,1296.14,72.3358,0.0,0.0,0.0,0.0,58.1593,6.78311e-12,58.1593,0.0,0.0,0.0,0.0,1890.67,-8.57446,0.0,0.0,0.0,0.0,0.0,0.0,0.0,0.0,0.0,0.0,0.0,5303.71,-61.7625,0.0,0.0,0.0,0.0,0.0,0.0,0.0,0.0,0.0,0.0,0.0,6015.21,12.8502,0.0,0.0,0.0,0.0,0.0,0.0,0.0,0.0,0.0,999.0,999.0,1.0,12.616823305448309,gaze,0.6185744577558895,0.26966227220823,-52.37795606674974,63.05650011250264,208.3965949291044,29.79823455400146,-6.684878729539326,-30.1484547671497,-0.2067947517873155,0.2991644978045305,0.9315237698988608,5.232000827789307,-32.6011610294965,-6.513105615949944,-30.07057496250775,-0.1947048596026172,0.248605186102867,0.9488337468123086,4.789763927459717,-1.401463237747521,-6.598992172744636,-30.109514864828725,-0.2007498056949663,0.2738848419536988,0.9401787583555848,5.010882377624512,4.22440864422531,True,0.0,imu,0.8768920048000002,-9.6523917336,1.9523707392,-5.47299065,18.72914954,-1.58976995,81.83705800000001,-15.91211560000001,113.752808,1890.67,-8.57446,True,0.9774689686208832,0.2110791685203135,1887.5960700438789,-9.03543427823047,-0.132632,True,0.2560000000000002
142.883,-1.76754,-0.00025319,1886.14,-8.63205,-0.000300583,-0.342036,-0.132881,2075.45,0.000210356,-0.341961,24.2781,0.126055,-0.000300583,0.313589,0.000957688,-0.00248384,7.47144,-0.00159165,-1.7677,-0.000629645,7.47162,-0.132881,0.630449,-0.0155072,0.364915,0.0,-0.495,0.0,7.0,-0.147068,-1.23188,0.0,1296.13,72.0827,0.0,0.0,0.0,0.0,58.0906,6.75372e-12,58.0906,0.0,0.0,0.0,0.0,1890.67,-8.57446,0.0,0.0,0.0,0.0,0.0,0.0,0.0,0.0,0.0,0.0,0.0,5303.71,-61.7625,0.0,0.0,0.0,0.0,0.0,0.0,0.0,0.0,0.0,0.0,0.0,6015.21,12.8502,0.0,0.0,0.0,0.0,0.0,0.0,0.0,0.0,0.0,999.0,999.0,1.0,12.57705254829202,gaze,0.6185744577558895,0.26966227220823,-52.37795606674974,63.05650011250264,208.3965949291044,29.79823455400146,-6.684878729539326,-30.1484547671497,-0.2067947517873155,0.2991644978045305,0.9315237698988608,5.232000827789307,-32.6011610294965,-6.513105615949944,-30.07057496250775,-0.1947048596026172,0.248605186102867,0.9488337468123086,4.789763927459717,-1.401463237747521,-6.598992172744636,-30.109514864828725,-0.2007498056949663,0.2738848419536988,0.9401787583555848,5.010882377624512,4.22440864422531,True,0.0,imu,0.8768920048000002,-9.6523917336,1.9523707392,-5.47299065,18.72914954,-1.58976995,81.83705800000001,-15.91211560000001,113.752808,1890.67,-8.57446,True,0.9774680512890608,0.211083416471228,1887.6360682904617,-9.035520779952336,-0.132881,True,0.23999999999998067
142.899,-1.36693,0.000817823,1886.17,-8.63213,-0.000275232,-0.340543,-0.133132,2073.91,-0.000539583,-0.340469,18.5578,0.0678598,-0.000275232,-0.435948,0.00154732,-0.00246686,7.46592,-0.00160421,-1.36714,0.000524214,7.46608,-0.133132,-2.56237,-0.0161868,0.0,0.0,-0.495,0.0,7.0,-0.147068,-1.22209,0.0,1296.13,71.8303,0.0,0.0,0.0,0.0,58.0224,6.7159e-12,58.0224,0.0,0.0,0.0,0.0,1890.67,-8.57446,0.0,0.0,0.0,0.0,0.0,0.0,0.0,0.0,0.0,0.0,0.0,5303.71,-61.7625,0.0,0.0,0.0,0.0,0.0,0.0,0.0,0.0,0.0,0.0,0.0,6015.21,12.8502,0.0,0.0,0.0,0.0,0.0,0.0,0.0,0.0,0.0,999.0,999.0,1.0,12.547223250460618,gaze,0.6185744577558895,0.26966227220823,-52.37795606674974,63.05650011250264,208.3965949291044,29.79823455400146,-6.684878729539326,-30.1484547671497,-0.2067947517873155,0.2991644978045305,0.9315237698988608,5.232000827789307,-32.6011610294965,-6.513105615949944,-30.07057496250775,-0.1947048596026172,0.248605186102867,0.9488337468123086,4.789763927459717,-1.401463237747521,-6.598992172744636,-30.109514864828725,-0.2007498056949663,0.2738848419536988,0.9401787583555848,5.010882377624512,4.22440864422531,True,0.0,imu,0.8768920048000002,-9.6523917336,1.9523707392,-5.47299065,18.72914954,-1.58976995,81.83705800000001,-15.91211560000001,113.752808,1890.67,-8.57446,True,0.9774671265704274,0.2110876985381954,1887.666066522932,-9.03560733388916,-0.133132,True,0.22399999999998954
142.915,-1.38256,0.00122397,1886.2,-8.63222,-0.000258618,-0.339825,-0.133378,2071.72,0.000106162,-0.339751,19.8432,0.0324088,-0.000258618,-0.547565,0.00084766,-0.00245513,7.45803,-0.00152101,-1.38275,0.000942089,7.45818,-0.133378,-1.73692,-0.0157545,0.0,0.0,-0.495,0.0,7.0,-0.147068,-1.2123,0.0,1296.13,71.5779,0.0,0.0,0.0,0.0,57.9541,6.67809e-12,57.9541,0.0,0.0,0.0,0.0,1890.67,-8.57446,0.0,0.0,0.0,0.0,0.0,0.0,0.0,0.0,0.0,0.0,0.0,5303.71,-61.7625,0.0,0.0,0.0,0.0,0.0,0.0,0.0,0.0,0.0,0.0,0.0,6015.21,12.8502,0.0,0.0,0.0,0.0,0.0,0.0,0.0,0.0,0.0,999.0,999.0,1.0,12.517393673141394,gaze,0.6185744577558895,0.26966227220823,-52.37795606674974,63.05650011250264,208.3965949291044,29.79823455400146,-6.684878729539326,-30.1484547671497,-0.2067947517873155,0.2991644978045305,0.9315237698988608,5.232000827789307,-32.6011610294965,-6.513105615949944,-30.07057496250775,-0.1947048596026172,0.248605186102867,0.9488337468123086,4.789763927459717,-1.401463237747521,-6.598992172744636,-30.109514864828725,-0.2007498056949663,0.2738848419536988,0.9401787583555848,5.010882377624512,4.22440864422531,True,0.0,imu,0.8768920048000002,-9.6523917336,1.9523707392,-5.47299065,18.72914954,-1.58976995,81.83705800000001,-15.91211560000001,113.752808,1890.67,-8.57446,True,0.977466220254282,0.2110918953010931,1887.696064790584,-9.035703757261958,-0.133378,True,0.2079999999999984
142.931,-1.56457,0.0271834,1886.24,-8.6323,-0.000241877,-0.339364,-0.133629,2065.59,-3.86233e-05,-0.33929,21.8975,0.0603989,-0.000241877,2.6595,0.00261274,-0.00244534,7.43598,-0.00156161,-1.56455,0.0268548,7.43612,-0.133629,2.07586,-0.0153944,1.00256,0.0,-0.495,0.0,7.0,-0.147068,-1.20242,0.0,1296.13,71.3192,0.0,0.0,0.0,0.0,57.8852,4.77086e-12,57.8852,0.0,0.0,0.0,0.0,1890.67,-8.57446,0.0,0.0,0.0,0.0,0.0,0.0,0.0,0.0,0.0,0.0,0.0,5303.71,-61.7625,0.0,0.0,0.0,0.0,0.0,0.0,0.0,0.0,0.0,0.0,0.0,6015.21,12.8502,0.0,0.0,0.0,0.0,0.0,0.0,0.0,0.0,0.0,999.0,999.0,1.0,12.47762657279024,gaze,0.6185744577558895,0.26966227220823,-52.37795606674974,63.05650011250264,208.3965949291044,29.79823455400146,-6.684878729539326,-30.1484547671497,-0.2067947517873155,0.2991644978045305,0.9315237698988608,5.232000827789307,-32.6011610294965,-6.513105615949944,-30.07057496250775,-0.1947048596026172,0.248605186102867,0.9488337468123086,4.789763927459717,-1.401463237747521,-6.598992172744636,-30.109514864828725,-0.2007498056949663,0.2738848419536988,0.9401787583555848,5.010882377624512,4.22440864422531,True,0.0,imu,0.8768920048000002,-9.6523917336,1.9523707392,-5.47299065,18.72914954,-1.58976995,81.83705800000001,-15.91211560000001,113.752808,1890.67,-8.57446,True,0.9774652954985048,0.2110961773600391,1887.7360630229975,-9.035790311183447,-0.133629,True,0.19199999999997885
142.947,-1.55423,0.000445308,1886.27,-8.63239,-0.000220871,-0.337816,-0.133881,2056.78,-0.000318772,-0.337743,21.6372,0.136279,-0.000220871,-0.314616,0.000614722,-0.00243542,7.40427,-0.00155371,-1.55415,0.00011912,7.40441,-0.133881,-1.74441,-0.0161266,1.00256,0.0,-0.495,0.0,7.0,-0.147068,-1.19251,0.0,1296.13,71.058,0.0,0.0,0.0,0.0,57.816,2.10473e-12,57.816,0.0,0.0,0.0,0.0,1890.67,-8.57446,0.0,0.0,0.0,0.0,0.0,0.0,0.0,0.0,0.0,0.0,0.0,5303.71,-61.7625,0.0,0.0,0.0,0.0,0.0,0.0,0.0,0.0,0.0,0.0,0.0,6015.21,12.8502,0.0,0.0,0.0,0.0,0.0,0.0,0.0,0.0,0.0,999.0,999.0,1.0,12.447798921580544,gaze,0.6185744577558895,0.26966227220823,-52.37795606674974,63.05650011250264,208.3965949291044,29.79823455400146,-6.684878729539326,-30.1484547671497,-0.2067947517873155,0.2991644978045305,0.9315237698988608,5.232000827789307,-32.6011610294965,-6.513105615949944,-30.07057496250775,-0.1947048596026172,0.248605186102867,0.9488337468123086,4.789763927459717,-1.401463237747521,-6.598992172744636,-30.109514864828725,-0.2007498056949663,0.2738848419536988,0.9401787583555848,5.010882377624512,4.22440864422531,True,0.0,imu,0.8768920048000002,-9.6523917336,1.9523707392,-5.47299065,18.72914954,-1.58976995,81.83705800000001,-15.91211560000001,113.752808,1890.67,-8.57446,True,0.9774643670395704,0.2111004764749053,1887.76606124834,-9.035886891208389,-0.133881,True,0.17599999999998772
142.963,-1.98765,-0.0274123,1886.3,-8.63247,-0.000210057,-0.335098,-0.134129,2046.88,-7.55337e-05,-0.335025,26.6463,0.215818,-0.000210057,-2.13755,0.000248278,-0.002425,7.36861,-0.00157062,-1.98727,-0.0278361,7.36876,-0.134129,1.7864,-0.0149598,1.64021,0.0,-0.495,0.0,7.0,-0.147068,-1.18261,0.0,1296.13,70.7968,0.0,0.0,0.0,0.0,57.7469,-5.61406e-13,57.7469,0.0,0.0,0.0,0.0,1890.67,-8.57446,0.0,0.0,0.0,0.0,0.0,0.0,0.0,0.0,0.0,0.0,0.0,5303.71,-61.7625,0.0,0.0,0.0,0.0,0.0,0.0,0.0,0.0,0.0,0.0,0.0,6015.21,12.8502,0.0,0.0,0.0,0.0,0.0,0.0,0.0,0.0,0.0,999.0,999.0,1.0,12.417973205837676,gaze,0.6185744577558895,0.26966227220823,-52.37795606674974,63.05650011250264,208.3965949291044,29.79823455400146,-6.684878729539326,-30.1484547671497,-0.2067947517873155,0.2991644978045305,0.9315237698988608,5.232000827789307,-32.6011610294965,-6.513105615949944,-30.07057496250775,-0.1947048596026172,0.248605186102867,0.9488337468123086,4.789763927459717,-1.401463237747521,-6.598992172744636,-30.109514864828725,-0.2007498056949663,0.2738848419536988,0.9401787583555848,5.010882377624512,4.22440864422531,True,0.0,imu,0.8768920048000002,-9.6523917336,1.9523707392,-5.47299065,18.72914954,-1.58976995,81.83705800000001,-15.91211560000001,113.752808,1890.67,-8.57446,True,0.9774634532996188,0.2111047073458662,1887.7960595018235,-9.035973366780867,-0.134129,True,0.1599999999999966
142.979,-2.48352,0.00106582,1886.33,-8.63255,-0.000212364,-0.330669,-0.134373,2032.55,-7.19706e-05,-0.330597,34.2395,0.33954,-0.000212364,0.240744,-0.000115488,-0.00240931,7.317,-0.00150892,-2.48324,0.000553519,7.31717,-0.134373,0.253096,-0.0152044,1.64021,0.0,-0.495,0.0,7.0,-0.147068,-1.17295,0.0,1296.13,70.539,0.0,0.0,0.0,0.0,57.6796,-3.81826e-13,57.6796,0.0,0.0,0.0,0.0,1890.67,-8.57446,0.0,0.0,0.0,0.0,0.0,0.0,0.0,0.0,0.0,0.0,0.0,5303.71,-61.7625,0.0,0.0,0.0,0.0,0.0,0.0,0.0,0.0,0.0,0.0,0.0,6015.21,12.8502,0.0,0.0,0.0,0.0,0.0,0.0,0.0,0.0,0.0,999.0,999.0,1.0,12.388148332277227,gaze,0.6185744577558895,0.26966227220823,-52.37795606674974,63.05650011250264,208.3965949291044,29.79823455400146,-6.684878729539326,-30.1484547671497,-0.2067947517873155,0.2991644978045305,0.9315237698988608,5.232000827789307,-32.6011610294965,-6.513105615949944,-30.07057496250775,-0.1947048596026172,0.248605186102867,0.9488337468123086,4.789763927459717,-1.401463237747521,-6.598992172744636,-30.109514864828725,-0.2007498056949663,0.2738848419536988,0.9401787583555848,5.010882377624512,4.22440864422531,True,0.0,imu,0.8768920048000002,-9.6523917336,1.9523707392,-5.47299065,18.72914954,-1.58976995,81.83705800000001,-15.91211560000001,113.752808,1890.67,-8.57446,True,0.9774625542795364,0.211108869973113,1887.8260577834487,-9.036059737901253,-0.134373,True,0.14399999999997704
142.995,-2.7849,0.00448337,1886.37,-8.63264,-0.000216934,-0.324557,-0.134617,2019.95,2.59357e-05,-0.324485,38.3392,0.414318,-0.000216934,0.564565,-0.000575617,-0.00238962,7.27167,-0.00150792,-2.78474,0.00390576,7.27184,-0.134617,0.387949,-0.0152265,1.00256,0.0,-0.504,0.0,7.0,-0.147068,-1.16344,0.0,1296.12,70.2831,0.0,0.0,0.0,0.0,57.6133,1.39735e-12,57.6133,0.0,0.0,0.0,0.0,1890.67,-8.57446,0.0,0.0,0.0,0.0,0.0,0.0,0.0,0.0,0.0,0.0,0.0,5303.71,-61.7625,0.0,0.0,0.0,0.0,0.0,0.0,0.0,0.0,0.0,0.0,0.0,6015.21,12.8502,0.0,0.0,0.0,0.0,0.0,0.0,0.0,0.0,0.0,999.0,999.0,1.0,12.348385005724593,gaze,0.6185744577558895,0.26966227220823,-52.37795606674974,63.05650011250264,208.3965949291044,29.79823455400146,-6.684878729539326,-30.1484547671497,-0.2067947517873155,0.2991644978045305,0.9315237698988608,5.232000827789307,-32.6011610294965,-6.513105615949944,-30.07057496250775,-0.1947048596026172,0.248605186102867,0.9488337468123086,4.789763927459717,-1.401463237747521,-6.598992172744636,-30.109514864828725,-0.2007498056949663,0.2738848419536988,0.9401787583555848,5.010882377624512,4.22440864422531,True,0.0,imu,0.8768920048000002,-9.6523917336,1.9523707392,-5.47299065,18.72914954,-1.58976995,81.83705800000001,-15.91211560000001,113.752808,1890.67,-8.57446,True,0.9774616552417266,0.2111130325965311,1887.866056065048,-9.03615610901432,-0.134617,True,0.1279999999999859
143.011,-3.60362,0.00893011,1886.4,-8.63272,-0.000218054,-0.318152,-0.134863,2009.74,-2.39828e-05,-0.31808,44.3592,0.41884,-0.000218054,0.613797,0.00010877,-0.00236694,7.23491,-0.00152188,-3.60244,0.00817149,7.23509,-0.134863,-0.461383,-0.0153523,3.55316,0.0,-0.504,0.0,7.0,-0.147068,-1.15393,0.0,1296.12,70.0273,0.0,0.0,0.0,0.0,57.547,3.17652e-12,57.547,0.0,0.0,0.0,0.0,1890.67,-8.57446,0.0,0.0,0.0,0.0,0.0,0.0,0.0,0.0,0.0,0.0,0.0,5303.71,-61.7625,0.0,0.0,0.0,0.0,0.0,0.0,0.0,0.0,0.0,0.0,0.0,6015.21,12.8502,0.0,0.0,0.0,0.0,0.0,0.0,0.0,0.0,0.0,999.0,999.0,1.0,12.318562125443012,gaze,0.6185744577558895,0.26966227220823,-52.37795606674974,63.05650011250264,208.3965949291044,29.79823455400146,-6.684878729539326,-30.1484547671497,-0.2067947517873155,0.2991644978045305,0.9315237698988608,5.232000827789307,-32.6011610294965,-6.513105615949944,-30.07057496250775,-0.1947048596026172,0.248605186102867,0.9488337468123086,4.789763927459717,-1.401463237747521,-6.598992172744636,-30.109514864828725,-0.2007498056949663,0.2738848419536988,0.9401787583555848,5.010882377624512,4.22440864422531,True,0.0,imu,0.8768920048000002,-9.6523917336,1.9523707392,-5.47299065,18.72914954,-1.58976995,81.83705800000001,-15.91211560000001,113.752808,1890.67,-8.57446,True,0.977460748816809,0.2111172293359374,1887.8960543325336,-9.036242532342216,-0.134863,True,0.11199999999999477
143.027,-3.78534,-0.0108846,1886.43,-8.6328,-0.000200787,-0.309738,-0.135109,1986.36,0.000269612,-0.309668,51.338,0.590921,-0.000200787,-0.792286,0.00115688,-0.00233077,7.15073,-0.00156118,-3.78531,-0.0117111,7.15091,-0.135109,-0.19019,-0.0154617,1.64021,0.0,-0.495,6.0,7.0,-0.147068,-1.14465,0.0,1296.12,69.7746,0.0,0.0,0.0,0.0,57.4823,3.0457e-12,57.4823,0.0,0.0,0.0,0.0,1890.67,-8.57446,0.0,0.0,0.0,0.0,0.0,0.0,0.0,0.0,0.0,0.0,0.0,5303.71,-61.7625,0.0,0.0,0.0,0.0,0.0,0.0,0.0,0.0,0.0,0.0,0.0,6015.21,12.8502,0.0,0.0,0.0,0.0,0.0,0.0,0.0,0.0,0.0,999.0,999.0,1.0,12.288740107919924,gaze,0.6185744577558895,0.26966227220823,-52.37795606674974,63.05650011250264,208.3965949291044,29.79823455400146,-6.684878729539326,-30.1484547671497,-0.2067947517873155,0.2991644978045305,0.9315237698988608,5.232000827789307,-32.6011610294965,-6.513105615949944,-30.07057496250775,-0.1947048596026172,0.248605186102867,0.9488337468123086,4.789763927459717,-1.401463237747521,-6.598992172744636,-30.109514864828725,-0.2007498056949663,0.2738848419536988,0.9401787583555848,5.010882377624512,4.22440864422531,True,0.0,imu,0.8768920048000002,-9.6523917336,1.9523707392,-5.47299065,18.72914954,-1.58976995,81.83705800000001,-15.91211560000001,113.752808,1890.67,-8.57446,True,0.977459842373873,0.211121426071452,1887.926052599992,-9.036328955662672,-0.135109,True,0.09600000000000364
143.043,-3.75525,0.0136663,1886.46,-8.63288,-0.00018023,-0.300387,-0.135346,1973.26,-2.48565e-05,-0.300318,49.6727,0.586353,-0.00018023,0.821702,0.00109194,-0.00229682,7.10356,-0.00146885,-3.75521,0.0128898,7.10374,-0.135346,-0.810842,-0.0149063,1.00256,0.0,-0.495,0.0,7.0,-0.147068,-1.13558,0.0,1296.12,69.5248,0.0,0.0,0.0,0.0,57.419,1.15139e-12,57.419,0.0,0.0,0.0,0.0,1890.67,-8.57446,0.0,0.0,0.0,0.0,0.0,0.0,0.0,0.0,0.0,0.0,0.0,5303.71,-61.7625,0.0,0.0,0.0,0.0,0.0,0.0,0.0,0.0,0.0,0.0,0.0,6015.21,12.8502,0.0,0.0,0.0,0.0,0.0,0.0,0.0,0.0,0.0,999.0,999.0,1.0,12.258918959451538,gaze,0.6185744577558895,0.26966227220823,-52.37795606674974,63.05650011250264,208.3965949291044,29.79823455400146,-6.684878729539326,-30.1484547671497,-0.2067947517873155,0.2991644978045305,0.9315237698988608,5.232000827789307,-32.6011610294965,-6.513105615949944,-30.07057496250775,-0.1947048596026172,0.248605186102867,0.9488337468123086,4.789763927459717,-1.401463237747521,-6.598992172744636,-30.109514864828725,-0.2007498056949663,0.2738848419536988,0.9401787583555848,5.010882377624512,4.22440864422531,True,0.0,imu,0.8768920048000002,-9.6523917336,1.9523707392,-5.47299065,18.72914954,-1.58976995,81.83705800000001,-15.91211560000001,113.752808,1890.67,-8.57446,True,0.9774589690764413,0.2111254692641815,1887.9560509308092,-9.036415143976567,-0.135346,True,0.07999999999998408
143.059,-3.36411,0.0321565,1886.49,-8.63296,-0.000192424,-0.292337,-0.135577,1969.53,8.22375e-05,-0.292269,43.4195,0.426579,-0.000192424,2.2828,-0.000761974,-0.00226467,7.09014,-0.00141188,-3.36418,0.0314866,7.0903,-0.135577,-1.58322,-0.0148814,0.0,0.0,-0.495,0.0,7.0,-0.147068,-1.12651,0.0,1296.12,69.2751,0.0,0.0,0.0,0.0,57.3558,-7.42921e-13,57.3558,0.0,0.0,0.0,0.0,1890.67,-8.57446,0.0,0.0,0.0,0.0,0.0,0.0,0.0,0.0,0.0,0.0,0.0,5303.71,-61.7625,0.0,0.0,0.0,0.0,0.0,0.0,0.0,0.0,0.0,0.0,0.0,6015.21,12.8502,0.0,0.0,0.0,0.0,0.0,0.0,0.0,0.0,0.0,999.0,999.0,1.0,12.229098686395538,gaze,0.6185744577558895,0.26966227220823,-52.37795606674974,63.05650011250264,208.3965949291044,29.79823455400146,-6.684878729539326,-30.1484547671497,-0.2067947517873155,0.2991644978045305,0.9315237698988608,5.232000827789307,-32.6011610294965,-6.513105615949944,-30.07057496250775,-0.1947048596026172,0.248605186102867,0.9488337468123086,4.789763927459717,-1.401463237747521,-6.598992172744636,-30.109514864828725,-0.2007498056949663,0.2738848419536988,0.9401787583555848,5.010882377624512,4.22440864422531,True,0.0,imu,0.8768920048000002,-9.6523917336,1.9523707392,-5.47299065,18.72914954,-1.58976995,81.83705800000001,-15.91211560000001,113.752808,1890.67,-8.57446,True,0.9774581178717104,0.211129410094125,1887.9860493038605,-9.03650117561764,-0.135577,True,0.06399999999999295
143.075,-4.26236,-0.0264254,1886.52,-8.63304,-0.000209759,-0.285663,-0.135814,1952.88,-8.88391e-05,-0.285596,57.1995,0.441193,-0.000209759,-1.88974,-0.000961127,-0.00222742,7.03021,-0.00144147,-4.26247,-0.0272993,7.03037,-0.135814,0.807862,-0.0147371,1.64021,0.0,-0.495,0.0,7.0,-0.147068,-1.11746,0.0,1296.12,69.0239,0.0,0.0,0.0,0.0,57.2926,-1.32693e-12,57.2926,0.0,0.0,0.0,0.0,1890.67,-8.57446,0.0,0.0,0.0,0.0,0.0,0.0,0.0,0.0,0.0,0.0,0.0,5303.71,-61.7625,0.0,0.0,0.0,0.0,0.0,0.0,0.0,0.0,0.0,0.0,0.0,6015.21,12.8502,0.0,0.0,0.0,0.0,0.0,0.0,0.0,0.0,0.0,999.0,999.0,1.0,12.19927929517157,gaze,0.6185744577558895,0.26966227220823,-52.37795606674974,63.05650011250264,208.3965949291044,29.79823455400146,-6.684878729539326,-30.1484547671497,-0.2067947517873155,0.2991644978045305,0.9315237698988608,5.232000827789307,-32.6011610294965,-6.513105615949944,-30.07057496250775,-0.1947048596026172,0.248605186102867,0.9488337468123086,4.789763927459717,-1.401463237747521,-6.598992172744636,-30.109514864828725,-0.2007498056949663,0.2738848419536988,0.9401787583555848,5.010882377624512,4.22440864422531,True,0.0,imu,0.8768920048000002,-9.6523917336,1.9523707392,-5.47299065,18.72914954,-1.58976995,81.83705800000001,-15.91211560000001,113.752808,1890.67,-8.57446,True,0.9774572445412536,0.2111334532797211,1888.0160476346275,-9.0365873639179,-0.135814,True,0.04800000000000182
143.091,-4.06581,-0.00555804,1886.56,-8.63312,-0.000208178,-0.279208,-0.136049,1942.65,-5.72814e-05,-0.279142,54.317,0.381257,-0.000208178,-0.229002,0.000484897,-0.00219429,6.99341,-0.00147964,-4.06589,-0.00641827,6.99355,-0.136049,1.06257,-0.0143975,1.00256,0.0,-0.495,0.0,7.0,-0.147068,-1.10842,0.0,1296.12,68.7696,0.0,0.0,0.0,0.0,57.2296,7.34702e-13,57.2296,0.0,0.0,0.0,0.0,1890.67,-8.57446,0.0,0.0,0.0,0.0,0.0,0.0,0.0,0.0,0.0,0.0,0.0,5303.71,-61.7625,0.0,0.0,0.0,0.0,0.0,0.0,0.0,0.0,0.0,0.0,0.0,6015.21,12.8502,0.0,0.0,0.0,0.0,0.0,0.0,0.0,0.0,0.0,999.0,999.0,1.0,12.15952449622939,gaze,0.6185744577558895,0.26966227220823,-52.37795606674974,63.05650011250264,208.3965949291044,29.79823455400146,-6.684878729539326,-30.1484547671497,-0.2067947517873155,0.2991644978045305,0.9315237698988608,5.232000827789307,-32.6011610294965,-6.513105615949944,-30.07057496250775,-0.1947048596026172,0.248605186102867,0.9488337468123086,4.789763927459717,-1.401463237747521,-6.598992172744636,-30.109514864828725,-0.2007498056949663,0.2738848419536988,0.9401787583555848,5.010882377624512,4.22440864422531,True,0.0,imu,0.8768920048000002,-9.6523917336,1.9523707392,-5.47299065,18.72914954,-1.58976995,81.83705800000001,-15.91211560000001,113.752808,1890.67,-8.57446,True,0.9774563785641605,0.2111374623420407,1888.056045979456,-9.036673499989398,-0.136049,True,0.031999999999982265
143.107,-4.14863,0.017671,1886.59,-8.6332,-0.000202575,-0.274103,-0.136282,1934.15,-8.11905e-05,-0.274038,55.6459,0.292651,-0.000202575,1.2922,-0.000263948,-0.00216511,6.96282,-0.0014021,-4.14876,0.0168356,6.96295,-0.136282,0.544023,-0.014366,1.00256,0.0,-0.495,0.0,7.0,-0.147068,-1.09938,0.0,1296.12,68.5153,0.0,0.0,0.0,0.0,57.1665,2.79634e-12,57.1665,0.0,0.0,0.0,0.0,1890.67,-8.57446,0.0,0.0,0.0,0.0,0.0,0.0,0.0,0.0,0.0,0.0,0.0,5303.71,-61.7625,0.0,0.0,0.0,0.0,0.0,0.0,0.0,0.0,0.0,0.0,0.0,6015.21,12.8502,0.0,0.0,0.0,0.0,0.0,0.0,0.0,0.0,0.0,999.0,999.0,1.0,12.129707195147096,gaze,0.6185744577558895,0.26966227220823,-52.37795606674974,63.05650011250264,208.3965949291044,29.79823455400146,-6.684878729539326,-30.1484547671497,-0.2067947517873155,0.2991644978045305,0.9315237698988608,5.232000827789307,-32.6011610294965,-6.513105615949944,-30.07057496250775,-0.1947048596026172,0.248605186102867,0.9488337468123086,4.789763927459717,-1.401463237747521,-6.598992172744636,-30.109514864828725,-0.2007498056949663,0.2738848419536988,0.9401787583555848,5.010882377624512,4.22440864422531,True,0.0,imu,0.8768920048000002,-9.6523917336,1.9523707392,-5.47299065,18.72914954,-1.58976995,81.83705800000001,-15.91211560000001,113.752808,1890.67,-8.57446,True,0.9774555199408512,0.2111414372811743,1888.0860443383456,-9.03675958383231,-0.136282,True,0.015999999999991132
143.123,-5.33883,0.0109521,1886.62,-8.63328,-0.000203109,-0.269785,-0.136516,1915.98,-0.000141449,-0.269721,68.7245,0.340372,-0.000203109,1.34417,0.000725177,-0.00213565,6.89741,-0.00143182,-5.33814,0.00984341,6.89754,-0.136516,1.1393,-0.0144098,4.82846,0.0,-0.495,0.0,7.0,-0.147068,-1.09036,0.0,1296.11,68.2604,0.0,0.0,0.0,0.0,57.1036,3.55787e-12,57.1036,0.0,0.0,0.0,0.0,1890.67,-8.57446,0.0,0.0,0.0,0.0,0.0,0.0,0.0,0.0,0.0,0.0,0.0,5303.71,-61.7625,0.0,0.0,0.0,0.0,0.0,0.0,0.0,0.0,0.0,0.0,0.0,6015.21,12.8502,0.0,0.0,0.0,0.0,0.0,0.0,0.0,0.0,0.0,999.0,999.0,1.0,12.099890797788378,gaze,0.6185744577558895,0.26966227220823,-52.37795606674974,63.05650011250264,208.3965949291044,29.79823455400146,-6.684878729539326,-30.1484547671497,-0.2067947517873155,0.2991644978045305,0.9315237698988608,5.232000827789307,-32.6011610294965,-6.513105615949944,-30.07057496250775,-0.1947048596026172,0.248605186102867,0.9488337468123086,4.789763927459717,-1.401463237747521,-6.598992172744636,-30.109514864828725,-0.2007498056949663,0.2738848419536988,0.9401787583555848,5.010882377624512,4.22440864422531,True,0.0,imu,0.8768920048000002,-9.6523917336,1.9523707392,-5.47299065,18.72914954,-1.58976995,81.83705800000001,-15.91211560000001,113.752808,1890.67,-8.57446,True,0.9774546576161948,0.2111454292766182,1888.116042690168,-9.036845693779416,-0.136516,True,0.0
